CombID,Idx1,Idx2,Idx3,TripleProduct,MeanDis_km,Converged
1,1,2,3,4.59164547201809e-08,0,0
2,1,2,4,6.5290224003894e-09,0,0
3,1,2,5,1.02649669311546e-06,0,0
4,1,2,6,1.03221476436654e-06,0,0
5,1,2,7,1.04128162879929e-06,0,0
6,1,2,8,1.04962948569147e-06,0,0
7,1,2,9,2.22539421417538e-05,41.311151266322,1
8,1,2,10,2.31043164456149e-05,41.3111512651716,1
9,1,2,11,6.28317537052251e-06,0,0
10,1,2,12,6.30934801187574e-06,0,0
11,1,2,13,6.32649618678574e-06,0,0
12,1,2,14,6.34508933332507e-06,0,0
13,1,2,15,3.22376691430769e-05,41.3111512659957,1
14,1,2,16,3.23019153691097e-05,41.3111512660635,1
15,1,2,17,3.23561823871148e-05,41.3111512662601,1
16,1,2,18,3.24158129520018e-05,41.3111512662715,1
17,1,2,19,0.000269305093665318,41.3111512660126,1
18,1,2,20,0.000271815456244724,41.3111512660955,1
19,1,2,21,0.000274252741616186,41.3111512663444,1
20,1,2,22,0.000276592651375775,41.3111512664247,1
21,1,2,23,0.000303230556573858,41.3111512663287,1
22,1,2,24,0.000304835077708333,41.3111512661971,1
23,1,2,25,0.000306305792045145,41.3111512660586,1
24,1,2,26,0.000307875116184072,41.3111512660109,1
25,1,2,27,0.000767596370655897,41.3111512667077,1
26,1,2,28,0.000768748352349184,41.3111512668908,1
27,1,2,29,0.000769896985493568,41.3111512669179,1
28,1,2,30,0.000771037643047902,41.3111512668914,1
29,1,2,31,0.000772169972743555,41.3111512670273,1
30,1,2,32,0.000773319236001942,41.3111512669021,1
31,1,2,33,0.000774558159354885,41.3111512669827,1
32,1,2,34,0.00071933023918043,41.3111512662675,1
33,1,2,35,0.00071875595333222,41.3111512663837,1
34,1,2,36,0.000718127414028449,41.3111512664307,1
35,1,2,37,0.000717499244121213,41.3111512664857,1
36,1,2,38,0.000716870950588512,41.3111512664819,1
37,1,2,39,0.000716239515908039,41.3111512663748,1
38,1,2,40,0.000715669449040078,41.3111512661308,1
39,1,3,4,1.24458050606614e-07,0,0
40,1,3,5,2.666553074722e-06,0,0
41,1,3,6,2.68006613642633e-06,0,0
42,1,3,7,2.70024616899438e-06,0,0
43,1,3,8,2.71925243921459e-06,0,0
44,1,3,9,4.57816678119472e-05,41.311151266218,1
45,1,3,10,4.75266003515168e-05,41.3111512659831,1
46,1,3,11,1.38465117836351e-05,0,0
47,1,3,12,1.39003830174861e-05,0,0
48,1,3,13,1.39362650434733e-05,0,0
49,1,3,14,1.39749912230099e-05,0,0
50,1,3,15,6.67426963260088e-05,41.3111512663923,1
51,1,3,16,6.68723127123603e-05,41.3111512663055,1
52,1,3,17,6.69819346002997e-05,41.3111512663719,1
53,1,3,18,6.71022507381007e-05,41.311151266246,1
54,1,3,19,0.000536926899277453,41.3111512662096,1
55,1,3,20,0.000541958436125194,41.3111512661974,1
56,1,3,21,0.000546846405806498,41.3111512661182,1
57,1,3,22,0.000551542468477717,41.3111512661145,1
58,1,3,23,0.000605318406465792,41.31115126631,1
59,1,3,24,0.000608586955089821,41.3111512662768,1
60,1,3,25,0.000611587877741345,41.3111512661386,1
61,1,3,26,0.000614795532862956,41.3111512661105,1
62,1,3,27,0.00154263458238261,41.3111512663087,1
63,1,3,28,0.00154496086381997,41.3111512663806,1
64,1,3,29,0.00154728095861687,41.3111512663838,1
65,1,3,30,0.00154958528191067,41.3111512662173,1
66,1,3,31,0.00155187329437824,41.3111512661973,1
67,1,3,32,0.00155419620454442,41.3111512663351,1
68,1,3,33,0.00155670098157977,41.3111512661593,1
69,1,3,34,0.00144522685471521,41.3111512659998,1
70,1,3,35,0.00144408042361466,41.3111512661228,1
71,1,3,36,0.00144282566598037,41.3111512658594,1
72,1,3,37,0.00144157178477625,41.3111512660989,1
73,1,3,38,0.00144031764314533,41.3111512661583,1
74,1,3,39,0.00143905719874967,41.3111512661208,1
75,1,3,40,0.00143791929085068,41.311151266282,1
76,1,4,5,3.16151939474684e-06,0,0
77,1,4,6,3.17893988351287e-06,0,0
78,1,4,7,3.20638538567266e-06,0,0
79,1,4,8,3.23171509300025e-06,0,0
80,1,4,9,6.68298937851618e-05,41.3111512662189,1
81,1,4,10,6.93829792203691e-05,41.311151266162,1
82,1,4,11,1.89996363863989e-05,0,0
83,1,4,12,1.90782383263049e-05,0,0
84,1,4,13,1.91298212062672e-05,0,0
85,1,4,14,1.91857251492489e-05,0,0
86,1,4,15,9.68716344526589e-05,41.3111512662511,1
87,1,4,16,9.7064206557679e-05,41.3111512663425,1
88,1,4,17,9.72268866051866e-05,41.3111512661998,1
89,1,4,18,9.74056253747893e-05,41.3111512663445,1
90,1,4,19,0.000806307781258814,41.3111512662685,1
91,1,4,20,0.00081382765298757,41.3111512658508,1
92,1,4,21,0.000821129032235791,41.3111512652988,1
93,1,4,22,0.000828139183773152,41.3111512656177,1
94,1,4,23,0.000907988686075972,41.3111512663745,1
95,1,4,24,0.000912802559470242,41.3111512660637,1
96,1,4,25,0.000917215690488447,41.3111512660614,1
97,1,4,26,0.000921925502614843,41.3111512662428,1
98,1,4,27,0.00229994768393828,41.311151266,1
99,1,4,28,0.0023034009501031,41.3111512659381,1
100,1,4,29,0.00230684426021655,41.3111512660013,1
101,1,4,30,0.00231026370962698,41.3111512659153,1
102,1,4,31,0.00231365826681064,41.3111512661163,1
103,1,4,32,0.00231710368519601,41.3111512661842,1
104,1,4,33,0.0023208179904874,41.3111512661219,1
105,1,4,34,0.00215527000988563,41.3111512660528,1
106,1,4,35,0.0021535503742566,41.3111512659844,1
107,1,4,36,0.00215166827953252,41.3111512660676,1
108,1,4,37,0.00214978731069251,41.3111512660083,1
109,1,4,38,0.00214790596973057,41.3111512663337,1
110,1,4,39,0.00214601521837272,41.3111512662681,1
111,1,4,40,0.00214430823037152,41.3111512663323,1
112,1,5,6,2.99767769485106e-08,0,0
113,1,5,7,1.05386312736551e-07,0,0
114,1,5,8,1.65280526049217e-07,0,0
115,1,5,9,0.000268892433086025,41.3111512661848,1
116,1,5,10,0.000279267814546756,41.3111512660462,1
117,1,5,11,5.534011851877e-05,41.3111512659967,1
118,1,5,12,5.56557372650666e-05,41.311151266814,1
119,1,5,13,5.5849431172091e-05,41.3111512663227,1
120,1,5,14,5.60634572091931e-05,41.3111512663188,1
121,1,5,15,0.000380088114670162,41.3111512665009,1
122,1,5,16,0.000380921479960035,41.31115126629,1
123,1,5,17,0.000381622304499997,41.3111512661232,1
124,1,5,18,0.000382395533809269,41.3111512661472,1
125,1,5,19,0.00363622670814843,41.3111512661279,1
126,1,5,20,0.0036695297827997,41.3111512664273,1
127,1,5,21,0.00370179852167261,41.311151266043,1
128,1,5,22,0.00373270249215468,41.3111512660845,1
129,1,5,23,0.00407747139019987,41.3111512662626,1
130,1,5,24,0.00409758153189885,41.3111512663071,1
131,1,5,25,0.00411590395386906,41.3111512659978,1
132,1,5,26,0.00413533138436941,41.3111512663377,1
133,1,5,27,0.010090656337386,41.3111512662093,1
134,1,5,28,0.0101055507826935,41.3111512661453,1
135,1,5,29,0.0101203890712827,41.3111512661659,1
136,1,5,30,0.0101351167690506,41.3111512662679,1
137,1,5,31,0.0101497254753166,41.3111512662555,1
138,1,5,32,0.0101645374174733,41.3111512659208,1
139,1,5,33,0.0101804905117792,41.3111512662603,1
140,1,5,34,0.00946527070752575,41.3111512664003,1
141,1,5,35,0.00945754894497058,41.3111512660896,1
142,1,5,36,0.00944909818688993,41.3111512661995,1
143,1,5,37,0.00944064928789854,41.3111512660064,1
144,1,5,38,0.00943219903151361,41.311151266271,1
145,1,5,39,0.00942370725907506,41.311151266017,1
146,1,5,40,0.00941603996711243,41.3111512661477,1
147,1,6,7,7.55648229184211e-08,0,0
148,1,6,8,1.35548892862775e-07,0,0
149,1,6,9,0.000269740409155664,41.3111512651574,1
150,1,6,10,0.000280148752914123,41.3111512658799,1
151,1,6,11,5.54649015745323e-05,41.3111512663044,1
152,1,6,12,5.57815141467748e-05,41.3111512661125,1
153,1,6,13,5.59757862422638e-05,41.3111512664146,1
154,1,6,14,5.6190461529897e-05,41.3111512663867,1
155,1,6,15,0.000381263948466846,41.3111512661111,1
156,1,6,16,0.000382100079812702,41.311151266049,1
157,1,6,17,0.000382803223516838,41.3111512661885,1
158,1,6,18,0.000383579018687413,41.3111512661044,1
159,1,6,19,0.00364861769270975,41.3111512662869,1
160,1,6,20,0.00368203297110741,41.3111512660412,1
161,1,6,21,0.00371441028606131,41.3111512660524,1
162,1,6,22,0.00374541807387949,41.3111512661762,1
163,1,6,23,0.00409132959088233,41.3111512661495,1
164,1,6,24,0.00411150489874442,41.3111512661848,1
165,1,6,25,0.0041298864359939,41.3111512663649,1
166,1,6,26,0.00414937625749129,41.311151266298,1
167,1,6,27,0.0101244499452423,41.3111512661056,1
168,1,6,28,0.0101393937183279,41.3111512662405,1
169,1,6,29,0.0101542811196636,41.3111512661778,1
170,1,6,30,0.010169057547046,41.3111512664928,1
171,1,6,31,0.0101837145632861,41.3111512663802,1
172,1,6,32,0.010198575453026,41.3111512662843,1
173,1,6,33,0.0102145812333281,41.3111512664968,1
174,1,6,34,0.00949699013769834,41.3111512664029,1
175,1,6,35,0.00948924213214612,41.3111512663429,1
176,1,6,36,0.00948076265458245,41.3111512663461,1
177,1,6,37,0.0094722850356766,41.3111512663862,1
178,1,6,38,0.00946380605542613,41.3111512663005,1
179,1,6,39,0.00945528541958891,41.3111512664779,1
180,1,6,40,0.0094475920648493,41.3111512663251,1
181,1,7,8,5.989984629175e-08,0,0
182,1,7,9,0.000270480647089968,41.3111512650119,1
183,1,7,10,0.000280918163709726,41.311151266397,1
184,1,7,11,5.54921301224439e-05,41.3111512663112,1
185,1,7,12,5.58096077784779e-05,41.3111512660743,1
186,1,7,13,5.60043309815934e-05,41.3111512662884,1
187,1,7,14,5.62195308150121e-05,41.3111512662041,1
188,1,7,15,0.000382252923638832,41.3111512664112,1
189,1,7,16,0.000383091696232384,41.3111512662638,1
190,1,7,17,0.000383797043577774,41.3111512662246,1
191,1,7,18,0.000384575287905878,41.3111512662929,1
192,1,7,19,0.00366095188004745,41.3111512662204,1
193,1,7,20,0.00369447689984717,41.311151266245,1
194,1,7,21,0.00372696018856903,41.3111512660912,1
195,1,7,22,0.00375806904890187,41.3111512660593,1
196,1,7,23,0.00410506894816808,41.311151266049,1
197,1,7,24,0.00412530401241811,41.3111512664607,1
198,1,7,25,0.00414373934529213,41.3111512663735,1
199,1,7,26,0.00416328547858692,41.3111512664116,1
200,1,7,27,0.010157188995743,41.3111512665307,1
201,1,7,28,0.0101721797007983,41.3111512664182,1
202,1,7,29,0.0101871137840757,41.3111512661982,1
203,1,7,30,0.0102019365024815,41.3111512661769,1
204,1,7,31,0.0102166393705036,41.3111512662002,1
205,1,7,32,0.0102315466631817,41.3111512661123,1
206,1,7,33,0.0102476023393177,41.3111512661978,1
207,1,7,34,0.00952775104236613,41.3111512663654,1
208,1,7,35,0.00951997702061217,41.3111512663448,1
209,1,7,36,0.00951146907337986,41.3111512660679,1
210,1,7,37,0.00950296297408935,41.311151265888,1
211,1,7,38,0.00949445551054649,41.3111512663943,1
212,1,7,39,0.00948590625547107,41.3111512661049,1
213,1,7,40,0.00947818705571989,41.3111512663904,1
214,1,8,9,0.000271368904401666,41.3111512646739,1
215,1,8,10,0.000281841179730267,41.3111512664167,1
216,1,8,11,5.55755649200816e-05,41.3111512658979,1
217,1,8,12,5.58940821804024e-05,41.3111512648238,1
218,1,8,13,5.60893800103763e-05,41.3111512660868,1
219,1,8,14,5.63052355077136e-05,41.3111512661937,1
220,1,8,15,0.000383462933728138,41.3111512662768,1
221,1,8,16,0.000384304734911098,41.3111512658661,1
222,1,8,17,0.000385012615243328,41.3111512661812,1
223,1,8,18,0.00038579366842787,41.3111512662928,1
224,1,8,19,0.00367480958027795,41.3111512662518,1
225,1,8,20,0.00370845895811048,41.3111512664905,1
226,1,8,21,0.00374106245717991,41.3111512662512,1
227,1,8,22,0.00377228611074053,41.3111512664123,1
228,1,8,23,0.00412053552698444,41.3111512662059,1
229,1,8,24,0.0041408405135775,41.3111512660748,1
230,1,8,25,0.00415933903776888,41.3111512663418,1
231,1,8,26,0.00417895159502327,41.3111512659352,1
232,1,8,27,0.0101944621545819,41.3111512660108,1
233,1,8,28,0.0102095067708295,41.3111512660377,1
234,1,8,29,0.0102244945039935,41.3111512661261,1
235,1,8,30,0.0102393704382808,41.3111512660524,1
236,1,8,31,0.0102541260404162,41.3111512661206,1
237,1,8,32,0.0102690867319558,41.3111512661909,1
238,1,8,33,0.0102851998557281,41.3111512660617,1
239,1,8,34,0.00956275457113052,41.3111512663318,1
240,1,8,35,0.00955495126163518,41.3111512664552,1
241,1,8,36,0.00954641126378625,41.3111512662959,1
242,1,8,37,0.00953787310744434,41.3111512663462,1
243,1,8,38,0.00952933358302457,41.3111512664214,1
244,1,8,39,0.00952075211272835,41.3111512661859,1
245,1,8,40,0.0095130038220413,41.3111512663916,1
246,1,9,10,2.17625944762883e-06,41.3111512663916,1
247,1,9,11,0.000446141249477909,0,0
248,1,9,12,0.000446154755507763,0,0
249,1,9,13,0.00044644755866654,0,0
250,1,9,14,0.000446678083875939,41.3111512663916,1
251,1,9,15,0.000204585539997268,41.3111512663916,1
252,1,9,16,0.000203347992016518,0,0
253,1,9,17,0.000202369792805009,0,0
254,1,9,18,0.000201226883490405,41.3111512663916,1
255,1,9,19,0.00828670657816809,41.3111512659249,1
256,1,9,20,0.00835110736481619,41.3111512659696,1
257,1,9,21,0.00841222695207541,41.3111512661563,1
258,1,9,22,0.00846926672920717,41.3111512661018,1
259,1,9,23,0.00896584501510411,41.3111512661014,1
260,1,9,24,0.00898151612067379,41.3111512664172,1
261,1,9,25,0.00899348124643121,41.3111512662659,1
262,1,9,26,0.00900357141853796,41.3111512660774,1
263,1,9,27,0.0176873697622333,41.3111512661013,1
264,1,9,28,0.0177085105646074,41.3111512659581,1
265,1,9,29,0.0177293110747052,41.3111512660276,1
266,1,9,30,0.0177498032487692,41.3111512661623,1
267,1,9,31,0.0177698972414994,41.3111512659479,1
268,1,9,32,0.0177899615145689,41.3111512659566,1
269,1,9,33,0.0178112787998872,41.3111512661906,1
270,1,9,34,0.0167727072003348,41.3111512663271,1
271,1,9,35,0.0167557382824234,41.3111512663156,1
272,1,9,36,0.0167371768795189,41.3111512664283,1
273,1,9,37,0.0167185590167448,41.3111512664715,1
274,1,9,38,0.0166999441102427,41.3111512665124,1
275,1,9,39,0.0166812519847911,41.3111512664097,1
276,1,9,40,0.0166643587939159,41.3111512665221,1
277,1,10,11,0.000463803777388987,41.3111512659701,1
278,1,10,12,0.000463820358992522,0,0
279,1,10,13,0.000464126027789134,0,0
280,1,10,14,0.000464367180159499,0,0
281,1,10,15,0.000215555812888361,41.3111512659701,1
282,1,10,16,0.000214277258125961,0,0
283,1,10,17,0.000213266986558089,0,0
284,1,10,18,0.00021208623544776,0,0
285,1,10,19,0.00857702478526073,41.3111512660052,1
286,1,10,20,0.00864364098046519,41.311151266263,1
287,1,10,21,0.00870685774047945,41.3111512662155,1
288,1,10,22,0.00876584831400374,41.3111512660694,1
289,1,10,23,0.00927879702177964,41.3111512659643,1
290,1,10,24,0.00929491004685954,41.3111512660938,1
291,1,10,25,0.00930718856336238,41.3111512665961,1
292,1,10,26,0.0093175108366656,41.311151266523,1
293,1,10,27,0.0182881799831795,41.311151266228,1
294,1,10,28,0.0183100159695331,41.3111512661478,1
295,1,10,29,0.0183314989877216,41.3111512663359,1
296,1,10,30,0.018352662667597,41.3111512663764,1
297,1,10,31,0.0183734137651129,41.3111512661737,1
298,1,10,32,0.0183941323513431,41.311151266112,1
299,1,10,33,0.0184161430622536,41.3111512662404,1
300,1,10,34,0.0173432861071868,41.3111512663536,1
301,1,10,35,0.0173257249285124,41.3111512662286,1
302,1,10,36,0.0173065157178898,41.3111512662638,1
303,1,10,37,0.0172872478538123,41.3111512662368,1
304,1,10,38,0.0172679830710622,41.3111512661618,1
305,1,10,39,0.0172486384258283,41.3111512661401,1
306,1,10,40,0.0172311554553114,41.3111512663087,1
307,1,11,12,5.20889022168456e-07,0,0
308,1,11,13,7.82001167946559e-07,0,0
309,1,11,14,1.08966527829205e-06,0,0
310,1,11,15,0.000588529757210926,41.3111512659125,1
311,1,11,16,0.000590167158005625,41.3111512661756,1
312,1,11,17,0.000591531273730313,41.3111512658441,1
313,1,11,18,0.000593049420680054,41.3111512660635,1
314,1,11,19,0.00773862628725838,41.3111512658808,1
315,1,11,20,0.00780713629436702,41.31115126639,1
316,1,11,21,0.00787325485515556,41.3111512660295,1
317,1,11,22,0.00793626936187481,41.3111512663089,1
318,1,11,23,0.00861050301757752,41.3111512661465,1
319,1,11,24,0.00864709461843214,41.3111512660792,1
320,1,11,25,0.00867995734947794,41.311151266048,1
321,1,11,26,0.0087142676100232,41.3111512660249,1
322,1,11,27,0.0203824224521316,41.311151265822,1
323,1,11,28,0.0204114859734029,41.3111512659845,1
324,1,11,29,0.0204403862857553,41.3111512658573,1
325,1,11,30,0.0204690396499912,41.3111512659717,1
326,1,11,31,0.0204974136370107,41.3111512659804,1
327,1,11,32,0.0205261187126503,41.3111512658785,1
328,1,11,33,0.0205569750458965,41.311151265946,1
329,1,11,34,0.0191565498713807,41.3111512662885,1
330,1,11,35,0.0191402457356616,41.3111512662971,1
331,1,11,36,0.01912240431874,41.3111512661216,1
332,1,11,37,0.0191045543665114,41.3111512661811,1
333,1,11,38,0.0190867027705445,41.3111512663759,1
334,1,11,39,0.0190687663996748,41.3111512662547,1
335,1,11,40,0.0190525682257376,41.3111512663414,1
336,1,12,13,2.60778190191485e-07,0,0
337,1,12,14,5.68182466391413e-07,0,0
338,1,12,15,0.000588308711384019,41.3111512658556,1
339,1,12,16,0.000589947606638022,41.3111512659794,1
340,1,12,17,0.00059131290574806,41.3111512657115,1
341,1,12,18,0.000592832433052239,41.3111512656076,1
342,1,12,19,0.00774853564356501,41.311151266114,1
343,1,12,20,0.0078171229153539,41.3111512662818,1
344,1,12,21,0.00788331483748559,41.3111512658536,1
345,1,12,22,0.00794639784822588,41.3111512662226,1
346,1,12,23,0.00862123169142071,41.3111512660878,1
347,1,12,24,0.00865784269669964,41.3111512657934,1
348,1,12,25,0.00869072039239552,41.3111512659152,1
349,1,12,26,0.00872504347232319,41.3111512662048,1
350,1,12,27,0.0204036902509676,41.3111512651282,1
351,1,12,28,0.020432779334871,41.3111512651723,1
352,1,12,29,0.0204617048076089,41.3111512648402,1
353,1,12,30,0.0204903829647591,41.311151264909,1
354,1,12,31,0.0205187812713413,41.3111512651122,1
355,1,12,32,0.0205475106418678,41.3111512650056,1
356,1,12,33,0.0205783927980714,41.3111512648219,1
357,1,12,34,0.0191767126516609,41.3111512663403,1
358,1,12,35,0.0191603882104282,41.3111512663175,1
359,1,12,36,0.0191425245821605,41.3111512663479,1
360,1,12,37,0.019124652352408,41.3111512664356,1
361,1,12,38,0.0191067784823191,41.3111512662373,1
362,1,12,39,0.0190888197446045,41.3111512663454,1
363,1,12,40,0.0190726013567762,41.3111512663658,1
364,1,13,14,3.07471277606434e-07,41.3111512661882,1
365,1,13,15,0.0005885752269836,41.3111512660876,1
366,1,13,16,0.000590215921163245,41.3111512658979,1
367,1,13,17,0.000591582688053025,41.3111512660047,1
368,1,13,18,0.0005931038806274,41.3111512659828,1
369,1,13,19,0.00775846445862695,41.311151265856,1
370,1,13,20,0.00782713438534659,41.3111512660389,1
371,1,13,21,0.00789340547251867,41.3111512661164,1
372,1,13,22,0.00795656322332224,41.3111512660483,1
373,1,13,23,0.00863213019838126,41.311151266306,1
374,1,13,24,0.00866877439057652,41.3111512662996,1
375,1,13,25,0.00870168065693501,41.3111512661976,1
376,1,13,26,0.00873603216019088,41.3111512661866,1
377,1,13,27,0.0204274191143303,41.3111512657553,1
378,1,13,28,0.0204565396456982,41.311151265522,1
379,1,13,29,0.0204854962596242,41.3111512656348,1
380,1,13,30,0.0205142052154309,41.3111512654785,1
381,1,13,31,0.0205426339042712,41.3111512655776,1
382,1,13,32,0.0205713938569558,41.3111512655627,1
383,1,13,33,0.0206023087405388,41.3111512655364,1
384,1,13,34,0.0191991016504207,41.3111512662884,1
385,1,13,35,0.0191827565773969,41.3111512662776,1
386,1,13,36,0.019164870376388,41.3111512662497,1
387,1,13,37,0.0191469755352485,41.3111512662809,1
388,1,13,38,0.0191290790544238,41.3111512663397,1
389,1,13,39,0.0191110976051419,41.3111512663541,1
390,1,13,40,0.019094858699386,41.3111512660825,1
391,1,14,15,0.000588738241090569,41.3111512659432,1
392,1,14,16,0.000590380634757227,41.3111512659704,1
393,1,14,17,0.00059174878107528,41.3111512659916,1
394,1,14,18,0.000593271546253224,41.311151265921,1
395,1,14,19,0.00776817768433173,41.3111512658562,1
396,1,14,20,0.00783692742230959,41.3111512658592,1
397,1,14,21,0.00790327482230535,41.3111512663684,1
398,1,14,22,0.00796650446855611,41.311151265896,1
399,1,14,23,0.00864276227229679,41.3111512663346,1
400,1,14,24,0.00867943617867611,41.311151266217,1
401,1,14,25,0.0087123676767919,41.3111512663064,1
402,1,14,26,0.00874674386676713,41.3111512659908,1
403,1,14,27,0.020450148308499,41.3111512656628,1
404,1,14,28,0.0204792984361899,41.3111512654778,1
405,1,14,29,0.0205082843274378,41.3111512655643,1
406,1,14,30,0.020537022220334,41.3111512655224,1
407,1,14,31,0.0205654794273168,41.3111512655502,1
408,1,14,32,0.0205942680487252,41.3111512655449,1
409,1,14,33,0.0206252135766979,41.3111512654847,1
410,1,14,34,0.019220566663397,41.3111512662541,1
411,1,14,35,0.0192042014639193,41.3111512662224,1
412,1,14,36,0.0191862932439334,41.3111512663102,1
413,1,14,37,0.0191683763404713,41.3111512664315,1
414,1,14,38,0.0191504577985134,41.3111512662511,1
415,1,14,39,0.0191324541910432,41.3111512663388,1
416,1,14,40,0.019116195265807,41.311151266236,1
417,1,15,16,2.3833759816366e-06,0,0
418,1,15,17,4.2993111201319e-06,41.3111512659004,1
419,1,15,18,6.50315812172045e-06,41.3111512658329,1
420,1,15,19,0.0144801325945611,41.3111512661706,1
421,1,15,20,0.0145965036680507,41.3111512659685,1
422,1,15,21,0.0147074496910225,41.3111512660759,1
423,1,15,22,0.0148115903933806,41.3111512661363,1
424,1,15,23,0.0157758355849535,41.3111512659668,1
425,1,15,24,0.0158132879039128,41.311151266027,1
426,1,15,25,0.0158441415229178,41.3111512660837,1
427,1,15,26,0.0158731855750795,41.311151266092,1
428,1,15,27,0.0326790951357902,41.3111512659825,1
429,1,15,28,0.0327203107093411,41.3111512656299,1
430,1,15,29,0.0327610025422251,41.3111512659331,1
431,1,15,30,0.0328011743896894,41.3111512657297,1
432,1,15,31,0.0328406928608905,41.3111512656895,1
433,1,15,32,0.0328803239534634,41.3111512656746,1
434,1,15,33,0.0329225944594395,41.3111512659732,1
435,1,15,34,0.0309103684369963,41.3111512661519,1
436,1,15,35,0.0308805072583575,41.3111512661351,1
437,1,15,36,0.0308478403980813,41.3111512660993,1
438,1,15,37,0.0308150951444404,41.3111512662007,1
439,1,15,38,0.0307823530368187,41.3111512661541,1
440,1,15,39,0.030749470190431,41.31115126601,1
441,1,15,40,0.0307197574980904,41.3111512660784,1
442,1,16,17,1.91574135570919e-06,42.3062688026781,1
443,1,16,18,4.11957181753048e-06,0,0
444,1,16,19,0.0144890798474896,41.3111512660657,1
445,1,16,20,0.0146054972414625,41.3111512662735,1
446,1,16,21,0.0147164841760725,41.3111512658305,1
447,1,16,22,0.0148206594269079,41.3111512660036,1
448,1,16,23,0.0157848568784002,41.3111512662794,1
449,1,16,24,0.0158222652113326,41.3111512660048,1
450,1,16,25,0.0158530715863312,41.3111512662232,1
451,1,16,26,0.0158820574978528,41.3111512661444,1
452,1,16,27,0.0326874716030205,41.3111512657951,1
453,1,16,28,0.0327286841471824,41.3111512660176,1
454,1,16,29,0.032769372154481,41.3111512659438,1
455,1,16,30,0.0328095397297311,41.3111512661124,1
456,1,16,31,0.0328490532422994,41.3111512660537,1
457,1,16,32,0.0328886783487597,41.3111512658666,1
458,1,16,33,0.0329309414999956,41.311151265733,1
459,1,16,34,0.030918788403749,41.3111512662401,1
460,1,16,35,0.0308889101727317,41.3111512662346,1
461,1,16,36,0.0308562246796875,41.3111512661267,1
462,1,16,37,0.0308234606097391,41.311151266127,1
463,1,16,38,0.0307906997012193,41.3111512663442,1
464,1,16,39,0.0307577980056857,41.3111512661225,1
465,1,16,40,0.0307280682449688,41.311151266294,1
466,1,17,18,2.2039963519269e-06,0,0
467,1,17,19,0.014497449637598,41.3111512663576,1
468,1,17,20,0.0146139137290928,41.3111512661699,1
469,1,17,21,0.0147249425721031,41.311151266352,1
470,1,17,22,0.0148291540628427,41.3111512659641,1
471,1,17,23,0.0157933915362293,41.3111512661986,1
472,1,17,24,0.0158307675550155,41.3111512663463,1
473,1,17,25,0.0158615384603474,41.3111512660819,1
474,1,17,26,0.0158904799955478,41.3111512663278,1
475,1,17,27,0.0326968622380597,41.3111512655968,1
476,1,17,28,0.0327380756980466,41.3111512657171,1
477,1,17,29,0.0327787639385452,41.3111512657087,1
478,1,17,30,0.032818931345684,41.3111512655615,1
479,1,17,31,0.0328584440852229,41.3111512656845,1
480,1,17,32,0.032898067601846,41.3111512660447,1
481,1,17,33,0.03294032827764,41.311151265647,1
482,1,17,34,0.0309280701988374,41.3111512660648,1
483,1,17,35,0.030898175831955,41.3111512662588,1
484,1,17,36,0.0308654727044921,41.3111512662863,1
485,1,17,37,0.0308326908462083,41.3111512662253,1
486,1,17,38,0.0307999121619961,41.3111512662442,1
487,1,17,39,0.0307669926405421,41.311151266324,1
488,1,17,40,0.0307372467431727,41.3111512661232,1
489,1,18,19,0.0145058234211328,41.3111512660151,1
490,1,18,20,0.0146223311515707,41.3111512660885,1
491,1,18,21,0.0147333985944548,41.3111512658493,1
492,1,18,22,0.0148376427539893,41.3111512662296,1
493,1,18,23,0.0158018427748533,41.3111512661507,1
494,1,18,24,0.0158391783807873,41.3111512661174,1
495,1,18,25,0.0158699058149041,41.3111512661499,1
496,1,18,26,0.0158987937904921,41.3111512660726,1
497,1,18,27,0.0327048345248251,41.3111512658911,1
498,1,18,28,0.0327460454696343,41.3111512656871,1
499,1,18,29,0.0327867304550983,41.311151265795,1
500,1,18,30,0.0328268941906077,41.3111512658283,1
501,1,18,31,0.032866402619269,41.3111512659652,1
502,1,18,32,0.0329060208757119,41.3111512657272,1
503,1,18,33,0.0329482750441072,41.3111512657496,1
504,1,18,34,0.030936070434179,41.3111512662097,1
505,1,18,35,0.0309061600921712,41.3111512661288,1
506,1,18,36,0.0308734395087666,41.3111512661345,1
507,1,18,37,0.0308406400242828,41.3111512661506,1
508,1,18,38,0.0308078437281412,41.3111512661656,1
509,1,18,39,0.0307749065491675,41.3111512663608,1
510,1,18,40,0.0307451446629104,41.3111512663738,1
511,1,19,20,0.000155441143771438,0,0
512,1,19,21,0.00032337779630563,0,0
513,1,19,22,0.000504426306645859,0,0
514,1,19,23,0.0044142703191677,0,0
515,1,19,24,0.00482210310801793,0,0
516,1,19,25,0.00522495797299048,0,0
517,1,19,26,0.00568722186563021,0,0
518,1,19,27,0.0717871518405477,509.132190872493,1
519,1,19,28,0.0719602810995169,509.13219087615,1
520,1,19,29,0.0721362814902942,509.132190877797,1
521,1,19,30,0.0723130433232306,509.132190872608,1
522,1,19,31,0.0724915226828917,509.132190874414,1
523,1,19,32,0.0726766672491364,509.132190883767,1
524,1,19,33,0.0728800352973922,509.132190882637,1
525,1,19,34,0.0648830275592133,41.3111512660186,1
526,1,19,35,0.0648745291867712,41.3111512663729,1
527,1,19,36,0.0648650998266137,41.3111512660991,1
528,1,19,37,0.0648564912653537,41.3111512661596,1
529,1,19,38,0.06484780089444,41.3111512660678,1
530,1,19,39,0.0648388753151663,41.3111512662911,1
531,1,19,40,0.0648310315581923,41.3111512661044,1
532,1,20,21,0.00016809531073784,0,0
533,1,20,22,0.000349480907743703,0,0
534,1,20,23,0.00428039581636869,0,0
535,1,20,24,0.00469110415265435,0,0
536,1,20,25,0.00509686539510617,0,0
537,1,20,26,0.00556253253729576,0,0
538,1,20,27,0.07201327352664,460.35067368931,1
539,1,20,28,0.0721873517162724,460.350673683842,1
540,1,20,29,0.0723643297341032,460.350673727144,1
541,1,20,30,0.0725420808954343,509.132190877803,1
542,1,20,31,0.0727215704004252,509.132190880117,1
543,1,20,32,0.0729077774686508,509.132190872797,1
544,1,20,33,0.0731123261402317,509.132190871568,1
545,1,20,34,0.0650726504460306,41.3111512661758,1
546,1,20,35,0.0650644043289469,41.3111512662863,1
547,1,20,36,0.0650552498605651,41.3111512660512,1
548,1,20,37,0.0650469236290516,41.3111512658887,1
549,1,20,38,0.0650385148966408,41.3111512661899,1
550,1,20,39,0.0650298705763946,41.3111512660715,1
551,1,20,40,0.0650222827416947,41.3111512661813,1
552,1,21,22,0.000181564985642236,0,0
553,1,21,23,0.00413125386143634,0,0
554,1,21,24,0.00454465262950018,0,0
555,1,21,25,0.00495314269306958,0,0
556,1,21,26,0.00542201483212316,0,0
557,1,21,27,0.0721842996644231,41.3111512662282,1
558,1,21,28,0.0723592263543857,41.3111512665652,1
559,1,21,29,0.0725370809452116,41.3111512664707,1
560,1,21,30,0.072715720544318,44.9661661724478,1
561,1,21,31,0.0728961192243655,44.9661661724277,1
562,1,21,32,0.0730832852299617,44.966166172407,1
563,1,21,33,0.0732889018550836,460.350673687138,1
564,1,21,34,0.0652112907553682,41.3111512661221,1
565,1,21,35,0.0652033258460519,41.3111512659843,1
566,1,21,36,0.065194477991793,41.3111512661519,1
567,1,21,37,0.0651864655725058,41.3111512661831,1
568,1,21,38,0.0651783699890133,41.3111512661802,1
569,1,21,39,0.0651700386477813,41.3111512660365,1
570,1,21,40,0.0651627353143746,41.3111512660998,1
571,1,22,23,0.0039657521780131,0,0
572,1,22,24,0.00438161579274088,0,0
573,1,22,25,0.00479261740698771,0,0
574,1,22,26,0.00526445099019907,0,0
575,1,22,27,0.0722919963936605,460.350672939076,1
576,1,22,28,0.0724676528963071,460.350672821476,1
577,1,22,29,0.0726462644973684,460.350672682905,1
578,1,22,30,0.0728256730844808,460.350672544076,1
579,1,22,31,0.0730068612742552,460.35067369681,1
580,1,22,32,0.0731948633174232,460.350673695941,1
581,1,22,33,0.0734014140416741,460.350673700565,1
582,1,22,34,0.065291448025612,41.3111512663434,1
583,1,22,35,0.0652837953575963,41.3111512661593,1
584,1,22,36,0.0652752881290996,41.3111512662117,1
585,1,22,37,0.0652676232189076,41.3111512661305,1
586,1,22,38,0.0652598745168022,41.3111512660271,1
587,1,22,39,0.0652518901250354,41.3111512662803,1
588,1,22,40,0.065244901884346,41.3111512661796,1
589,1,23,24,0.000432908906196257,0,0
590,1,23,25,0.000862406071307091,0,0
591,1,23,26,0.00135717991560397,0,0
592,1,23,27,0.0682485425033054,41.3111512659643,1
593,1,23,28,0.0684245990431735,41.311151266018,1
594,1,23,29,0.0686039432902443,41.3111512658753,1
595,1,23,30,0.068784275632032,41.3111512659903,1
596,1,23,31,0.0689666783691334,41.3111512658796,1
597,1,23,32,0.0691563083924036,41.311151265942,1
598,1,23,33,0.0693649879354172,41.3111512659014,1
599,1,23,34,0.0612658238651356,41.3111512662769,1
600,1,23,35,0.0612656682303849,41.311151266278,1
601,1,23,36,0.0612653536142204,41.311151266501,1
602,1,23,37,0.0612659571414411,41.311151266173,1
603,1,23,38,0.0612664705794988,41.3111512660993,1
604,1,23,39,0.0612667706666471,41.3111512662617,1
605,1,23,40,0.0612672829572261,41.3111512665113,1
606,1,24,25,0.000429670142215565,0,0
607,1,24,26,0.000924821589267265,0,0
608,1,24,27,0.0675138108888715,41.3111512659393,1
609,1,24,28,0.0676891543848494,41.3111512662772,1
610,1,24,29,0.0678678077652551,41.3111512658894,1
611,1,24,30,0.0680474658552032,41.3111512662692,1
612,1,24,31,0.0682292171851194,41.3111512661962,1
613,1,24,32,0.068418209868531,41.3111512658813,1
614,1,24,33,0.0686262248669856,41.3111512660921,1
615,1,24,34,0.060563051162303,41.3111512662772,1
616,1,24,35,0.0605637145866273,41.3111512664112,1
617,1,24,36,0.060564295643568,41.3111512662152,1
618,1,24,37,0.0605657991748078,41.3111512661962,1
619,1,24,38,0.0605672123166793,41.3111512661415,1
620,1,24,39,0.0605684154631898,41.3111512661378,1
621,1,24,40,0.0605697443238669,41.3111512664392,1
622,1,25,26,0.000495328377497239,0,0
623,1,25,27,0.0667575996487808,41.3111512661355,1
624,1,25,28,0.0669321653735573,41.311151266237,1
625,1,25,29,0.067110061671542,41.3111512662305,1
626,1,25,30,0.0672889787681417,41.3111512659283,1
627,1,25,31,0.0674700109420593,41.3111512657922,1
628,1,25,32,0.0676582955381332,41.3111512662463,1
629,1,25,33,0.0678655678473459,41.3111512659736,1
630,1,25,34,0.0598413370466007,41.3111512664639,1
631,1,25,35,0.0598428131372086,41.3111512664764,1
632,1,25,36,0.0598442829341948,41.3111512665165,1
633,1,25,37,0.0598466791354002,41.3111512664598,1
634,1,25,38,0.0598489846853948,41.3111512665894,1
635,1,25,39,0.0598510836543804,41.3111512661937,1
636,1,25,40,0.0598532224450975,41.3111512662658,1
637,1,26,27,0.0658583415889677,41.3111512663241,1
638,1,26,28,0.0660319388076793,41.3111512661504,1
639,1,26,29,0.0662088890783782,41.3111512663013,1
640,1,26,30,0.0663868782750018,41.3111512660272,1
641,1,26,31,0.0665670068523251,41.3111512660571,1
642,1,26,32,0.0667543976254593,41.3111512660927,1
643,1,26,33,0.0669607284034847,41.311151265945,1
644,1,26,34,0.0589846956368088,41.3111512660267,1
645,1,26,35,0.0589871079700523,41.311151266468,1
646,1,26,36,0.0589896017109193,41.3111512659519,1
647,1,26,37,0.0589930260049832,41.3111512664831,1
648,1,26,38,0.0589963593833102,41.3111512663334,1
649,1,26,39,0.058999490201796,41.3111512660616,1
650,1,26,40,0.0590025618078894,41.3111512664093,1
651,1,27,28,0.000186390481601124,0,0
652,1,27,29,0.000381857112155012,0,0
653,1,27,30,0.000581620078576898,0,0
654,1,27,31,0.000788498396987035,0,0
655,1,27,32,0.00100986057120173,0,0
656,1,27,33,0.00125926468004265,0,0
657,1,27,34,0.00681269190624352,41.3111512659807,1
658,1,27,35,0.00668383052798169,41.3111512660459,1
659,1,27,36,0.00654316069033742,41.3111512660384,1
660,1,27,37,0.00640024980956591,41.3111512660146,1
661,1,27,38,0.00625753915549757,41.3111512661309,1
662,1,27,39,0.00611466159420154,41.3111512663637,1
663,1,27,40,0.00598505900499771,41.3111512664603,1
664,1,28,29,0.000195481064826205,0,0
665,1,28,30,0.000395266849971739,0,0
666,1,28,31,0.000602180687776251,0,0
667,1,28,32,0.000823596006379945,0,0
668,1,28,33,0.00107307357237795,0,0
669,1,28,34,0.00699758648299585,41.3111512660793,1
670,1,28,35,0.00686839226396731,41.3111512659555,1
671,1,28,36,0.00672735868981779,41.3111512662203,1
672,1,28,37,0.00658408079896033,41.3111512660316,1
673,1,28,38,0.00644100340528009,41.3111512659343,1
674,1,28,39,0.00629775809113903,41.3111512660034,1
675,1,28,40,0.00616782257325289,41.3111512660811,1
676,1,29,30,0.000199794245158816,0,0
677,1,29,31,0.000406729311077118,0,0
678,1,29,32,0.000628183219380546,0,0
679,1,29,33,0.000877718505365433,0,0
680,1,29,34,0.00719095678476951,41.3111512660502,1
681,1,29,35,0.00706142349669402,41.311151266008,1
682,1,29,36,0.00692001936777287,41.3111512660389,1
683,1,29,37,0.0067763676627072,41.3111512660405,1
684,1,29,38,0.00663291672295759,41.31115126599,1
685,1,29,39,0.00648929681310072,41.311151266295,1
686,1,29,40,0.0063590221913712,41.3111512659692,1
687,1,30,31,0.00020694780669997,0,0
688,1,30,32,0.000428431572099433,0,0
689,1,30,33,0.000678015052263055,0,0
690,1,30,34,0.00738828248443932,41.3111512660141,1
691,1,30,35,0.00725840825187898,41.3111512661661,1
692,1,30,36,0.0071166315117786,41.3111512659366,1
693,1,30,37,0.00697260396144998,41.3111512662532,1
694,1,30,38,0.0068287774418037,41.3111512663326,1
695,1,30,39,0.00668478088655673,41.3111512661202,1
696,1,30,40,0.00655416531686152,41.3111512660927,1
697,1,31,32,0.00022150056760638,0,0
698,1,31,33,0.000471118051707111,0,0
699,1,31,34,0.0075922022130883,41.3111512663262,1
700,1,31,35,0.00746198311066409,41.3111512665475,1
701,1,31,36,0.00731982945920809,41.311151266336,1
702,1,31,37,0.00717542179117782,41.3111512664933,1
703,1,31,38,0.00703121541587801,41.3111512659519,1
704,1,31,39,0.00688683791217741,41.311151266172,1
705,1,31,40,0.00675587751628774,41.3111512660837,1
706,1,32,33,0.000249633612644595,0,0
707,1,32,34,0.0078098453503001,41.3111512665819,1
708,1,32,35,0.00767926769900579,41.3111512662365,1
709,1,32,36,0.00753672217297312,41.3111512662543,1
710,1,32,37,0.00739191938155176,41.3111512661653,1
711,1,32,38,0.00724731814699345,41.3111512661824,1
712,1,32,39,0.00710254462828158,41.3111512660036,1
713,1,32,40,0.0069712257904479,41.311151265988,1
714,1,33,34,0.00805456292264045,41.3111512662748,1
715,1,33,35,0.00792359069076633,41.3111512660277,1
716,1,33,36,0.00778061389715014,41.3111512662621,1
717,1,33,37,0.00763537634105788,41.3111512660296,1
718,1,33,38,0.00749034062483261,41.3111512662233,1
719,1,33,39,0.00734513133445235,41.3111512663719,1
720,1,33,40,0.00721341809051526,41.3111512660036,1
721,1,34,35,0.000115661637926114,41.3111512660613,1
722,1,34,36,0.000241907705566867,41.3111512661767,1
723,1,34,37,0.000370257179027686,41.311151265611,1
724,1,34,38,0.000498417918734402,41.3111512651994,1
725,1,34,39,0.000626707191805722,41.3111512663439,1
726,1,34,40,0.000743100878603121,41.31115126543,1
727,1,35,36,0.000126246340888454,41.3111512661252,1
728,1,35,37,0.00025459434892244,41.311151266211,1
729,1,35,38,0.000382753793757912,41.3111512664854,1
730,1,35,39,0.00051104217440936,41.3111512653527,1
731,1,35,40,0.000627434598393925,41.3111512657923,1
732,1,36,37,0.000128346105280511,41.3111512659768,1
733,1,36,38,0.00025650383397202,41.3111512661368,1
734,1,36,39,0.000384790937456213,41.3111512652712,1
735,1,36,40,0.00050118170808823,41.3111512659162,1
736,1,37,38,0.000128157915565502,41.3111512663262,1
737,1,37,39,0.00025644565415161,41.3111512662245,1
738,1,37,40,0.000372836498144773,41.3111512650489,1
739,1,38,39,0.000128288185967728,41.3111512661042,1
740,1,38,40,0.000244678933747534,41.3111512655762,1
741,1,39,40,0.000116390245164606,41.3111512656399,1
742,2,3,4,8.50716142967512e-08,0,0
743,2,3,5,1.59417730469832e-06,0,0
744,2,3,6,1.60197254889629e-06,41.3111512656399,1
745,2,3,7,1.61308599604061e-06,0,0
746,2,3,8,1.62374470972712e-06,0,0
747,2,3,9,2.34821423078127e-05,0,0
748,2,3,10,2.4376718974488e-05,0,0
749,2,3,11,7.5176080483819e-06,0,0
750,2,3,12,7.54530720887105e-06,0,0
751,2,3,13,7.5640415595833e-06,0,0
752,2,3,14,7.58417509584899e-06,0,0
753,2,3,15,3.44598643155078e-05,0,0
754,2,3,16,3.45252356200986e-05,0,0
755,2,3,17,3.4580591514316e-05,0,0
756,2,3,18,3.46412781549732e-05,0,0
757,2,3,19,0.000267578142339277,41.3111512660805,1
758,2,3,20,0.000270099340328903,41.3111512663052,1
759,2,3,21,0.000272550047920228,41.3111512659931,1
760,2,3,22,0.000274906223480968,41.3111512660426,1
761,2,3,23,0.000302044567826162,41.3111512661552,1
762,2,3,24,0.000303708621410919,41.311151266402,1
763,2,3,25,0.000305238855251889,41.3111512660021,1
764,2,3,26,0.00030687721541809,41.3111512664096,1
765,2,3,27,0.000775017102315152,41.3111512659459,1
766,2,3,28,0.000776191528665572,41.3111512658893,1
767,2,3,29,0.000777363119446949,41.3111512659417,1
768,2,3,30,0.000778526915483795,41.3111512660549,1
769,2,3,31,0.00077968273033787,41.3111512660819,1
770,2,3,32,0.000780856514735841,41.3111512660366,1
771,2,3,33,0.000782122520122108,41.3111512659996,1
772,2,3,34,0.000725933029910864,41.3111512657585,1
773,2,3,35,0.000725360888997217,41.3111512657147,1
774,2,3,36,0.000724734675469837,41.311151265816,1
775,2,3,37,0.000724108968574153,41.3111512655454,1
776,2,3,38,0.000723483124909503,41.3111512658238,1
777,2,3,39,0.000722854119734967,41.3111512656351,1
778,2,3,40,0.000722286282694294,41.3111512656594,1
779,2,4,5,2.128521260663e-06,0,0
780,2,4,6,2.14022383829423e-06,0,0
781,2,4,7,2.1586027123704e-06,0,0
782,2,4,8,2.17558478659457e-06,0,0
783,2,4,9,4.45699527123903e-05,41.3111512660747,1
784,2,4,10,4.6272684910639e-05,41.3111512661172,1
785,2,4,11,1.27100950319662e-05,41.3111512661184,1
786,2,4,12,1.27625249790151e-05,41.311151266124,1
787,2,4,13,1.27969601270875e-05,41.3111512662054,1
788,2,4,14,1.28342713984096e-05,41.3111512664307,1
789,2,4,15,6.46282427351191e-05,41.3111512663977,1
790,2,4,16,6.47565701704308e-05,41.3111512664596,1
791,2,4,17,6.48649845227276e-05,41.3111512659189,1
792,2,4,18,6.4984094172763e-05,41.3111512661053,1
793,2,4,19,0.00053700232066814,41.311151265946,1
794,2,4,20,0.00054201188764476,41.3111512658108,1
795,2,4,21,0.000546876037701068,41.3111512658124,1
796,2,4,22,0.00055154633345623,41.3111512660314,1
797,2,4,23,0.000604758552685908,41.3111512660599,1
798,2,4,24,0.000607967943461199,41.3111512660269,1
799,2,4,25,0.000610910395674694,41.311151266029,1
800,2,4,26,0.000614050921853317,41.3111512660115,1
801,2,4,27,0.00153236496219907,41.3111512659719,1
802,2,4,28,0.00153466628966176,41.311151266115,1
803,2,4,29,0.00153696100990801,41.3111512659044,1
804,2,4,30,0.00153923984503447,41.3111512659443,1
805,2,4,31,0.00154150211586597,41.3111512658562,1
806,2,4,32,0.00154379831547272,41.3111512662214,1
807,2,4,33,0.00154627374585694,41.3111512659529,1
808,2,4,34,0.0014359605521531,41.3111512662691,1
809,2,4,35,0.00143481519053195,41.3111512663448,1
810,2,4,36,0.00143356162216046,41.3111512663321,1
811,2,4,37,0.00143230881022738,41.3111512659065,1
812,2,4,38,0.00143105574979976,41.3111512658804,1
813,2,4,39,0.00142979642007109,41.311151265922,1
814,2,4,40,0.00142865948713949,41.3111512659192,1
815,2,5,6,2.42576877921226e-08,0,0
816,2,5,7,9.06015024582577e-08,0,0
817,2,5,8,1.42147939624336e-07,0,0
818,2,5,9,0.000247675656699063,41.3111512659242,1
819,2,5,10,0.000257200944056236,41.3111512657474,1
820,2,5,11,5.00843497025052e-05,41.3111512661404,1
821,2,5,12,5.0373804415119e-05,41.3111512660655,1
822,2,5,13,5.05503529368209e-05,41.311151265875,1
823,2,5,14,5.07457897120079e-05,41.3111512662177,1
824,2,5,15,0.000348886337951661,41.3111512661939,1
825,2,5,16,0.000349655483733485,41.3111512664878,1
826,2,5,17,0.000350302062532298,41.3111512661387,1
827,2,5,18,0.000351015685948094,41.3111512660302,1
828,2,5,19,0.00336811696462034,41.3111512662336,1
829,2,5,20,0.00339891118991958,41.3111512659858,1
830,2,5,21,0.00342874410699279,41.3111512663377,1
831,2,5,22,0.00345730956615673,41.3111512658423,1
832,2,5,23,0.0037754552782639,41.3111512663814,1
833,2,5,24,0.00379396162159426,41.3111512662504,1
834,2,5,25,0.00381081395578882,41.3111512664255,1
835,2,5,26,0.00382867268722298,41.3111512662936,1
836,2,5,27,0.00932415673725718,41.3111512663616,1
837,2,5,28,0.00933789730825068,41.3111512663398,1
838,2,5,29,0.00935158501195604,41.3111512662123,1
839,2,5,30,0.00936517006781491,41.311151266024,1
840,2,5,31,0.00937864441335126,41.3111512663047,1
841,2,5,32,0.0093923049540991,41.3111512661803,1
842,2,5,33,0.00940701674213176,41.3111512662644,1
843,2,5,34,0.00874571196102673,41.3111512670144,1
844,2,5,35,0.00873856391983377,41.3111512667196,1
845,2,5,36,0.00873074108202316,41.3111512669889,1
846,2,5,37,0.0087229197431914,41.3111512666858,1
847,2,5,38,0.00871509716976819,41.3111512665571,1
848,2,5,39,0.00870723621648721,41.3111512668379,1
849,2,5,40,0.00870013843812875,41.3111512668079,1
850,2,6,7,6.64991171562896e-08,0,0
851,2,6,8,1.18135419681841e-07,0,0
852,2,6,9,0.00024852943233936,41.3111512659919,1
853,2,6,10,0.000258087684398366,41.3111512659442,1
854,2,6,11,5.02148621284648e-05,41.3111512658966,1
855,2,6,12,5.05053107409264e-05,41.3111512663805,1
856,2,6,13,5.0682437483637e-05,41.3111512658232,1
857,2,6,14,5.0878523549432e-05,41.3111512658683,1
858,2,6,15,0.000350067974126123,41.3111512659468,1
859,2,6,16,0.000350839886176469,41.3111512662598,1
860,2,6,17,0.000351488784311793,41.3111512661283,1
861,2,6,18,0.000352204973785455,41.3111512661811,1
862,2,6,19,0.00338051487489755,41.3111512662177,1
863,2,6,20,0.00341142131486192,41.3111512661982,1
864,2,6,21,0.00344136281858581,41.3111512660313,1
865,2,6,22,0.00347003210519616,0,0
866,2,6,23,0.00378932054466917,41.3111512660091,1
867,2,6,24,0.00380789205977988,41.3111512660264,1
868,2,6,25,0.00382480351420236,41.31115126628,1
869,2,6,26,0.0038427246416717,41.3111512661747,1
870,2,6,27,0.00935795721581537,41.3111512662923,1
871,2,6,28,0.00937174710518664,41.3111512662501,1
872,2,6,29,0.00938548391190536,41.3111512659679,1
873,2,6,30,0.00939911768745605,41.3111512662193,1
874,2,6,31,0.00941264033277546,41.3111512661374,1
875,2,6,32,0.0094263498103356,41.3111512660732,1
876,2,6,33,0.00944111427231905,41.3111512659656,1
877,2,6,34,0.00877743083161571,41.3111512665289,1
878,2,6,35,0.00877025654371176,41.3111512665291,1
879,2,6,36,0.00876240498234657,41.311151266536,1
880,2,6,37,0.00875455491958085,41.3111512665101,1
881,2,6,38,0.00874670361826788,41.3111512664138,1
882,2,6,39,0.00873881379753334,41.3111512665606,1
883,2,6,40,0.00873168995275064,41.3111512666,1
884,2,7,8,5.15520702883237e-08,0,0
885,2,7,9,0.000249278806589603,41.3111512663248,1
886,2,7,10,0.000258866233037721,41.3111512659523,1
887,2,7,11,5.02511585792537e-05,41.3111512663376,1
888,2,7,12,5.05424723223861e-05,41.3111512661209,1
889,2,7,13,5.07200501782632e-05,41.3111512661324,1
890,2,7,14,5.09166608034469e-05,41.3111512660444,1
891,2,7,15,0.000351066063247074,41.3111512662521,1
892,2,7,16,0.000351840616709554,41.311151266434,1
893,2,7,17,0.000352491718613623,41.3111512659509,1
894,2,7,18,0.000353210357396315,41.3111512655543,1
895,2,7,19,0.00339285932060045,41.3111512662375,1
896,2,7,20,0.00342387551253691,0,0
897,2,7,21,0.00345392300024158,41.3111512659479,1
898,2,7,22,0.00348269336911259,41.3111512663044,1
899,2,7,23,0.0038030702911923,41.3111512663518,1
900,2,7,24,0.0038217015672879,41.3111512660319,1
901,2,7,25,0.00383866682123114,41.3111512660017,1
902,2,7,26,0.00385664426427113,41.3111512659331,1
903,2,7,27,0.00939070509894814,41.3111512662987,1
904,2,7,28,0.00940454190228886,41.3111512664096,1
905,2,7,29,0.00941832537243063,41.3111512662909,1
906,2,7,30,0.00943200542020677,41.3111512662786,1
907,2,7,31,0.00944557389810718,41.3111512662124,1
908,2,7,32,0.00945932975843968,41.3111512663836,1
909,2,7,33,0.00947414409382913,41.3111512658336,1
910,2,7,34,0.00880818891672876,41.3111512667657,1
911,2,7,35,0.00880098860827668,41.3111512667387,1
912,2,7,36,0.00879310857247508,41.311151266493,1
913,2,7,37,0.00878523002463856,41.3111512665225,1
914,2,7,38,0.00877735023533995,41.3111512664041,1
915,2,7,39,0.00876943179063368,41.3111512665468,1
916,2,7,40,0.00876228209658748,41.3111512667907,1
917,2,8,9,0.00025017549677249,41.3111512658997,1
918,2,8,10,0.000259797684141253,41.311151266086,1
919,2,8,11,5.03429481388735e-05,41.3111512657964,1
920,2,8,12,5.06353015542345e-05,41.3111512658722,1
921,2,8,13,5.08134540583079e-05,41.3111512662148,1
922,2,8,14,5.10107203775389e-05,41.311151265915,1
923,2,8,15,0.000352284495067036,41.3111512660283,1
924,2,8,16,0.000353062077331151,41.3111512660425,1
925,2,8,17,0.000353715712390822,41.3111512662265,1
926,2,8,18,0.000354437160225899,41.3111512659705,1
927,2,8,19,0.00340672672068363,41.3111512658491,1
928,2,8,20,0.00343786728276156,41.311151266063,1
929,2,8,21,0.00346803499252439,41.3111512661625,1
930,2,8,22,0.00349692016581177,41.3111512659364,1
931,2,8,23,0.00381854672247637,41.3111512659148,1
932,2,8,24,0.00383724792666659,41.3111512663365,1
933,2,8,25,0.00385427637690694,41.3111512660117,1
934,2,8,26,0.0038723202488664,41.3111512663006,1
935,2,8,27,0.00942798711675706,41.311151266047,1
936,2,8,28,0.00944187781580797,41.3111512660178,1
937,2,8,29,0.00945571491987364,41.3111512661187,1
938,2,8,30,0.00946944816730409,41.3111512659902,1
939,2,8,31,0.00948306936271166,41.3111512661251,1
940,2,8,32,0.00949687860442692,41.3111512661675,1
941,2,8,33,0.00951175036797641,41.3111512660394,1
942,2,8,34,0.0088431905306023,41.3111512663846,1
943,2,8,35,0.00883596092986343,41.3111512660641,1
944,2,8,36,0.00882804883846044,41.3111512661599,1
945,2,8,37,0.00882013822866323,41.3111512660301,1
946,2,8,38,0.00881222637357174,41.3111512663062,1
947,2,8,39,0.00880427570868868,41.3111512661308,1
948,2,8,40,0.00879709691925209,41.311151266216,1
949,2,9,10,1.32312124344507e-06,41.311151266216,1
950,2,9,11,0.000430216062579126,0,0
951,2,9,12,0.000430255826669911,0,0
952,2,9,13,0.000430565895759102,0,0
953,2,9,14,0.000430815123149219,0,0
954,2,9,15,0.00021470063967323,41.311151266216,1
955,2,9,16,0.000213527426439564,0,0
956,2,9,17,0.000212603597007422,0,0
957,2,9,18,0.000211520403173715,41.311151266216,1
958,2,9,19,0.00804051701940695,41.3111512662441,1
959,2,9,20,0.00810241415763376,41.3111512660154,1
960,2,9,21,0.00816110285671083,41.3111512658811,1
961,2,9,22,0.00821580872136841,41.3111512659611,1
962,2,9,23,0.00868579134293228,41.3111512659031,1
963,2,9,24,0.00869985691972115,41.3111512658026,1
964,2,9,25,0.00871034962856843,41.3111512660405,1
965,2,9,26,0.0087188677167772,41.3111512659173,1
966,2,9,27,0.0169355726970582,41.3111512660616,1
967,2,9,28,0.0169555085133467,41.31115126624,1
968,2,9,29,0.016975106139044,41.311151265965,1
969,2,9,30,0.0169944027801109,41.3111512661126,1
970,2,9,31,0.0170133086422737,41.311151266303,1
971,2,9,32,0.0170321653529813,41.3111512661065,1
972,2,9,33,0.0170521791774562,41.3111512662533,1
973,2,9,34,0.0160409465583869,41.3111512646726,1
974,2,9,35,0.0160245456574795,41.3111512648339,1
975,2,9,36,0.0160066059063592,41.3111512649285,1
976,2,9,37,0.015988609523452,41.3111512649985,1
977,2,9,38,0.0159706162038762,41.3111512648049,1
978,2,9,39,0.0159525487317921,41.3111512647304,1
979,2,9,40,0.0159362195383817,41.3111512649125,1
980,2,10,11,0.000447029177538796,41.3111512663515,1
981,2,10,12,0.000447072017216745,41.3111512660941,1
982,2,10,13,0.000447394954313705,41.3111512662978,1
983,2,10,14,0.000447654810722,41.3111512661383,1
984,2,10,15,0.000224821554450872,41.3111512661383,1
985,2,10,16,0.000223607329838882,0,0
986,2,10,17,0.000222651425237256,41.3111512661383,1
987,2,10,18,0.00022153038544665,0,0
988,2,10,19,0.00833175197146134,41.311151266183,1
989,2,10,20,0.00839586508659053,41.3111512661963,1
990,2,10,21,0.00845665150558049,41.3111512658901,1
991,2,10,22,0.00851330868641334,41.3111512659988,1
992,2,10,23,0.00899966665235754,41.3111512659116,1
993,2,10,24,0.00901417430943085,41.3111512657945,1
994,2,10,25,0.00902498052662442,41.3111512657869,1
995,2,10,26,0.00903373080548022,41.3111512658914,1
996,2,10,27,0.0175370819799124,41.3111512664885,1
997,2,10,28,0.0175577110978348,41.3111512662968,1
998,2,10,29,0.0175779893012157,41.3111512661354,1
999,2,10,30,0.0175979554928448,41.3111512660032,1
1000,2,10,31,0.0176175164681471,41.3111512658969,1
1001,2,10,32,0.017637025407009,41.3111512663872,1
1002,2,10,33,0.0176577303448224,41.3111512663309,1
1003,2,10,34,0.0166111398105101,41.3111512660147,1
1004,2,10,35,0.0165941463379675,41.3111512661656,1
1005,2,10,36,0.0165755584378777,41.311151266059,1
1006,2,10,37,0.0165569117200076,41.3111512661445,1
1007,2,10,38,0.016538268189876,41.3111512660459,1
1008,2,10,39,0.0165195478604571,41.3111512661459,1
1009,2,10,40,0.0165026285846778,41.3111512662399,1
1010,2,11,12,4.94745869498607e-07,0,0
1011,2,11,13,7.38711715682149e-07,0,0
1012,2,11,14,1.02778997672939e-06,0,0
1013,2,11,15,0.000562604199942737,41.3111512661624,1
1014,2,11,16,0.00056417746110562,41.3111512663423,1
1015,2,11,17,0.000565487391946787,41.3111512663092,1
1016,2,11,18,0.000566946006490042,41.3111512662941,1
1017,2,11,19,0.00747639921376594,41.3111512663207,1
1018,2,11,20,0.00754240589562089,41.3111512663767,1
1019,2,11,21,0.00760609396919613,41.3111512662114,1
1020,2,11,22,0.00766677505196327,41.3111512662296,1
1021,2,11,23,0.00831443728772586,41.3111512661506,1
1022,2,11,24,0.00834942736928045,41.3111512661425,1
1023,2,11,25,0.00838082191755912,41.3111512662921,1
1024,2,11,26,0.00841356528901914,41.3111512662329,1
1025,2,11,27,0.0196208590239036,41.3111512660813,1
1026,2,11,28,0.019648757957683,41.3111512657787,1
1027,2,11,29,0.0196764966721945,41.311151266191,1
1028,2,11,30,0.0197039962216116,41.3111512659871,1
1029,2,11,31,0.0197312244433285,41.3111512660141,1
1030,2,11,32,0.019758766149435,41.3111512660513,1
1031,2,11,33,0.0197883678753474,41.3111512663478,1
1032,2,11,34,0.0184351833448911,41.3111512664803,1
1033,2,11,35,0.01841945054884,41.3111512664362,1
1034,2,11,36,0.0184022344392449,41.3111512663828,1
1035,2,11,37,0.0183850094814591,41.3111512664342,1
1036,2,11,38,0.01836778299863,41.3111512664127,1
1037,2,11,39,0.0183504748545197,41.3111512666,1
1038,2,11,40,0.0183348438662217,41.3111512665986,1
1039,2,12,13,2.43631817927433e-07,0,0
1040,2,12,14,5.32450187963073e-07,41.3111512660444,1
1041,2,12,15,0.000562409295992216,41.3111512668204,1
1042,2,12,16,0.000563984051756896,41.3111512651036,1
1043,2,12,17,0.000565295166070858,41.3111512661363,1
1044,2,12,18,0.000566755161097566,41.3111512663591,1
1045,2,12,19,0.00748633678972588,41.311151265884,1
1046,2,12,20,0.00755242075379331,41.311151266241,1
1047,2,12,21,0.00761618220559066,41.3111512659034,1
1048,2,12,22,0.00767693180841372,41.3111512661518,1
1049,2,12,23,0.00832519438359447,41.3111512662401,1
1050,2,12,24,0.00836020387454709,41.3111512660338,1
1051,2,12,25,0.00839161339111864,41.3111512659893,1
1052,2,12,26,0.00842436958473905,41.3111512658728,1
1053,2,12,27,0.0196421483504901,41.3111512663851,1
1054,2,12,28,0.0196700727889854,41.311151266111,1
1055,2,12,29,0.019697836604487,41.3111512663021,1
1056,2,12,30,0.0197253608866582,41.311151266185,1
1057,2,12,31,0.0197526133666573,41.3111512661694,1
1058,2,12,32,0.0197801793034971,41.3111512661081,1
1059,2,12,33,0.0198098067812204,41.3111512661588,1
1060,2,12,34,0.0184553342669762,41.3111512668765,1
1061,2,12,35,0.0184395811558344,41.3111512667014,1
1062,2,12,36,0.0184223428243802,41.311151266799,1
1063,2,12,37,0.0184050955787914,41.3111512667515,1
1064,2,12,38,0.018387846811541,41.3111512668299,1
1065,2,12,39,0.0183705162901868,41.3111512669048,1
1066,2,12,40,0.0183548650786712,41.3111512670448,1
1067,2,13,14,2.88885385808516e-07,0,0
1068,2,13,15,0.000562693029118974,41.3111512658951,1
1069,2,13,16,0.000564269584081041,41.3111512659563,1
1070,2,13,17,0.00056558216638271,41.3111512663889,1
1071,2,13,18,0.000567043826929714,41.31115126619,1
1072,2,13,19,0.00749628484189152,41.3111512661603,1
1073,2,13,20,0.00756245147934686,41.311151266088,1
1074,2,13,21,0.00762629211401082,41.3111512662374,1
1075,2,13,22,0.00768711647389997,41.3111512659796,1
1076,2,13,23,0.00833611235444738,41.3111512662308,1
1077,2,13,24,0.0083711550400301,41.3111512659691,1
1078,2,13,25,0.00840259313373453,41.3111512659302,1
1079,2,13,26,0.00843537775686054,41.3111512663882,1
1080,2,13,27,0.0196658934499851,41.3111512659366,1
1081,2,13,28,0.0196938493011972,41.3111512659722,1
1082,2,13,29,0.0197216442221605,41.3111512658177,1
1083,2,13,30,0.0197491992667386,41.311151265962,1
1084,2,13,31,0.0197764820919891,41.3111512658535,1
1085,2,13,32,0.0198040785721449,41.3111512660087,1
1086,2,13,33,0.0198337387340728,41.3111512664303,1
1087,2,13,34,0.0184777174935619,41.311151266559,1
1088,2,13,35,0.0184619437427597,41.3111512667162,1
1089,2,13,36,0.0184446828299312,41.3111512664809,1
1090,2,13,37,0.0184274129644762,41.3111512668545,1
1091,2,13,38,0.0184101415779977,41.311151266735,1
1092,2,13,39,0.0183927883365094,41.3111512667021,1
1093,2,13,40,0.0183771165993729,41.3111512668161,1
1094,2,14,15,0.000562874684560637,41.3111512660356,1
1095,2,14,16,0.000564452939250534,41.3111512658759,1
1096,2,14,17,0.000565766901160503,41.3111512659707,1
1097,2,14,18,0.000567230134532291,41.3111512657034,1
1098,2,14,19,0.00750601870007502,41.3111512663892,1
1099,2,14,20,0.00757226516669788,41.3111512660615,1
1100,2,14,21,0.00763618213147197,0,0
1101,2,14,22,0.00769707840328353,41.3111512663538,1
1102,2,14,23,0.0083467652783184,41.311151266291,1
1103,2,14,24,0.00838183768510471,41.3111512659481,1
1104,2,14,25,0.00841330101634976,41.3111512663134,1
1105,2,14,26,0.00844611033157833,41.3111512662231,1
1106,2,14,27,0.0196886396053305,41.3111512664171,1
1107,2,14,28,0.0197166250142245,41.3111512658611,1
1108,2,14,29,0.0197444491728107,41.3111512663494,1
1109,2,14,30,0.0197720331142186,41.3111512662549,1
1110,2,14,31,0.0197993444165379,41.3111512661074,1
1111,2,14,32,0.0198269695223396,41.311151266229,1
1112,2,14,33,0.0198566602808064,41.3111512663653,1
1113,2,14,34,0.0184991756453395,41.3111512664868,1
1114,2,14,35,0.0184833817600321,41.311151266799,1
1115,2,14,36,0.0184660988193925,41.3111512667398,1
1116,2,14,37,0.0184488068829476,41.3111512665467,1
1117,2,14,38,0.0184315134266542,41.3111512665633,1
1118,2,14,39,0.0184141380182181,41.3111512667936,1
1119,2,14,40,0.0183984462537373,41.3111512669178,1
1120,2,15,16,2.31938078915615e-06,0,0
1121,2,15,17,4.18122040360046e-06,41.3111512662242,1
1122,2,15,18,6.32566584838213e-06,41.3111512658134,1
1123,2,15,19,0.0142459030974702,41.3111512663712,1
1124,2,15,20,0.0143597883542271,41.311151266182,1
1125,2,15,21,0.0144683207471048,41.3111512662307,1
1126,2,15,22,0.014570144040827,41.3111512661586,1
1127,2,15,23,0.0155079697711904,41.3111512663296,1
1128,2,15,24,0.0155438255813514,41.31115126594,1
1129,2,15,25,0.0155732147017579,41.3111512659574,1
1130,2,15,26,0.0156006946961783,0,0
1131,2,15,27,0.0319389174564901,41.3111512663416,1
1132,2,15,28,0.0319789110652797,41.3111512663764,1
1133,2,15,29,0.0320183824559427,41.3111512662485,1
1134,2,15,30,0.0320573408854795,41.3111512662654,1
1135,2,15,31,0.032095652876848,41.3111512663212,1
1136,2,15,32,0.0321340570369831,41.3111512664823,1
1137,2,15,33,0.0321750024426235,41.3111512661855,1
1138,2,15,34,0.0301772776302583,41.3111512668563,1
1139,2,15,35,0.0301479782660416,41.3111512669724,1
1140,2,15,36,0.0301159262571363,41.3111512668057,1
1141,2,15,37,0.0300837957737242,41.3111512668145,1
1142,2,15,38,0.030051668535229,41.3111512669562,1
1143,2,15,39,0.0300194035723504,41.3111512669096,1
1144,2,15,40,0.0299902487892735,41.3111512669549,1
1145,2,16,17,1.86164575085202e-06,42.3062688026644,1
1146,2,16,18,4.00607464791403e-06,41.3111512663688,1
1147,2,16,19,0.0142549181552416,41.3111512661587,1
1148,2,16,20,0.014368849761851,41.3111512662223,1
1149,2,16,21,0.0144774230945302,41.3111512663962,1
1150,2,16,22,0.0145792809633513,41.3111512664606,1
1151,2,16,23,0.0155170591815412,41.3111512660566,1
1152,2,16,24,0.0155528710091486,41.3111512658218,1
1153,2,16,25,0.0155822128864836,0,0
1154,2,16,26,0.015609634738539,0,0
1155,2,16,27,0.0319473425889944,41.311151265802,1
1156,2,16,28,0.0319873330199557,41.3111512659658,1
1157,2,16,29,0.0320268004329811,41.311151265844,1
1158,2,16,30,0.0320657544364179,41.3111512658798,1
1159,2,16,31,0.0321040613125628,41.3111512659734,1
1160,2,16,32,0.0321424593228497,41.3111512658574,1
1161,2,16,33,0.0321833971923609,41.3111512661761,1
1162,2,16,34,0.0301856645722736,41.3111512667854,1
1163,2,16,35,0.0301563481352962,41.3111512668907,1
1164,2,16,36,0.0301242774712387,41.3111512669273,1
1165,2,16,37,0.0300921281497065,41.3111512668208,1
1166,2,16,38,0.0300599820884523,41.3111512670366,1
1167,2,16,39,0.0300276982543387,41.3111512668571,1
1168,2,16,40,0.0299985263830958,41.3111512668289,1
1169,2,17,18,2.14459485545121e-06,0,0
1170,2,17,19,0.0142633455569542,41.3111512660899,1
1171,2,17,20,0.0143773238890503,41.3111512661623,1
1172,2,17,21,0.014485939156984,41.3111512661414,1
1173,2,17,22,0.0145878332911389,41.3111512661816,1
1174,2,17,23,0.015525651757234,41.3111512662408,1
1175,2,17,24,0.0155614312756471,41.3111512660131,1
1176,2,17,25,0.015590737685955,0,0
1177,2,17,26,0.0156181151622061,0,0
1178,2,17,27,0.0319567752957005,41.3111512662256,1
1179,2,17,28,0.0319967665185533,41.3111512659694,1
1180,2,17,29,0.0320362340377891,41.3111512659673,1
1181,2,17,30,0.032075187744566,41.3111512661828,1
1182,2,17,31,0.032113493716838,41.3111512660062,1
1183,2,17,32,0.0321518900004302,41.3111512662911,1
1184,2,17,33,0.0321928252428435,41.3111512663313,1
1185,2,17,34,0.0301949193770188,41.3111512669072,1
1186,2,17,35,0.0301655867862376,41.3111512667799,1
1187,2,17,36,0.0301334984680635,41.3111512665732,1
1188,2,17,37,0.0301013313389814,41.3111512665836,1
1189,2,17,38,0.0300691674827793,41.3111512666872,1
1190,2,17,39,0.030036865803293,41.3111512667253,1
1191,2,17,40,0.0300076777779647,41.3111512668496,1
1192,2,18,19,0.0142717823073427,41.3111512661498,1
1193,2,18,20,0.0143858043059517,41.3111512662797,1
1194,2,18,21,0.014494458200201,41.3111512660936,1
1195,2,18,22,0.0145963850281494,41.3111512662505,1
1196,2,18,23,0.0155341662565526,41.3111512661669,1
1197,2,18,24,0.015569905365536,41.3111512660397,1
1198,2,18,25,0.0155991683056785,41.3111512659812,1
1199,2,18,26,0.0156264922209106,0,0
1200,2,18,27,0.0319647928464791,41.3111512664687,1
1201,2,18,28,0.032004781416522,41.3111512664154,1
1202,2,18,29,0.0320442455397371,41.3111512664586,1
1203,2,18,30,0.0320831954321955,41.3111512664037,1
1204,2,18,31,0.0321214969483894,41.3111512664519,1
1205,2,18,32,0.0321598878199713,41.3111512663443,1
1206,2,18,33,0.0322008163867819,41.3111512663011,1
1207,2,18,34,0.0302028890492682,41.3111512668567,1
1208,2,18,35,0.0301735404643726,41.3111512670165,1
1209,2,18,36,0.0301414346694031,41.3111512668238,1
1210,2,18,37,0.0301092498937976,41.3111512667816,1
1211,2,18,38,0.0300770684052979,41.311151266603,1
1212,2,18,39,0.0300447490477117,41.311151266593,1
1213,2,18,40,0.0300155450150572,41.3111512667888,1
1214,2,19,20,0.000157967447492692,0,0
1215,2,19,21,0.000328358333036935,0,0
1216,2,19,22,0.000511764770160479,0,0
1217,2,19,23,0.00444876683600262,0,0
1218,2,19,24,0.0048582784612739,0,0
1219,2,19,25,0.00526268158497915,0,0
1220,2,19,26,0.00572660895745733,0,0
1221,2,19,27,0.0723932721930654,509.132190878605,1
1222,2,19,28,0.0725682394646266,465.310349704614,1
1223,2,19,29,0.0727460894786702,460.350673730345,1
1224,2,19,30,0.072924700204064,460.350673712688,1
1225,2,19,31,0.0731050310049352,460.350673780898,1
1226,2,19,32,0.0732920748338023,460.350673773075,1
1227,2,19,33,0.0734975107696539,460.350673776798,1
1228,2,19,34,0.0657806336510131,41.3111512660969,1
1229,2,19,35,0.0657716146205759,41.3111512665901,1
1230,2,19,36,0.0657616157353415,41.3111512661774,1
1231,2,19,37,0.065752435642917,41.3111512662715,1
1232,2,19,38,0.0657431738128999,41.3111512661212,1
1233,2,19,39,0.0657336744158185,41.3111512662019,1
1234,2,19,40,0.0657253119696476,41.3111512659541,1
1235,2,20,21,0.000170549557455786,0,0
1236,2,20,22,0.000354293110685285,0,0
1237,2,20,23,0.0043123693444653,0,0
1238,2,20,24,0.00472475711493424,0,0
1239,2,20,25,0.00513206725190207,0,0
1240,2,20,26,0.00559939865872078,0,0
1241,2,20,27,0.0726178432225758,509.132190879546,1
1242,2,20,28,0.0727937657515368,509.132190882799,1
1243,2,20,29,0.072972599859013,509.13219087606,1
1244,2,20,30,0.073152206447186,509.132190879656,1
1245,2,20,31,0.0733335540296522,509.132190874724,1
1246,2,20,32,0.0735216672836881,509.132190878521,1
1247,2,20,33,0.0737282914968269,509.132190882096,1
1248,2,20,34,0.0659718757797018,41.3111512661307,1
1249,2,20,35,0.0659631095385162,41.3111512663203,1
1250,2,20,36,0.0659533861323717,41.3111512662449,1
1251,2,20,37,0.0659444889348428,41.3111512660322,1
1252,2,20,38,0.0659355093103091,41.3111512662557,1
1253,2,20,39,0.0659262917467153,41.3111512660524,1
1254,2,20,40,0.0659181857354865,41.3111512659584,1
1255,2,21,22,0.000183922957672048,0,0
1256,2,21,23,0.00416077618975515,0,0
1257,2,21,24,0.004575854963602,0,0
1258,2,21,25,0.00498589453093205,0,0
1259,2,21,26,0.00545643168799067,0,0
1260,2,21,27,0.0727873596522535,460.35067369557,1
1261,2,21,28,0.0729641368178182,460.350673688413,1
1262,2,21,29,0.0731438537701589,460.350673688993,1
1263,2,21,30,0.0733243551340456,460.350673689682,1
1264,2,21,31,0.0735066183284672,460.350673684521,1
1265,2,21,32,0.0736956972352506,460.350673689117,1
1266,2,21,33,0.0739033968263187,460.350673681908,1
1267,2,21,34,0.0661120842665033,41.3111512659424,1
1268,2,21,35,0.0661035997545721,41.3111512661506,1
1269,2,21,36,0.0660941835362002,41.3111512659219,1
1270,2,21,37,0.0660856007030252,41.3111512663021,1
1271,2,21,38,0.0660769347813163,41.3111512658283,1
1272,2,21,39,0.0660680307579221,41.3111512660853,1
1273,2,21,40,0.0660602097488434,41.3111512659897,1
1274,2,22,23,0.00399291927158377,0,0
1275,2,22,24,0.00441046343045189,0,0
1276,2,22,25,0.00482301512382536,0,0
1277,2,22,26,0.00529651443814112,0,0
1278,2,22,27,0.072893602011997,460.350673694079,1
1279,2,22,28,0.073071114873889,460.350673695075,1
1280,2,22,29,0.0732515948503085,460.350673686358,1
1281,2,22,30,0.0734328712795259,44.9661661724332,1
1282,2,22,31,0.0736159301560599,44.9661661723605,1
1283,2,22,32,0.0738058515400427,41.3111512657317,1
1284,2,22,33,0.0740144923499708,41.3111512659647,1
1285,2,22,34,0.0661937423966527,41.3111512663327,1
1286,2,22,35,0.066185570630399,41.3111512663071,1
1287,2,22,36,0.0661764955925963,41.3111512661398,1
1288,2,22,37,0.0661682608026591,41.3111512658777,1
1289,2,22,38,0.0661599422981883,41.3111512658033,1
1290,2,22,39,0.0661513857671188,41.3111512660746,1
1291,2,22,40,0.0661438803353009,41.3111512660009,1
1292,2,23,24,0.000434593702075339,0,0
1293,2,23,25,0.000865645775894572,0,0
1294,2,23,26,0.00136209163350006,0,0
1295,2,23,27,0.0688326933954435,41.3111512664649,1
1296,2,23,28,0.0690106719272737,41.3111512662527,1
1297,2,23,29,0.0691919516685559,41.3111512659878,1
1298,2,23,30,0.0693742197033128,41.3111512660851,1
1299,2,23,31,0.0695585620699662,41.3111512661041,1
1300,2,23,32,0.0697501833993623,41.3111512664101,1
1301,2,23,33,0.0699610326308819,41.3111512660861,1
1302,2,23,34,0.0621843627747717,41.3111512664516,1
1303,2,23,35,0.0621836944555028,41.3111512664269,1
1304,2,23,36,0.0621828190813246,41.311151266033,1
1305,2,23,37,0.0621828595444114,41.311151266079,1
1306,2,23,38,0.0621828100153098,41.3111512660682,1
1307,2,23,39,0.0621825448818228,41.3111512660687,1
1308,2,23,40,0.062182546164271,41.3111512660563,1
1309,2,24,25,0.00043122510708727,0,0
1310,2,24,26,0.000928048695369541,0,0
1311,2,24,27,0.0680967878862876,41.3111512661678,1
1312,2,24,28,0.0682740571437115,41.3111512662016,1
1313,2,24,29,0.0684546498778637,41.3111512658225,1
1314,2,24,30,0.0686362475656815,41.3111512664345,1
1315,2,24,31,0.0688199424971512,41.311151265849,1
1316,2,24,32,0.0690109306380471,41.3111512661963,1
1317,2,24,33,0.0692211199220975,41.3111512661939,1
1318,2,24,34,0.0614824537397489,41.3111512663914,1
1319,2,24,35,0.0614826049575453,41.3111512664983,1
1320,2,24,36,0.0614826257815262,41.3111512660161,1
1321,2,24,37,0.0614835667594307,41.3111512660687,1
1322,2,24,38,0.0614844174461417,41.3111512660183,1
1323,2,24,39,0.0614850558895442,41.3111512660122,1
1324,2,24,40,0.06148587420551,41.3111512660215,1
1325,2,25,26,0.0004970005810506,0,0
1326,2,25,27,0.0673394737784875,41.3111512660121,1
1327,2,25,28,0.0675159686795202,41.3111512662798,1
1328,2,25,29,0.0676958078287202,41.3111512662996,1
1329,2,25,30,0.0678766680625196,41.3111512661075,1
1330,2,25,31,0.0680596474391174,41.3111512658709,1
1331,2,25,32,0.0682499312576096,41.3111512662303,1
1332,2,25,33,0.0684593820227739,41.3111512661834,1
1333,2,25,34,0.0607615060886564,41.3111512660402,1
1334,2,25,35,0.0607624704309673,41.3111512659777,1
1335,2,25,36,0.0607633804982621,41.3111512664619,1
1336,2,25,37,0.0607652146363215,41.31115126603,1
1337,2,25,38,0.0607669582224492,41.3111512660371,1
1338,2,25,39,0.0607684929847977,41.3111512660183,1
1339,2,25,40,0.0607701216755309,41.3111512661383,1
1340,2,26,27,0.0664390063773213,41.3111512659737,1
1341,2,26,28,0.0666145363672423,41.3111512659138,1
1342,2,26,29,0.0667934331724525,41.3111512661838,1
1343,2,26,30,0.0669733692345778,41.3111512662303,1
1344,2,26,31,0.0671554488091764,41.3111512659921,1
1345,2,26,32,0.0673448427733966,41.3111512661769,1
1346,2,26,33,0.0675533564048466,41.3111512663467,1
1347,2,26,34,0.0599056520518553,41.3111512664882,1
1348,2,26,35,0.0599075531500924,41.3111512660173,1
1349,2,26,36,0.059909487724915,41.311151266073,1
1350,2,26,37,0.059912350505508,41.3111512660659,1
1351,2,26,38,0.0599151224708268,41.3111512660601,1
1352,2,26,39,0.0599176896391921,41.3111512663109,1
1353,2,26,40,0.0599202516440048,41.3111512660398,1
1354,2,27,28,0.000189036596589502,0,0
1355,2,27,29,0.000387189972388615,0,0
1356,2,27,30,0.000589655551565418,0,0
1357,2,27,31,0.000799262490771498,0,0
1358,2,27,32,0.00102345147837548,0,0
1359,2,27,33,0.00127596123346581,0,0
1360,2,27,34,0.00587324261194272,41.3111512661546,1
1361,2,27,35,0.00574457272224846,41.3111512659002,1
1362,2,27,36,0.00560411155097933,41.3111512662481,1
1363,2,27,37,0.00546141588589936,41.311151265997,1
1364,2,27,38,0.00531891996388599,41.3111512661483,1
1365,2,27,39,0.00517625678789835,41.3111512659035,1
1366,2,27,40,0.00504684957121167,41.3111512661342,1
1367,2,28,29,0.000198167882591259,0,0
1368,2,28,30,0.000400656404318985,0,0
1369,2,28,31,0.00061029905448708,0,0
1370,2,28,32,0.000834541467037073,0,0
1371,2,28,33,0.00108712506922115,0,0
1372,2,28,34,0.00605920702457506,41.3111512660228,1
1373,2,28,35,0.00593020260177274,41.3111512660851,1
1374,2,28,36,0.00578937584041035,41.3111512662118,1
1375,2,28,37,0.00564631132275883,41.3111512661886,1
1376,2,28,38,0.00550344681749595,41.3111512661849,1
1377,2,28,39,0.00536041403367687,41.3111512661754,1
1378,2,28,40,0.00523067221633944,41.3111512661798,1
1379,2,29,30,0.000202497033401394,0,0
1380,2,29,31,0.000412161031411385,0,0
1381,2,29,32,0.000636442241053908,0,0
1382,2,29,33,0.000889083874035078,0,0
1383,2,29,34,0.00625368933590946,41.3111512659248,1
1384,2,29,35,0.00612434412048553,41.3111512662176,1
1385,2,29,36,0.00598314491658351,41.3111512658932,1
1386,2,29,37,0.00583970470804915,41.311151266052,1
1387,2,29,38,0.00569646477888584,41.3111512662841,1
1388,2,29,39,0.00555305551000636,41.3111512661266,1
1389,2,29,40,0.00542297288583012,41.3111512658425,1
1390,2,30,31,0.000209676806761294,0,0
1391,2,30,32,0.000433988027763878,0,0
1392,2,30,33,0.000686678107854629,0,0
1393,2,30,34,0.00645215167610849,41.3111512661133,1
1394,2,30,35,0.00632246377876396,41.311151266004,1
1395,2,30,36,0.00618089006075363,41.3111512662134,1
1396,2,30,37,0.0060370721150602,41.311151265973,1
1397,2,30,38,0.00589345471295011,41.3111512658491,1
1398,2,30,39,0.00574966689405558,41.3111512659945,1
1399,2,30,40,0.00561924160510402,41.3111512660236,1
1400,2,31,32,0.000224328107864823,0,0
1401,2,31,33,0.000477052369151789,0,0
1402,2,31,34,0.00665724261029028,41.3111512663249,1
1403,2,31,35,0.00652720808411042,41.3111512660223,1
1404,2,31,36,0.00638525552825504,41.3111512658166,1
1405,2,31,37,0.00624105554934494,41.3111512658744,1
1406,2,31,38,0.00609705637491346,41.3111512659963,1
1407,2,31,39,0.00595288567921989,41.3111512658618,1
1408,2,31,40,0.00582211382582931,41.3111512661618,1
1409,2,32,33,0.000252740477116295,0,0
1410,2,32,34,0.00687612824659513,41.3111512662195,1
1411,2,32,35,0.00674573334333416,41.3111512660183,1
1412,2,32,36,0.00660338691061188,41.3111512661457,1
1413,2,32,37,0.0064587898171866,41.3111512659403,1
1414,2,32,38,0.00631439379119315,41.3111512659626,1
1415,2,32,39,0.00616982507609781,41.3111512662961,1
1416,2,32,40,0.0060386929739045,41.3111512660109,1
1417,2,33,34,0.00712223988439839,41.3111512662296,1
1418,2,33,35,0.00699144838610166,41.311151266216,1
1419,2,33,36,0.00684866847955945,41.3111512660208,1
1420,2,33,37,0.00670363442729216,41.311151266346,1
1421,2,33,38,0.00655880172417991,41.311151265962,1
1422,2,33,39,0.00641379502869575,41.3111512663015,1
1423,2,33,40,0.00628226652928167,41.3111512659929,1
1424,2,34,35,0.00011618504962148,41.3111512663291,1
1425,2,34,36,0.000243004831246113,41.3111512664255,1
1426,2,34,37,0.000371921429093938,41.311151265736,1
1427,2,34,38,0.000500649897716688,41.3111512651018,1
1428,2,34,39,0.000629511069049368,41.3111512661945,1
1429,2,34,40,0.000746419364269156,41.3111512654043,1
1430,2,35,36,0.000126820054189756,41.3111512663154,1
1431,2,35,37,0.000255735190920265,41.3111512660843,1
1432,2,35,38,0.000384462368588611,41.3111512661287,1
1433,2,35,39,0.000513322650375229,41.3111512656585,1
1434,2,35,40,0.000630229686740492,41.311151266179,1
1435,2,36,37,0.000128913239440301,41.3111512661508,1
1436,2,36,38,0.000257638705998322,41.3111512658507,1
1437,2,36,39,0.000386497714513491,41.311151265163,1
1438,2,36,40,0.000503403102536025,41.3111512661611,1
1439,2,37,38,0.000128725653001564,41.3111512662904,1
1440,2,37,39,0.00025758529502373,41.3111512662837,1
1441,2,37,40,0.000374490756459263,41.3111512648672,1
1442,2,38,39,0.000128860088241244,41.3111512663834,1
1443,2,38,40,0.000245765453905915,41.3111512658742,1
1444,2,39,40,0.000116904864548985,41.3111512655589,1
1445,3,4,5,6.1938089915628e-07,44.9661661725547,1
1446,3,4,6,6.23287931558422e-07,42.30626880265,1
1447,3,4,7,6.30553082625542e-07,42.3062688026264,1
1448,3,4,8,6.36876117881082e-07,0,0
1449,3,4,9,2.11727742524151e-05,460.35067369179,1
1450,3,4,10,2.19809150410221e-05,41.3111512661443,1
1451,3,4,11,5.27737318491844e-06,0,0
1452,3,4,12,5.30210351997558e-06,0,0
1453,3,4,13,5.3178037980185e-06,0,0
1454,3,4,14,5.33498103737944e-06,0,0
1455,3,4,15,3.02528013227327e-05,41.3111512661199,1
1456,3,4,16,3.03157567514319e-05,41.3111512664606,1
1457,3,4,17,3.03688145125384e-05,41.3111512662727,1
1458,3,4,18,3.04272368600563e-05,41.3111512663404,1
1459,3,4,19,0.00026951087961375,41.311151266053,1
1460,3,4,20,0.000271999259340473,41.3111512662238,1
1461,3,4,21,0.000274412711830962,41.3111512660494,1
1462,3,4,22,0.00027672684117196,41.3111512661714,1
1463,3,4,23,0.000302800727502432,41.3111512657049,1
1464,3,4,24,0.00030434605244143,41.3111512658676,1
1465,3,4,25,0.000305758256713744,41.3111512659384,1
1466,3,4,26,0.000307260404195441,41.3111512657951,1
1467,3,4,27,0.000757403781808691,41.3111512660139,1
1468,3,4,28,0.000758530473826763,41.3111512660047,1
1469,3,4,29,0.000759653389462302,41.311151265814,1
1470,3,4,30,0.000760768212388546,41.3111512659091,1
1471,3,4,31,0.000761874448722742,41.3111512661836,1
1472,3,4,32,0.000762996634658321,41.3111512663305,1
1473,3,4,33,0.000764205806049217,41.3111512659943,1
1474,3,4,34,0.000709975802369908,41.3111512651021,1
1475,3,4,35,0.000709402561213136,41.3111512650158,1
1476,3,4,36,0.000708775183886338,41.3111512651842,1
1477,3,4,37,0.000708148057121903,41.311151265106,1
1478,3,4,38,0.000707520818569021,41.3111512650934,1
1479,3,4,39,0.000706890471957905,41.311151265274,1
1480,3,4,40,0.00070632135635651,41.3111512653384,1
1481,3,5,6,1.64599794638733e-08,0,0
1482,3,5,7,7.16897068033508e-08,0,0
1483,3,5,8,1.12575678723028e-07,0,0
1484,3,5,9,0.000225795242428284,41.3111512661005,1
1485,3,5,10,0.000234426041433301,41.3111512659353,1
1486,3,5,11,4.416050827709e-05,44.9661661724302,1
1487,3,5,12,4.442226665725e-05,41.3111512660162,1
1488,3,5,13,4.45800787318837e-05,41.3111512666135,1
1489,3,5,14,4.47553808872955e-05,41.3111512665386,1
1490,3,5,15,0.000316022538773326,41.3111512659435,1
1491,3,5,16,0.000316726326737413,41.3111512657405,1
1492,3,5,17,0.00031731755914168,41.3111512658306,1
1493,3,5,18,0.000317970508247033,41.3111512658624,1
1494,3,5,19,0.00310227259037603,41.3111512661554,1
1495,3,5,20,0.00313054684645917,41.3111512661883,1
1496,3,5,21,0.00315793024260219,41.3111512660782,1
1497,3,5,22,0.00318414065786929,41.3111512662065,1
1498,3,5,23,0.00347515930040661,41.3111512661848,1
1499,3,5,24,0.00349200203875598,41.3111512663215,1
1500,3,5,25,0.00350732449853228,41.3111512663539,1
1501,3,5,26,0.00352354519026542,41.3111512659271,1
1502,3,5,27,0.00855050342901107,41.3111512662712,1
1503,3,5,28,0.00856306613402757,41.3111512659425,1
1504,3,5,29,0.00857557871743682,41.3111512661087,1
1505,3,5,30,0.0085879964008295,41.3111512663,1
1506,3,5,31,0.00860031128661937,41.3111512660912,1
1507,3,5,32,0.00861279422494229,41.311151266581,1
1508,3,5,33,0.00862623577114838,41.3111512663574,1
1509,3,5,34,0.00801910559552085,41.3111512660716,1
1510,3,5,35,0.00801252907886093,41.3111512659426,1
1511,3,5,36,0.0080053317780544,41.3111512659818,1
1512,3,5,37,0.00799813548396203,41.3111512660587,1
1513,3,5,38,0.00799093809081335,41.3111512661107,1
1514,3,5,39,0.00798370547302388,41.3111512660016,1
1515,3,5,40,0.00797717493092365,41.3111512662174,1
1516,3,6,7,5.53850438773885e-08,0,0
1517,3,6,8,9.63608890669626e-08,0,0
1518,3,6,9,0.00022665688653102,41.3111512662846,1
1519,3,6,10,0.000235320652052467,41.3111512661807,1
1520,3,6,11,4.42988255591025e-05,41.3111512669332,1
1521,3,6,12,4.45615778957543e-05,41.3111512658832,1
1522,3,6,13,4.47199682101034e-05,41.3111512663591,1
1523,3,6,14,4.48959196819455e-05,41.3111512661538,1
1524,3,6,15,0.000317212032687989,41.3111512659819,1
1525,3,6,16,0.000317918587087592,41.3111512661307,1
1526,3,6,17,0.000318512138960387,41.3111512659597,1
1527,3,6,18,0.000319167654277699,41.3111512657308,1
1528,3,6,19,0.00311467939206893,41.3111512661796,1
1529,3,6,20,0.00314306587272271,41.3111512665193,1
1530,3,6,21,0.00317055786510705,41.3111512659811,1
1531,3,6,22,0.00319687211699615,41.3111512660968,1
1532,3,6,23,0.00348903358397888,41.3111512660979,1
1533,3,6,24,0.00350594149887433,41.3111512662111,1
1534,3,6,25,0.00352132308300135,41.3111512661987,1
1535,3,6,26,0.00353760617486912,41.31115126596,1
1536,3,6,27,0.00858431177422931,41.3111512647034,1
1537,3,6,28,0.00859692378261974,41.3111512648236,1
1538,3,6,29,0.00860948545359459,41.3111512649767,1
1539,3,6,30,0.00862195184098985,41.3111512647761,1
1540,3,6,31,0.00863431501052647,41.3111512648009,1
1541,3,6,32,0.00864684686880654,41.3111512647107,1
1542,3,6,33,0.00866034107020486,41.311151264602,1
1543,3,6,34,0.00805082229569765,41.3111512663841,1
1544,3,6,35,0.0080442195284284,41.3111512659661,1
1545,3,6,36,0.00803699349979125,41.3111512659769,1
1546,3,6,37,0.00802976847755991,41.3111512661736,1
1547,3,6,38,0.00802254235231027,41.3111512659733,1
1548,3,6,39,0.00801528086282036,41.3111512658671,1
1549,3,6,40,0.00800872425048047,41.3111512660348,1
1550,3,7,8,4.08916050220278e-08,0,0
1551,3,7,9,0.000227417436296481,41.3111512661395,1
1552,3,7,10,0.000236110377181945,41.3111512662101,1
1553,3,7,11,4.43462356129467e-05,41.3111512653769,1
1554,3,7,12,4.46098531111069e-05,41.3111512663065,1
1555,3,7,13,4.47686945315316e-05,41.311151266352,1
1556,3,7,14,4.49451705632944e-05,41.3111512662258,1
1557,3,7,15,0.000318221262254911,41.311151266037,1
1558,3,7,16,0.00031893045818692,41.3111512659259,1
1559,3,7,17,0.000319526213916915,41.3111512662152,1
1560,3,7,18,0.000320184178653588,41.3111512658264,1
1561,3,7,19,0.00312703603179741,41.3111512662255,1
1562,3,7,20,0.00315553227400186,41.3111512661526,1
1563,3,7,21,0.00318313025962365,41.3111512659737,1
1564,3,7,22,0.00320954560260874,41.3111512662728,1
1565,3,7,23,0.00350279564169581,41.3111512662847,1
1566,3,7,24,0.00351976332137173,41.3111512663169,1
1567,3,7,25,0.00353519870813964,41.3111512662354,1
1568,3,7,26,0.00355153811847004,41.3111512660705,1
1569,3,7,27,0.00861706947597222,41.3111512646441,1
1570,3,7,28,0.00862972837482513,41.3111512646909,1
1571,3,7,29,0.00864233668508829,41.311151264671,1
1572,3,7,30,0.00865484932024409,41.3111512645859,1
1573,3,7,31,0.00866725829741632,41.3111512645414,1
1574,3,7,32,0.00867983651232359,41.3111512645989,1
1575,3,7,33,0.00869338055810295,41.3111512659177,1
1576,3,7,34,0.00808157597832036,41.3111512659715,1
1577,3,7,35,0.00807494718597628,41.3111512660749,1
1578,3,7,36,0.00806769267793502,41.3111512662175,1
1579,3,7,37,0.00806043916576556,41.3111512663431,1
1580,3,7,38,0.00805318454765427,41.3111512664206,1
1581,3,7,39,0.00804589442927151,41.3111512660483,1
1582,3,7,40,0.00803931196325186,41.311151266307,1
1583,3,8,9,0.000228324861477838,41.3111512660705,1
1584,3,8,10,0.000237052564857312,41.3111512662252,1
1585,3,8,11,4.4448689400195e-05,41.3111512661296,1
1586,3,8,12,4.47133466199257e-05,41.3111512663438,1
1587,3,8,13,4.48727626951146e-05,41.3111512664652,1
1588,3,8,14,4.50498944358007e-05,41.3111512665113,1
1589,3,8,15,0.000319450403272518,41.3111512657227,1
1590,3,8,16,0.00032016262816816,41.3111512660153,1
1591,3,8,17,0.00032076091717809,41.311151265988,1
1592,3,8,18,0.000321421691116267,41.3111512656552,1
1593,3,8,19,0.00314091531789652,41.3111512661327,1
1594,3,8,20,0.00316953594122815,41.3111512658249,1
1595,3,8,21,0.00319725415953481,41.3111512659968,1
1596,3,8,22,0.00322378431709139,41.3111512661492,1
1597,3,8,23,0.00351828409596434,41.3111512660223,1
1598,3,8,24,0.00353532170856259,41.3111512661357,1
1599,3,8,25,0.00355082029571202,41.3111512664049,1
1600,3,8,26,0.00356722613890464,41.3111512659294,1
1601,3,8,27,0.00865436146367549,41.311151265026,1
1602,3,8,28,0.00866707423653152,41.3111512648827,1
1603,3,8,29,0.00867973615840741,41.311151264993,1
1604,3,8,30,0.00869230197058411,41.3111512649771,1
1605,3,8,31,0.00870476364216356,41.3111512651334,1
1606,3,8,32,0.00871739521421581,41.3111512645609,1
1607,3,8,33,0.00873099666122123,41.3111512648089,1
1608,3,8,34,0.00811657388785301,41.3111512663586,1
1609,3,8,35,0.00810991579847236,41.3111512662432,1
1610,3,8,36,0.00810262922961842,41.3111512664335,1
1611,3,8,37,0.00809534365037359,41.3111512661567,1
1612,3,8,38,0.00808805696134633,41.3111512664772,1
1613,3,8,39,0.00808073461761817,41.3111512662677,1
1614,3,8,40,0.00807412305156738,41.3111512663239,1
1615,3,9,10,4.25608331955648e-07,41.3111512663239,1
1616,3,9,11,0.000414293184371923,0,0
1617,3,9,12,0.000414360737161921,0,0
1618,3,9,13,0.000414689660215233,0,0
1619,3,9,14,0.000414959132463033,0,0
1620,3,9,15,0.000225813771249418,0,0
1621,3,9,16,0.000224706040287303,0,0
1622,3,9,17,0.000223837689009848,0,0
1623,3,9,18,0.00022281528763236,41.3111512663239,1
1624,3,9,19,0.00779720981486695,41.31115126591,1
1625,3,9,20,0.0078565919133548,41.3111512664123,1
1626,3,9,21,0.00791283577665206,41.3111512663103,1
1627,3,9,22,0.00796519097519995,41.3111512658951,1
1628,3,9,23,0.00840807278996531,41.3111512658003,1
1629,3,9,24,0.00842047303938026,41.3111512660901,1
1630,3,9,25,0.00842943356079515,41.3111512661805,1
1631,3,9,26,0.00843631024926998,41.3111512660412,1
1632,3,9,27,0.0161769733794122,41.31115126633,1
1633,3,9,28,0.0161956785412383,41.3111512663522,1
1634,3,9,29,0.0162140470374257,41.3111512660931,1
1635,3,9,30,0.0162321216895966,41.3111512662473,1
1636,3,9,31,0.0162498125733918,41.311151266097,1
1637,3,9,32,0.0162674337008137,41.3111512661694,1
1638,3,9,33,0.0162861131210103,41.3111512660748,1
1639,3,9,34,0.0153016569914067,41.311151266194,1
1640,3,9,35,0.015285821862075,41.3111512662544,1
1641,3,9,36,0.0152685013253572,41.3111512663222,1
1642,3,9,37,0.0152511238594465,41.311151266269,1
1643,3,9,38,0.01523374957611,41.3111512660801,1
1644,3,9,39,0.0152163042240555,41.3111512662626,1
1645,3,9,40,0.0152005367077227,41.3111512661545,1
1646,3,10,11,0.000430212369581818,41.3111512658843,1
1647,3,10,12,0.000430282997906503,41.3111512663419,1
1648,3,10,13,0.000430624791181808,41.3111512660793,1
1649,3,10,14,0.000430904894171161,41.3111512661816,1
1650,3,10,15,0.000235040959012102,0,0
1651,3,10,16,0.000233892212724931,0,0
1652,3,10,17,0.000232991784013843,0,0
1653,3,10,18,0.000231931533122254,0,0
1654,3,10,19,0.00808940285197472,41.3111512661877,1
1655,3,10,20,0.00815100147722457,41.31115126605,1
1656,3,10,21,0.00820934359056791,41.3111512660756,1
1657,3,10,22,0.00826365060979933,41.3111512660243,1
1658,3,10,23,0.00872291259239915,41.3111512657168,1
1659,3,10,24,0.00873575508164814,41.3111512659176,1
1660,3,10,25,0.00874502922832813,41.3111512658654,1
1661,3,10,26,0.00875213819651767,41.3111512660498,1
1662,3,10,27,0.0167792050242557,41.3111512663755,1
1663,3,10,28,0.0167986014924994,41.311151266163,1
1664,3,10,29,0.0168176485208702,41.3111512664382,1
1665,3,10,30,0.0168363906522087,41.3111512661078,1
1666,3,10,31,0.0168547345397727,41.3111512660838,1
1667,3,10,32,0.0168730056878278,41.3111512663376,1
1668,3,10,33,0.0168923737739392,41.3111512660765,1
1669,3,10,34,0.0158714321841728,41.3111512668266,1
1670,3,10,35,0.015855004169018,41.3111512662481,1
1671,3,10,36,0.015837035138389,41.3111512669098,1
1672,3,10,37,0.0158190070006077,41.3111512661689,1
1673,3,10,38,0.015800982169123,41.3111512661863,1
1674,3,10,39,0.0157828836187851,41.3111512661014,1
1675,3,10,40,0.0157665257144099,41.3111512662793,1
1676,3,11,12,4.6706718076313e-07,0,0
1677,3,11,13,6.92293616745241e-07,0,0
1678,3,11,14,9.61238418728634e-07,0,0
1679,3,11,15,0.000535679723392654,41.3111512659985,1
1680,3,11,16,0.000537187693690982,41.3111512661547,1
1681,3,11,17,0.000538442327695649,41.3111512660263,1
1682,3,11,18,0.000539840329377117,41.3111512663637,1
1683,3,11,19,0.00721706587481285,41.3111512661972,1
1684,3,11,20,0.00728055780265879,41.311151265984,1
1685,3,11,21,0.00734180139587611,41.3111512661318,1
1686,3,11,22,0.00740013224661458,41.3111512660057,1
1687,3,11,23,0.00802071629731531,41.3111512661984,1
1688,3,11,24,0.00805404486943356,41.3111512662644,1
1689,3,11,25,0.00808391127299778,41.3111512660981,1
1690,3,11,26,0.00811501821756231,41.3111512661233,1
1691,3,11,27,0.0188524727741324,41.3111512660578,1
1692,3,11,28,0.0188791813639787,41.3111512661642,1
1693,3,11,29,0.0189057321455132,41.3111512661531,1
1694,3,11,30,0.0189320513334561,41.3111512661813,1
1695,3,11,31,0.0189581068499766,41.3111512661681,1
1696,3,11,32,0.0189844570695272,41.3111512662509,1
1697,3,11,33,0.0190127731385553,41.3111512661233,1
1698,3,11,34,0.0177062620992782,41.311151266789,1
1699,3,11,35,0.0176910983901043,41.3111512667193,1
1700,3,11,36,0.0176745051424573,41.3111512665492,1
1701,3,11,37,0.0176579026078686,41.3111512669982,1
1702,3,11,38,0.017641298679152,41.3111512668125,1
1703,3,11,39,0.0176246162201744,41.3111512666105,1
1704,3,11,40,0.0176095500895451,41.3111512669359,1
1705,3,12,13,2.24892338067065e-07,0,0
1706,3,12,14,4.93577194496199e-07,0,0
1707,3,12,15,0.000535512490273047,41.3111512661412,1
1708,3,12,16,0.000537021955291543,41.3111512662113,1
1709,3,12,17,0.000538277772835861,41.311151266444,1
1710,3,12,18,0.000539677155107367,41.311151266137,1
1711,3,12,19,0.0072270331006743,41.3111512661536,1
1712,3,12,20,0.00729060232761036,41.311151266216,1
1713,3,12,21,0.00735191931532077,41.3111512663203,1
1714,3,12,22,0.00741031870159824,41.3111512662722,1
1715,3,12,23,0.00803150323947586,0,0
1716,3,12,24,0.00806485122583473,0,0
1717,3,12,25,0.00809473260122228,41.3111512661507,1
1718,3,12,26,0.00812585237060892,41.3111512660297,1
1719,3,12,27,0.0188737844220593,41.3111512654324,1
1720,3,12,28,0.018900518454774,41.3111512654433,1
1721,3,12,29,0.0189270942738942,41.3111512655793,1
1722,3,12,30,0.0189534381303853,41.3111512656368,1
1723,3,12,31,0.0189795178398069,41.3111512654747,1
1724,3,12,32,0.0190058922216695,41.3111512655415,1
1725,3,12,33,0.0190342339666537,41.3111512655391,1
1726,3,12,34,0.0177264000342284,41.3111512662125,1
1727,3,12,35,0.0177112160002691,41.3111512662311,1
1728,3,12,36,0.0176946005201193,41.3111512663667,1
1729,3,12,37,0.0176779756873323,41.3111512660768,1
1730,3,12,38,0.0176613494637782,41.3111512662282,1
1731,3,12,39,0.0176446446170366,41.311151266166,1
1732,3,12,40,0.0176295582537583,41.3111512662274,1
1733,3,13,14,2.68751885944647e-07,0,0
1734,3,13,15,0.00053581502525081,41.3111512664549,1
1735,3,13,16,0.00053732628971115,41.3111512661478,1
1736,3,13,17,0.000538583575427607,41.3111512660489,1
1737,3,13,18,0.000539984623444113,41.3111512660013,1
1738,3,13,19,0.00723700187949204,41.3111512661897,1
1739,3,13,20,0.00730065379757163,41.3111512660288,1
1740,3,13,21,0.00736204998531668,41.3111512664413,1
1741,3,13,22,0.00742052414505765,41.3111512661814,1
1742,3,13,23,0.00804244215648723,41.311151266337,1
1743,3,13,24,0.00807582334493632,0,0
1744,3,13,25,0.00810573330369285,41.3111512659008,1
1745,3,13,26,0.00813688150850558,41.3111512659079,1
1746,3,13,27,0.0188975465676555,41.311151264967,1
1747,3,13,28,0.0189243119742096,41.3111512650718,1
1748,3,13,29,0.0189509188588543,41.3111512650053,1
1749,3,13,30,0.0189772934372536,41.3111512652167,1
1750,3,13,31,0.0190034034506127,41.3111512651052,1
1751,3,13,32,0.0190298083324663,41.3111512649259,1
1752,3,13,33,0.0190581827135343,41.3111512653101,1
1753,3,13,34,0.0177487763025595,41.3111512661859,1
1754,3,13,35,0.0177335716209439,41.3111512662422,1
1755,3,13,36,0.0177169335506458,41.3111512663446,1
1756,3,13,37,0.0177002860893884,41.311151266274,1
1757,3,13,38,0.0176836372379871,41.3111512663501,1
1758,3,13,39,0.0176669096624145,41.3111512662353,1
1759,3,13,40,0.0176518027657083,41.3111512663065,1
1760,3,14,15,0.000536016861492206,41.3111512664067,1
1761,3,14,16,0.000537529825895138,41.3111512663036,1
1762,3,14,17,0.000538788491377495,41.3111512661668,1
1763,3,14,18,0.000540191112415754,41.3111512662469,1
1764,3,14,19,0.00724675781602672,41.3111512662771,1
1765,3,14,20,0.00731048958050611,41.3111512664591,1
1766,3,14,21,0.00737196211501379,41.3111512661723,1
1767,3,14,22,0.00743050820257084,41.3111512660222,1
1768,3,14,23,0.00805311736932681,41.311151266303,1
1769,3,14,24,0.00808652828577611,41.3111512660083,1
1770,3,14,25,0.00811646348765261,41.3111512662993,1
1771,3,14,26,0.00814763638972872,41.3111512663743,1
1772,3,14,27,0.0189203104736839,41.3111512650413,1
1773,3,14,28,0.0189471053952777,41.3111512654342,1
1774,3,14,29,0.0189737414737658,41.3111512652119,1
1775,3,14,30,0.0190001449046177,41.3111512650293,1
1776,3,14,31,0.0190262833497983,41.3111512653287,1
1777,3,14,32,0.0190527168098761,41.3111512650908,1
1778,3,14,33,0.0190811217348396,41.3111512652738,1
1779,3,14,34,0.0177702264438913,41.311151266188,1
1780,3,14,35,0.017755001619597,41.3111512662382,1
1781,3,14,36,0.0177383415125182,41.3111512662652,1
1782,3,14,37,0.017721671971483,41.3111512661569,1
1783,3,14,38,0.0177050010414632,41.3111512662671,1
1784,3,14,39,0.0176882512900575,41.311151266303,1
1785,3,14,40,0.0176731243580335,41.3111512661728,1
1786,3,15,16,2.25422360445665e-06,0,0
1787,3,15,17,4.06084711765917e-06,41.3111512662588,1
1788,3,15,18,6.14480058723873e-06,41.3111512660208,1
1789,3,15,19,0.0140154853578202,41.3111512661218,1
1790,3,15,20,0.0141268729922395,41.3111512661606,1
1791,3,15,21,0.0142329774263482,41.3111512661799,1
1792,3,15,22,0.0143324662164528,41.3111512658664,1
1793,3,15,23,0.0152433651815594,0,0
1794,3,15,24,0.0152775646646102,41.3111512663071,1
1795,3,15,25,0.0153054295083753,41.3111512661921,1
1796,3,15,26,0.0153312761296767,41.3111512662782,1
1797,3,15,27,0.0311924624570133,41.3111512661281,1
1798,3,15,28,0.0312312058974473,41.3111512661294,1
1799,3,15,29,0.0312694280156526,41.3111512662021,1
1800,3,15,30,0.0313071439625963,41.3111512662242,1
1801,3,15,31,0.0313442199821033,41.3111512660851,1
1802,3,15,32,0.0313813664370626,41.3111512662061,1
1803,3,15,33,0.0314209527628745,41.3111512661682,1
1804,3,15,34,0.0294359300707846,41.3111512662519,1
1805,3,15,35,0.0294071902012814,41.3111512662602,1
1806,3,15,36,0.0293757505236863,41.3111512662343,1
1807,3,15,37,0.0293442321749115,41.3111512662442,1
1808,3,15,38,0.0293127171813142,41.3111512664105,1
1809,3,15,39,0.0292810674925598,41.311151266335,1
1810,3,15,40,0.0292524682323975,41.3111512663905,1
1811,3,16,17,1.80642957084182e-06,42.3062688026819,1
1812,3,16,18,3.89036648490479e-06,41.3111512664081,1
1813,3,16,19,0.0140245692472672,41.3111512659816,1
1814,3,16,20,0.0141360032605969,41.3111512662569,1
1815,3,16,21,0.0142421486624345,41.3111512663168,1
1816,3,16,22,0.0143416720541099,41.3111512663492,1
1817,3,16,23,0.0152525237397875,41.3111512663335,1
1818,3,16,24,0.0152866792446023,41.3111512661441,1
1819,3,16,25,0.0153144968470886,41.3111512663991,1
1820,3,16,26,0.0153402853253055,41.311151266346,1
1821,3,16,27,0.0312009369569594,41.3111512661186,1
1822,3,16,28,0.031239677068583,41.311151266193,1
1823,3,16,29,0.0312778950545068,41.3111512661296,1
1824,3,16,30,0.0313156064188485,41.3111512663079,1
1825,3,16,31,0.0313526771638901,41.3111512661382,1
1826,3,16,32,0.0313898173025077,41.3111512664262,1
1827,3,16,33,0.0314293959077593,41.3111512661498,1
1828,3,16,34,0.0294442832603569,41.3111512661869,1
1829,3,16,35,0.0294155262976578,41.3111512660934,1
1830,3,16,36,0.0293840679424666,41.3111512662516,1
1831,3,16,37,0.0293525307337126,41.3111512661472,1
1832,3,16,38,0.0293209968954479,41.3111512663757,1
1833,3,16,39,0.0292893283133186,41.3111512663279,1
1834,3,16,40,0.0292607119451584,41.3111512663924,1
1835,3,17,18,2.08410293897343e-06,0,0
1836,3,17,19,0.0140330552575035,41.3111512663217,1
1837,3,17,20,0.0141445360239638,41.3111512662359,1
1838,3,17,21,0.0142507233876577,41.3111512659981,1
1839,3,17,22,0.0143502830699221,41.3111512659347,1
1840,3,17,23,0.015261175233291,41.3111512663861,1
1841,3,17,24,0.0152952984345727,41.311151266076,1
1842,3,17,25,0.0153230805733938,41.3111512663624,1
1843,3,17,26,0.0153488246771711,41.3111512660607,1
1844,3,17,27,0.0312104124014657,41.3111512662081,1
1845,3,17,28,0.0312491531785455,41.3111512662892,1
1846,3,17,29,0.0312873711411401,41.3111512662692,1
1847,3,17,30,0.0313250820776996,41.3111512662659,1
1848,3,17,31,0.0313621517854162,41.3111512663323,1
1849,3,17,32,0.0313992900577682,41.311151266135,1
1850,3,17,33,0.0314388658812725,41.311151266126,1
1851,3,17,34,0.0294535103585099,41.3111512663112,1
1852,3,17,35,0.0294247372240133,41.3111512661909,1
1853,3,17,36,0.0293932611949457,41.3111512662333,1
1854,3,17,37,0.0293617061593777,41.3111512661606,1
1855,3,17,38,0.0293301545068591,41.3111512661958,1
1856,3,17,39,0.0292984680598515,41.3111512661859,1
1857,3,17,40,0.0292698355201282,41.3111512661097,1
1858,3,18,19,0.0140415559388397,41.3111512658619,1
1859,3,18,20,0.0141530803990892,41.3111512663219,1
1860,3,18,21,0.014259306415317,41.3111512662341,1
1861,3,18,22,0.0143588988162309,41.3111512660414,1
1862,3,18,23,0.0152697539612101,41.3111512660143,1
1863,3,18,24,0.0153038367572687,41.3111512663378,1
1864,3,18,25,0.0153315754277712,41.3111512662889,1
1865,3,18,26,0.0153572659700569,41.3111512662986,1
1866,3,18,27,0.031218475874335,41.3111512661393,1
1867,3,18,28,0.0312572138585826,41.3111512659125,1
1868,3,18,29,0.0312954282817343,41.3111512661198,1
1869,3,18,30,0.0313331352588276,41.311151266134,1
1870,3,18,31,0.0313702003627738,41.3111512661664,1
1871,3,18,32,0.0314073330686934,41.3111512661609,1
1872,3,18,33,0.0314469020455315,41.3111512661778,1
1873,3,18,34,0.0294614487836804,41.3111512662275,1
1874,3,18,35,0.0294326596360304,41.3111512660725,1
1875,3,18,36,0.0294011661092572,41.3111512662151,1
1876,3,18,37,0.0293695934067986,41.3111512662599,1
1877,3,18,38,0.0293380241015694,41.3111512662151,1
1878,3,18,39,0.0293063199558335,41.3111512662265,1
1879,3,18,40,0.0292776713903055,41.3111512663935,1
1880,3,19,20,0.000160503162741099,0,0
1881,3,19,21,0.000333360169235325,0,0
1882,3,19,22,0.000519139148909265,0,0
1883,3,19,23,0.0044837634321822,0,0
1884,3,19,24,0.00489500952352804,0,0
1885,3,19,25,0.00530101654470738,0,0
1886,3,19,26,0.00576667194774788,0,0
1887,3,19,27,0.0730072430723652,460.350673768805,1
1888,3,19,28,0.0731840649380296,460.350673767894,1
1889,3,19,29,0.0733637815497839,460.350673757823,1
1890,3,19,30,0.0735442582701024,460.350673766576,1
1891,3,19,31,0.073726457877188,460.350673760822,1
1892,3,19,32,0.0739154191154253,460.350673761457,1
1893,3,19,33,0.0741229429862623,460.350673760773,1
1894,3,19,34,0.0666831489545454,41.311151266311,1
1895,3,19,35,0.0666736111426116,41.311151266146,1
1896,3,19,36,0.066663044763298,41.3111512662992,1
1897,3,19,37,0.0666532953163244,41.3111512662069,1
1898,3,19,38,0.0666434641901049,41.311151266054,1
1899,3,19,39,0.0666333931147247,41.3111512658276,1
1900,3,19,40,0.0666245139496845,41.3111512660787,1
1901,3,20,21,0.000173015690673484,0,0
1902,3,20,22,0.000359131812835247,0,0
1903,3,20,23,0.00434483335086576,0,0
1904,3,20,24,0.00475895616057391,0,0
1905,3,20,25,0.00516787080607398,0,0
1906,3,20,26,0.00563693099946714,0,0
1907,3,20,27,0.0732302546301867,509.132190873201,1
1908,3,20,28,0.0734080380982689,509.132190877321,1
1909,3,20,29,0.0735887452884466,509.132190883877,1
1910,3,20,30,0.0737702244247226,509.132190879407,1
1911,3,20,31,0.0739534474687043,509.132190883373,1
1912,3,20,32,0.0741434850750754,465.310349703179,1
1913,3,20,33,0.0743522048989697,460.350673726044,1
1914,3,20,34,0.066876015507082,41.3111512665087,1
1915,3,20,35,0.0668667310182086,41.3111512662872,1
1916,3,20,36,0.0668564407052312,41.3111512663351,1
1917,3,20,37,0.0668469747180685,41.3111512661649,1
1918,3,20,38,0.0668374263640935,41.3111512659572,1
1919,3,20,39,0.0668276376964773,41.3111512662566,1
1920,3,20,40,0.0668190154788368,41.3111512661875,1
1921,3,21,22,0.000186295540783821,0,0
1922,3,21,23,0.00419077694558195,0,0
1923,3,21,24,0.00460759130771049,0,0
1924,3,21,25,0.00501923597010044,0,0
1925,3,21,26,0.00549150264063626,0,0
1926,3,21,27,0.073398251418483,509.132190879259,1
1927,3,21,28,0.0735768956850713,509.132190884521,1
1928,3,21,29,0.0737584920180891,509.132190881051,1
1929,3,21,30,0.0739408722943735,509.132190877566,1
1930,3,21,31,0.0741250174139117,509.132190874113,1
1931,3,21,32,0.0743160274161647,509.132190880259,1
1932,3,21,33,0.0745258300729909,509.132190878448,1
1933,3,21,34,0.0670177994680557,41.3111512662207,1
1934,3,21,35,0.0670087972301048,41.3111512663637,1
1935,3,21,36,0.0669988146787743,41.3111512660698,1
1936,3,21,37,0.0669896636081308,41.3111512663486,1
1937,3,21,38,0.0669804295109409,41.3111512661775,1
1938,3,21,39,0.0669709549448051,41.3111512661067,1
1939,3,21,40,0.0669626182302075,41.3111512659739,1
1940,3,22,23,0.0040205500450977,0,0
1941,3,22,24,0.00443983031048355,0,0
1942,3,22,25,0.00485398765396649,0,0
1943,3,22,26,0.00532921717114376,0,0
1944,3,22,27,0.0735030282703629,41.3111512665696,1
1945,3,22,28,0.0736824141507006,44.9661661723951,1
1946,3,22,29,0.0738647795560601,44.9661661724274,1
1947,3,22,30,0.074047941009744,44.9661661724694,1
1948,3,22,31,0.0742328880189853,460.350673697194,1
1949,3,22,32,0.0744247469746755,460.35067368877,1
1950,3,22,33,0.0746354980104746,460.350673691627,1
1951,3,22,34,0.0671009681008778,41.3111512662087,1
1952,3,22,35,0.0670922791134602,41.311151266245,1
1953,3,22,36,0.0670826382980603,41.3111512660762,1
1954,3,22,37,0.0670738358051413,41.3111512661255,1
1955,3,22,38,0.0670649496614026,41.3111512660704,1
1956,3,22,39,0.0670558231308614,41.3111512660348,1
1957,3,22,40,0.0670478024783817,41.3111512658645,1
1958,3,23,24,0.000436333940797761,0,0
1959,3,23,25,0.000868996368661012,0,0
1960,3,23,26,0.00136717856097303,0,0
1961,3,23,27,0.0694243845064955,41.3111512658949,1
1962,3,23,28,0.069604302917066,41.3111512658101,1
1963,3,23,29,0.069787536457731,41.3111512658368,1
1964,3,23,30,0.0699717586309167,41.3111512658812,1
1965,3,23,31,0.070158059353268,41.3111512659122,1
1966,3,23,32,0.070351691551793,41.3111512658674,1
1967,3,23,33,0.0705647320816597,41.3111512660193,1
1968,3,23,34,0.0631081850928041,41.3111512664558,1
1969,3,23,35,0.0631070059988239,41.3111512664842,1
1970,3,23,36,0.0631055719349088,41.3111512665244,1
1971,3,23,37,0.0631050515418814,41.3111512661854,1
1972,3,23,38,0.0631044412404159,41.3111512662238,1
1973,3,23,39,0.0631036130591279,41.311151266071,1
1974,3,23,40,0.0631031053322722,41.3111512662224,1
1975,3,24,25,0.000432835516564284,0,0
1976,3,24,26,0.000931395566078091,0,0
1977,3,24,27,0.0686872735161081,41.3111512660351,1
1978,3,24,28,0.0688664865731505,41.3111512660903,1
1979,3,24,29,0.0690490371205939,41.3111512661045,1
1980,3,24,30,0.0692325930075265,41.3111512661466,1
1981,3,24,31,0.0694182504245979,41.3111512660836,1
1982,3,24,32,0.0696112537503069,41.3111512658155,1
1983,3,24,33,0.0698236391110929,41.3111512661497,1
1984,3,24,34,0.0624071831857375,41.3111512663016,1
1985,3,24,35,0.0624068241112192,41.3111512663782,1
1986,3,24,36,0.0624062867754225,41.3111512665122,1
1987,3,24,37,0.0624066674123181,41.3111512661487,1
1988,3,24,38,0.0624069578430198,41.3111512663921,1
1989,3,24,39,0.0624070337606551,41.311151266146,1
1990,3,24,40,0.0624073435346429,41.3111512661946,1
1991,3,25,26,0.000498737104055165,0,0
1992,3,25,27,0.0679288250519916,41.3111512660324,1
1993,3,25,28,0.0681072673190895,41.3111512662857,1
1994,3,25,29,0.0682890679336709,41.3111512662187,1
1995,3,25,30,0.0684718900619506,41.3111512663081,1
1996,3,25,31,0.0686568356834333,41.3111512663335,1
1997,3,25,32,0.068849138616263,41.3111512660481,1
1998,3,25,33,0.06906078981011,41.3111512661336,1
1999,3,25,34,0.0616870455309493,41.3111512663854,1
2000,3,25,35,0.061687500043608,41.3111512660201,1
2001,3,25,36,0.0616878524593269,41.3111512664764,1
2002,3,25,37,0.0616891267509024,41.3111512664282,1
2003,3,25,38,0.0616903105766995,41.3111512665486,1
2004,3,25,39,0.0616912833142871,41.3111512665341,1
2005,3,25,40,0.0616924039117027,41.3111512664195,1
2006,3,26,27,0.0670271118547213,41.3111512663074,1
2007,3,26,28,0.0672045929817497,41.3111512659214,1
2008,3,26,29,0.0673854551151929,41.3111512660859,1
2009,3,26,30,0.0675673569812981,41.3111512659995,1
2010,3,26,31,0.0677514067790373,41.3111512663095,1
2011,3,26,32,0.067942824017396,41.3111512662438,1
2012,3,26,33,0.0681535426858778,41.3111512664247,1
2013,3,26,34,0.0608320294200672,41.3111512663805,1
2014,3,26,35,0.0608334212071027,41.3111512665804,1
2015,3,26,36,0.0608347986997397,41.3111512661537,1
2016,3,26,37,0.060837102188576,41.3111512663948,1
2017,3,26,38,0.0608393149495316,41.3111512663824,1
2018,3,26,39,0.0608413206549352,41.3111512660067,1
2019,3,26,40,0.0608433750697155,41.311151266395,1
2020,3,27,28,0.000191713491505309,0,0
2021,3,27,29,0.000392585035987257,0,0
2022,3,27,30,0.000597784923344071,0,0
2023,3,27,31,0.000810152626595872,0,0
2024,3,27,32,0.00103720192113107,0,0
2025,3,27,33,0.0012928542904671,0,0
2026,3,27,34,0.00492487271732801,41.311151266055,1
2027,3,27,35,0.0047963926289078,41.3111512660608,1
2028,3,27,36,0.00465613827851853,41.3111512661552,1
2029,3,27,37,0.00451365598550017,41.3111512662514,1
2030,3,27,38,0.00437137295272939,41.3111512661149,1
2031,3,27,39,0.00422892231128597,41.3111512661959,1
2032,3,27,40,0.00409970879709398,41.3111512662455,1
2033,3,28,29,0.000200886123612523,0,0
2034,3,28,30,0.000406109077238668,0,0
2035,3,28,31,0.000618512682827792,0,0
2036,3,28,32,0.000845615682460677,0,0
2037,3,28,33,0.00110134228830844,0,0
2038,3,28,34,0.00511190737194642,41.3111512662007,1
2039,3,28,35,0.00498309106187025,41.3111512662586,1
2040,3,28,36,0.00484246927186477,41.3111512661171,1
2041,3,28,37,0.0046996162884292,41.3111512662928,1
2042,3,28,38,0.00455696283335917,41.3111512665352,1
2043,3,28,39,0.00441414073357731,41.3111512661028,1
2044,3,28,40,0.00428459095096392,41.3111512659525,1
2045,3,29,30,0.000205231517035855,0,0
2046,3,29,31,0.00041765659018806,0,0
2047,3,29,32,0.000644798594089859,0,0
2048,3,29,33,0.000900583541233263,0,0
2049,3,29,34,0.00530750205486498,41.3111512659891,1
2050,3,29,35,0.00517834323245539,41.311151266372,1
2051,3,29,36,0.00503734711628143,41.3111512659771,1
2052,3,29,37,0.00489411657001444,41.3111512662079,1
2053,3,29,38,0.00475108581788587,41.3111512659182,1
2054,3,29,39,0.00460788534826113,41.3111512661197,1
2055,3,29,40,0.00447799306008925,41.3111512662356,1
2056,3,30,31,0.000212437949788778,0,0
2057,3,30,32,0.000439610119015743,0,0
2058,3,30,33,0.000695443765796215,0,0
2059,3,30,34,0.00550710142222685,41.3111512663555,1
2060,3,30,35,0.00537759818436122,41.3111512660217,1
2061,3,30,36,0.0052362256553293,41.3111512662374,1
2062,3,30,37,0.00509261548477853,41.3111512658615,1
2063,3,30,38,0.00494920537137095,41.3111512662311,1
2064,3,30,39,0.00480562445171226,41.3111512660593,1
2065,3,30,40,0.00467538778627218,41.3111512661969,1
2066,3,31,32,0.000227189140530534,0,0
2067,3,31,33,0.00048305714545567,0,0
2068,3,31,34,0.0057133639302933,41.3111512659876,1
2069,3,31,35,0.00558351230857179,41.3111512661992,1
2070,3,31,36,0.005441759019439,41.3111512661583,1
2071,3,31,37,0.0052977649049905,41.3111512662145,1
2072,3,31,38,0.0051539711073732,41.3111512663775,1
2073,3,31,39,0.00501000538723627,41.3111512661391,1
2074,3,31,40,0.00487942042348591,41.3111512659229,1
2075,3,32,33,0.000255884307962332,0,0
2076,3,32,34,0.00593349239012857,41.3111512663642,1
2077,3,32,35,0.0058032785672206,41.3111512661157,1
2078,3,32,36,0.00566112940332979,41.3111512660632,1
2079,3,32,37,0.00551673618826677,41.3111512661255,1
2080,3,32,38,0.00537254355175212,41.3111512660389,1
2081,3,32,39,0.00522817781267289,41.3111512660455,1
2082,3,32,40,0.005097230797807,41.3111512662094,1
2083,3,33,34,0.0061809984308208,41.3111512662642,1
2084,3,33,35,0.00605038600294885,41.3111512659028,1
2085,3,33,36,0.00590780116385288,41.3111512662145,1
2086,3,33,37,0.00576296880131845,41.3111512660956,1
2087,3,33,38,0.0056183372977123,41.3111512661123,1
2088,3,33,39,0.00547353137487253,41.3111512663218,1
2089,3,33,40,0.00534218597668211,41.3111512659442,1
2090,3,34,35,0.000116707384164573,41.3111512659376,1
2091,3,34,36,0.000244099725991688,41.3111512665002,1
2092,3,34,37,0.000373582127812361,41.3111512658247,1
2093,3,34,38,0.000502877020009602,41.3111512651535,1
2094,3,34,39,0.000632308815815099,41.3111512663485,1
2095,3,34,40,0.000749730524886463,41.3111512650611,1
2096,3,35,36,0.000127392613714269,41.3111512660678,1
2097,3,35,37,0.00025687355870001,41.3111512662151,1
2098,3,35,38,0.000386167163835303,41.3111512661356,1
2099,3,35,39,0.000515598072951094,41.3111512653797,1
2100,3,35,40,0.000633018527101947,41.311151265875,1
2101,3,36,37,0.000129479053124084,41.3111512660483,1
2102,3,36,38,0.000258770952150989,41.3111512661728,1
2103,3,36,39,0.000388200591866992,41.3111512647817,1
2104,3,36,40,0.000505619402653801,41.3111512663141,1
2105,3,37,38,0.000129292085042992,41.3111512662288,1
2106,3,37,39,0.000258722356681767,41.3111512660706,1
2107,3,37,40,0.000376141240933737,41.3111512659518,1
2108,3,38,39,0.000129430716702992,41.3111512662181,1
2109,3,38,40,0.000246849505624197,41.3111512656118,1
2110,3,39,40,0.00011741828929566,41.3111512651307,1
2111,4,5,6,1.25523476615922e-08,0,0
2112,4,5,7,6.05178763740978e-08,0,0
2113,4,5,8,9.5081021722668e-08,0,0
2114,4,5,9,0.000205249693465993,41.3111512660659,1
2115,4,5,10,0.000213072573702669,41.3111512660296,1
2116,4,5,11,3.95033168590954e-05,41.3111512654959,1
2117,4,5,12,3.97403516958416e-05,41.311151265107,1
2118,4,5,13,3.98824661101312e-05,41.3111512661902,1
2119,4,5,14,4.00405944177837e-05,41.3111512663356,1
2120,4,5,15,0.000286396724867618,41.3111512651785,1
2121,4,5,16,0.000287037577949406,41.3111512652456,1
2122,4,5,17,0.000287575769141918,41.311151265699,1
2123,4,5,18,0.000288170314891091,41.3111512656244,1
2124,4,5,19,0.00283350279649868,41.311151265856,1
2125,4,5,20,0.00285928976519191,41.3111512659203,1
2126,4,5,21,0.00288426076544452,41.3111512661294,1
2127,4,5,22,0.00290815806109211,41.3111512659956,1
2128,4,5,23,0.00317311352709798,41.3111512662687,1
2129,4,5,24,0.0031884114811088,41.3111512659449,1
2130,4,5,25,0.00320232220950007,41.3111512659107,1
2131,4,5,26,0.00321704123103803,41.3111512661463,1
2132,4,5,27,0.00779381547937469,41.3111512659909,1
2133,4,5,28,0.00780525042920647,41.3111512661222,1
2134,4,5,29,0.0078166389977995,41.3111512661849,1
2135,4,5,30,0.00782794073879369,41.3111512659963,1
2136,4,5,31,0.00783914823994172,41.3111512663029,1
2137,4,5,32,0.00785050778040885,41.3111512661702,1
2138,4,5,33,0.00786273880158732,41.3111512661317,1
2139,4,5,34,0.00730904258832755,41.3111512661596,1
2140,4,5,35,0.00730303893031397,41.3111512663053,1
2141,4,5,36,0.00729646858745553,41.3111512662441,1
2142,4,5,37,0.00728989900635277,41.311151266256,1
2143,4,5,38,0.00728332843747889,41.3111512660693,1
2144,4,5,39,0.00727672574881141,41.3111512663815,1
2145,4,5,40,0.00727076394686231,41.3111512661248,1
2146,4,6,7,4.81208582891602e-08,0,0
2147,4,6,8,8.27738843430534e-08,0,0
2148,4,6,9,0.000206115314573013,41.3111512663795,1
2149,4,6,10,0.000213971163508684,41.3111512660614,1
2150,4,6,11,3.96455513324817e-05,41.3111512664437,1
2151,4,6,12,3.98835801924935e-05,41.311151266165,1
2152,4,6,13,4.00262728782047e-05,41.3111512662615,1
2153,4,6,14,4.01850505403049e-05,41.311151266203,1
2154,4,6,15,0.000287590203073177,41.3111512661738,1
2155,4,6,16,0.00028823382278101,41.3111512661641,1
2156,4,6,17,0.000288774333597787,41.3111512663392,1
2157,4,6,18,0.000289371445735257,41.3111512660407,1
2158,4,6,19,0.00284591453375023,41.3111512663527,1
2159,4,6,20,0.00287181373631263,41.3111512662376,1
2160,4,6,21,0.00289689334180714,41.3111512660484,1
2161,4,6,22,0.0029208944826855,41.3111512662585,1
2162,4,6,23,0.00318699286592655,41.3111512661213,1
2163,4,6,24,0.00320235600138901,41.3111512663393,1
2164,4,6,25,0.00321632585848061,41.3111512659194,1
2165,4,6,26,0.00323110728461759,41.3111512658573,1
2166,4,6,27,0.00782762907300658,41.3111512661073,1
2167,4,6,28,0.00783911332059622,41.3111512658558,1
2168,4,6,29,0.00785055097090794,41.3111512662496,1
2169,4,6,30,0.00786190140992199,41.3111512660671,1
2170,4,6,31,0.00787315718864382,41.3111512663249,1
2171,4,6,32,0.00788456564250934,41.3111512663051,1
2172,4,6,33,0.00789684931151151,41.311151266457,1
2173,4,6,34,0.0073407594254916,41.3111512658195,1
2174,4,6,35,0.00733472951390107,41.3111512658397,1
2175,4,6,36,0.00732813043995946,41.3111512663579,1
2176,4,6,37,0.00732153212750078,41.3111512660639,1
2177,4,6,38,0.00731493282330566,41.3111512659108,1
2178,4,6,39,0.00730830125969419,41.3111512664225,1
2179,4,6,40,0.00730231338458637,41.3111512661415,1
2180,4,7,8,3.4568778611034e-08,0,0
2181,4,7,9,0.000206883188943872,41.3111512668915,1
2182,4,7,10,0.000214768214605088,41.3111512663012,1
2183,4,7,11,3.97002278161563e-05,41.3111512659714,1
2184,4,7,12,3.99391218793119e-05,41.3111512661866,1
2185,4,7,13,4.00822656776605e-05,41.3111512660513,1
2186,4,7,14,4.024156791305e-05,41.3111512663974,1
2187,4,7,15,0.000288606740492689,41.3111512648658,1
2188,4,7,16,0.000289253001877122,41.3111512648279,1
2189,4,7,17,0.00028979571666363,41.3111512650852,1
2190,4,7,18,0.000290395278353384,41.3111512648722,1
2191,4,7,19,0.00285827945175585,41.3111512660402,1
2192,4,7,20,0.00288428842485525,41.3111512660702,1
2193,4,7,21,0.00290947403226958,41.3111512661264,1
2194,4,7,22,0.00293357627252914,41.3111512659235,1
2195,4,7,23,0.00320076331340265,0,0
2196,4,7,24,0.00321618621761037,41.3111512661824,1
2197,4,7,25,0.0032302098807181,41.3111512661887,1
2198,4,7,26,0.00324504762860624,41.3111512661896,1
2199,4,7,27,0.00786039400656244,41.3111512661501,1
2200,4,7,28,0.00787192513041138,41.3111512661919,1
2201,4,7,29,0.00788340940539162,41.3111512661699,1
2202,4,7,30,0.00789480607732085,41.3111512664447,1
2203,4,7,31,0.0079061076485079,41.3111512660874,1
2204,4,7,32,0.00791756244305952,41.3111512662257,1
2205,4,7,33,0.0079298959387056,41.3111512663524,1
2206,4,7,34,0.00737151099347701,41.3111512662388,1
2207,4,7,35,0.00736545505320643,41.3111512663008,1
2208,4,7,36,0.00735882749590624,41.3111512662155,1
2209,4,7,37,0.00735220068962033,41.3111512662398,1
2210,4,7,38,0.00734557288866872,41.3111512662381,1
2211,4,7,39,0.0073389126922367,41.3111512662375,1
2212,4,7,40,0.00733289895992034,41.311151266291,1
2213,4,8,9,0.000207797010107427,41.3111512661301,1
2214,4,8,10,0.000215716800256897,41.3111512662539,1
2215,4,8,11,3.98090110363583e-05,41.3111512662503,1
2216,4,8,12,4.00489448820858e-05,44.9661661723219,1
2217,4,8,13,4.01926633566312e-05,41.3111512663303,1
2218,4,8,14,4.03526213297808e-05,41.3111512657867,1
2219,4,8,15,0.000289842272004859,41.3111512662606,1
2220,4,8,16,0.000290491562541465,41.311151266224,1
2221,4,8,17,0.00029103681075898,41.3111512662121,1
2222,4,8,18,0.000291639181824429,41.3111512661239,1
2223,4,8,19,0.0028721662125263,41.3111512660953,1
2224,4,8,20,0.00289829957706575,41.3111512661992,1
2225,4,8,21,0.00292360542713825,41.3111512663784,1
2226,4,8,22,0.0029478224914975,41.3111512665145,1
2227,4,8,23,0.00321625937270445,41.3111512661532,1
2228,4,8,24,0.00323175221483263,41.3111512662242,1
2229,4,8,25,0.00324583908267361,41.3111512662068,1
2230,4,8,26,0.00326074326779031,41.3111512658914,1
2231,4,8,27,0.00789769304675002,41.3111512659299,1
2232,4,8,28,0.007909278033369,41.3111512659726,1
2233,4,8,29,0.00792081590836248,41.3111512661713,1
2234,4,8,30,0.00793226574550872,41.3111512660669,1
2235,4,8,31,0.00794361999900758,41.3111512660483,1
2236,4,8,32,0.00795512813795408,41.3111512660571,1
2237,4,8,33,0.00796751902060005,41.3111512663122,1
2238,4,8,34,0.00740650777355975,41.3111512663501,1
2239,4,8,35,0.00740042253254079,41.3111512663841,1
2240,4,8,36,0.00739376291035805,41.3111512663838,1
2241,4,8,37,0.00738710403298398,41.3111512662568,1
2242,4,8,38,0.00738044415709854,41.31115126634,1
2243,4,8,39,0.00737375173127148,41.3111512663494,1
2244,4,8,40,0.0073677088952829,41.3111512663958,1
2245,4,9,10,3.85177981131844e-07,41.3111512663958,1
2246,4,9,11,0.00039843724397576,0,0
2247,4,9,12,0.000398529608143808,0,0
2248,4,9,13,0.00039887434083463,0,0
2249,4,9,14,0.00039916109193191,0,0
2250,4,9,15,0.000235016927263341,41.3111512663958,1
2251,4,9,16,0.00023397224670006,41.3111512663958,1
2252,4,9,17,0.000233157059435266,0,0
2253,4,9,18,0.000232193171122252,41.3111512663958,1
2254,4,9,19,0.00754961871403095,41.3111512660906,1
2255,4,9,20,0.00760651825792709,41.3111512660245,1
2256,4,9,21,0.00766035422119752,41.3111512660157,1
2257,4,9,22,0.00771040049829798,41.3111512658054,1
2258,4,9,23,0.00812724430513766,41.3111512649044,1
2259,4,9,24,0.00813809813800453,41.3111512659887,1
2260,4,9,25,0.00814564473480551,41.3111512662385,1
2261,4,9,26,0.00815101656671851,41.3111512664171,1
2262,4,9,27,0.0154344470044045,41.3111512658278,1
2263,4,9,28,0.0154519748617379,41.3111512660753,1
2264,4,9,29,0.015469168646547,41.3111512658173,1
2265,4,9,30,0.0154860760889006,41.3111512659875,1
2266,4,9,31,0.0155026074725149,41.3111512658828,1
2267,4,9,32,0.0155190507736377,41.3111512659656,1
2268,4,9,33,0.0155364594360146,41.3111512657202,1
2269,4,9,34,0.0145797084339499,41.3111512659571,1
2270,4,9,35,0.0145644407301622,41.3111512661934,1
2271,4,9,36,0.0145477411804911,41.3111512659603,1
2272,4,9,37,0.0145309846394529,41.3111512661258,1
2273,4,9,38,0.0145142313769895,41.3111512660614,1
2274,4,9,39,0.0144974100834638,41.3111512659647,1
2275,4,9,40,0.0144822060562135,41.3111512660405,1
2276,4,10,11,0.000413549135161758,41.3111512660546,1
2277,4,10,12,0.000413644574867774,41.3111512659759,1
2278,4,10,13,0.000414002179992976,41.3111512664647,1
2279,4,10,14,0.000414299563563869,41.3111512662973,1
2280,4,10,15,0.000243436893861595,0,0
2281,4,10,16,0.00024235119373192,41.3111512662973,1
2282,4,10,17,0.000241503926459461,0,0
2283,4,10,18,0.000240502184795075,0,0
2284,4,10,19,0.00784268207945363,41.3111512662453,1
2285,4,10,20,0.00790179868337202,41.3111512660725,1
2286,4,10,21,0.0079577334101791,41.3111512660128,1
2287,4,10,22,0.00800973199589145,41.3111512661266,1
2288,4,10,23,0.0084429605979189,41.3111512655339,1
2289,4,10,24,0.00845425682204168,41.3111512652504,1
2290,4,10,25,0.00846211715489828,41.3111512648519,1
2291,4,10,26,0.00846772135081583,41.3111512659909,1
2292,4,10,27,0.0160373411401122,41.3111512658682,1
2293,4,10,28,0.0160555585128218,41.3111512659201,1
2294,4,10,29,0.0160734289931371,41.3111512659486,1
2295,4,10,30,0.0160910020544066,41.3111512660838,1
2296,4,10,31,0.0161081845469924,41.3111512659067,1
2297,4,10,32,0.0161252758852352,41.3111512659697,1
2298,4,10,33,0.0161433710139279,41.3111512659402,1
2299,4,10,34,0.0151491153512469,41.3111512662393,1
2300,4,10,35,0.0151332544680345,41.3111512661419,1
2301,4,10,36,0.0151159061021521,41.311151266214,1
2302,4,10,37,0.015098498574165,41.3111512661084,1
2303,4,10,38,0.0150810944478585,41.3111512661857,1
2304,4,10,39,0.015063619637279,41.3111512661077,1
2305,4,10,40,0.0150478249361179,41.3111512661064,1
2306,4,11,12,4.42362736573791e-07,0,0
2307,4,11,13,6.51890897688556e-07,0,0
2308,4,11,14,9.03665147714318e-07,0,0
2309,4,11,15,0.00051072998855597,41.3111512663418,1
2310,4,11,16,0.000512175097086949,41.3111512661051,1
2311,4,11,17,0.000513376745733199,41.3111512658882,1
2312,4,11,18,0.000514716411340104,41.311151265858,1
2313,4,11,19,0.00695352086114922,41.311151265903,1
2314,4,11,20,0.00701453049890716,41.3111512662496,1
2315,4,11,21,0.00707336652166328,41.3111512659537,1
2316,4,11,22,0.00712938885409187,41.3111512660739,1
2317,4,11,23,0.00772395655635375,41.3111512660215,1
2318,4,11,24,0.00775574241153942,41.3111512657795,1
2319,4,11,25,0.0077841988140213,41.3111512661885,1
2320,4,11,26,0.00781380573547956,0,0
2321,4,11,27,0.0181001888357661,41.3111512662811,1
2322,4,11,28,0.0181257602181611,41.3111512663645,1
2323,4,11,29,0.0181511772666558,41.3111512662215,1
2324,4,11,30,0.01817637065184,41.3111512663292,1
2325,4,11,31,0.018201308717607,41.3111512663739,1
2326,4,11,32,0.0182265249741754,41.3111512661969,1
2327,4,11,33,0.0182536187748112,41.3111512656791,1
2328,4,11,34,0.0169946252687202,41.3111512650317,1
2329,4,11,35,0.0169800322827694,41.3111512649596,1
2330,4,11,36,0.0169640636503822,41.311151264896,1
2331,4,11,37,0.016948085527914,41.3111512649846,1
2332,4,11,38,0.0169321061189629,41.3111512649442,1
2333,4,11,39,0.0169160512644685,41.3111512648693,1
2334,4,11,40,0.0169015517863281,41.3111512651002,1
2335,4,12,13,2.0919399556103e-07,0,0
2336,4,12,14,4.60708247098647e-07,41.3111512658596,1
2337,4,12,15,0.000510587457752303,41.31115126589,1
2338,4,12,16,0.000512034061133496,41.3111512661357,1
2339,4,12,17,0.000513236893398382,41.311151266265,1
2340,4,12,18,0.000514577939712988,41.3111512661534,1
2341,4,12,19,0.00696351472147223,41.3111512660234,1
2342,4,12,20,0.00702460167464897,41.3111512662464,1
2343,4,12,21,0.00708351110762156,41.3111512664212,1
2344,4,12,22,0.00713960199052989,41.3111512661214,1
2345,4,12,23,0.00773477032167851,41.3111512663115,1
2346,4,12,24,0.00776657559574481,41.3111512663458,1
2347,4,12,25,0.00779504697344612,41.3111512662116,1
2348,4,12,26,0.00782466672231198,0,0
2349,4,12,27,0.0181215207599931,41.3111512662733,1
2350,4,12,28,0.0181471175304525,41.3111512659683,1
2351,4,12,29,0.0181725595603323,41.3111512663029,1
2352,4,12,30,0.0181977775571428,41.3111512660588,1
2353,4,12,31,0.0182227397578317,41.311151266116,1
2354,4,12,32,0.0182479801160181,41.3111512662093,1
2355,4,12,33,0.0182750995253038,41.3111512662544,1
2356,4,12,34,0.0170147519367633,41.3111512659752,1
2357,4,12,35,0.0170001386170402,41.3111512659356,1
2358,4,12,36,0.0169841477422846,41.3111512658234,1
2359,4,12,37,0.0169681473119738,41.3111512658745,1
2360,4,12,38,0.0169521455985219,41.3111512658086,1
2361,4,12,39,0.016936068346506,41.3111512658396,1
2362,4,12,40,0.0169215486269664,41.3111512659605,1
2363,4,13,14,2.51581294428174e-07,0,0
2364,4,13,15,0.000510905757962826,41.3111512662257,1
2365,4,13,16,0.000512354161040611,41.3111512664618,1
2366,4,13,17,0.000513558461672896,41.3111512661158,1
2367,4,13,18,0.00051490117396699,41.3111512661511,1
2368,4,13,19,0.00697350114654563,41.3111512661169,1
2369,4,13,20,0.00703467080803814,41.3111512663786,1
2370,4,13,21,0.00709365945762842,41.3111512661237,1
2371,4,13,22,0.00714982512981478,41.3111512660491,1
2372,4,13,23,0.00774572709579452,41.3111512660531,1
2373,4,13,24,0.00777756557912333,41.3111512661554,1
2374,4,13,25,0.0078060655462121,0,0
2375,4,13,26,0.00783571373625391,0,0
2376,4,13,27,0.0181452978497196,41.3111512659661,1
2377,4,13,28,0.0181709259623072,41.3111512661905,1
2378,4,13,29,0.0181963990251033,41.3111512662127,1
2379,4,13,30,0.0182216477107335,41.3111512661267,1
2380,4,13,31,0.0182466401815769,41.3111512660379,1
2381,4,13,32,0.0182719110042914,41.3111512660845,1
2382,4,13,33,0.0182990630102382,41.3111512659281,1
2383,4,13,34,0.0170371229940149,41.3111512658573,1
2384,4,13,35,0.0170224890193622,41.3111512657433,1
2385,4,13,36,0.0170064755464794,41.3111512657223,1
2386,4,13,37,0.0169904524798601,41.3111512659221,1
2387,4,13,38,0.0169744281307107,41.3111512657664,1
2388,4,13,39,0.016958328141945,41.3111512657863,1
2389,4,13,40,0.0169437878818658,41.3111512656518,1
2390,4,14,15,0.000511124816736441,41.3111512660098,1
2391,4,14,16,0.000512574919981898,41.3111512663305,1
2392,4,14,17,0.000513780600548511,41.3111512658098,1
2393,4,14,18,0.000515124886071135,41.3111512658612,1
2394,4,14,19,0.00698327615976412,41.3111512662435,1
2395,4,14,20,0.00704452568432427,41.3111512663557,1
2396,4,14,21,0.00710359069676421,41.3111512661334,1
2397,4,14,22,0.00715982831209748,41.3111512662335,1
2398,4,14,23,0.00775642158764238,41.3111512662778,1
2399,4,14,24,0.00778828980550194,41.3111512663138,1
2400,4,14,25,0.00781681502109229,41.3111512661304,1
2401,4,14,26,0.0078464879134086,41.3111512662329,1
2402,4,14,27,0.0181680774604763,41.3111512659617,1
2403,4,14,28,0.0181937350524493,41.3111512661704,1
2404,4,14,29,0.0182192372724565,41.3111512659872,1
2405,4,14,30,0.0182445147733886,41.3111512660292,1
2406,4,14,31,0.01826953563815,41.3111512659517,1
2407,4,14,32,0.0182948349993338,41.3111512660405,1
2408,4,14,33,0.0183220175050146,41.3111512662505,1
2409,4,14,34,0.0170585668292221,41.3111512657282,1
2410,4,14,35,0.0170439127044215,41.3111512656635,1
2411,4,14,36,0.0170278771865627,41.3111512655983,1
2412,4,14,37,0.0170118320321245,41.3111512656742,1
2413,4,14,38,0.016995785596302,41.3111512658827,1
2414,4,14,39,0.0169796634235768,41.3111512659311,1
2415,4,14,40,0.0169651031208837,41.3111512660818,1
2416,4,15,16,2.1914985906654e-06,0,0
2417,4,15,17,3.94522107890091e-06,41.3111512659597,1
2418,4,15,18,5.97096233119161e-06,41.3111512663091,1
2419,4,15,19,0.0137788619635212,41.3111512660838,1
2420,4,15,20,0.0138877840124973,41.3111512660811,1
2421,4,15,21,0.0139914969630568,41.3111512659316,1
2422,4,15,22,0.0140886925228139,41.3111512660436,1
2423,4,15,23,0.0149737204976433,41.3111512661988,1
2424,4,15,24,0.0150063820827456,41.3111512663898,1
2425,4,15,25,0.0150328404767072,41.3111512661042,1
2426,4,15,26,0.0150571898152918,41.3111512661806,1
2427,4,15,27,0.030460720950408,41.3111512660419,1
2428,4,15,28,0.0304982719331985,41.3111512661142,1
2429,4,15,29,0.0305353036574642,41.3111512660907,1
2430,4,15,30,0.0305718364114505,41.311151266134,1
2431,4,15,31,0.0306077365216155,41.3111512661118,1
2432,4,15,32,0.0306436878146903,41.3111512660647,1
2433,4,15,33,0.0306819840029621,41.3111512661388,1
2434,4,15,34,0.0287129757703153,41.3111512666738,1
2435,4,15,35,0.0286847974986596,41.3111512666072,1
2436,4,15,36,0.0286539724191411,41.3111512667797,1
2437,4,15,37,0.0286230686885167,41.3111512665721,1
2438,4,15,38,0.0285921684016495,41.3111512665382,1
2439,4,15,39,0.0285611364090138,41.3111512666192,1
2440,4,15,40,0.0285330949153233,41.3111512668956,1
2441,4,16,17,1.75352846793464e-06,42.3062688027174,1
2442,4,16,18,3.77925315702214e-06,0,0
2443,4,16,19,0.0137880122384374,41.3111512663995,1
2444,4,16,20,0.013896980694806,41.3111512661174,1
2445,4,16,21,0.0140007346404298,41.3111512660457,1
2446,4,16,22,0.0140979648276229,41.3111512662064,1
2447,4,16,23,0.0149829457466586,41.3111512661869,1
2448,4,16,24,0.0150155633572106,0,0
2449,4,16,25,0.0150419745111125,41.311151266223,1
2450,4,16,26,0.0150662657052952,41.3111512659854,1
2451,4,16,27,0.0304692430843699,41.311151266118,1
2452,4,16,28,0.0305067905929118,41.3111512661489,1
2453,4,16,29,0.0305438180359225,41.3111512660921,1
2454,4,16,30,0.0305803460565395,41.3111512660212,1
2455,4,16,31,0.0306162407388256,41.3111512661673,1
2456,4,16,32,0.0306521855551505,41.3111512660545,1
2457,4,16,33,0.0306904738451637,41.3111512660732,1
2458,4,16,34,0.0287212965445118,41.3111512663594,1
2459,4,16,35,0.0286931011597967,41.3111512666892,1
2460,4,16,36,0.0286622573808671,41.3111512664751,1
2461,4,16,37,0.0286313347690097,41.3111512667787,1
2462,4,16,38,0.0286004156161739,41.3111512663783,1
2463,4,16,39,0.0285693647086389,41.3111512667514,1
2464,4,16,40,0.0285413060876678,41.3111512665473,1
2465,4,17,18,2.02589077984794e-06,0,0
2466,4,17,19,0.0137965545308747,41.3111512661561,1
2467,4,17,20,0.0139055697674589,41.3111512660947,1
2468,4,17,21,0.0140093657009645,41.3111512659234,1
2469,4,17,22,0.0141066322034103,41.3111512663232,1
2470,4,17,23,0.0149916538208934,41.3111512658206,1
2471,4,17,24,0.0150242391329318,41.3111512660434,1
2472,4,17,25,0.0150506148259442,41.3111512660646,1
2473,4,17,26,0.0150748616464369,41.3111512662725,1
2474,4,17,27,0.0304787596116939,41.311151266278,1
2475,4,17,28,0.0305163076645142,41.3111512661314,1
2476,4,17,29,0.0305533349600337,41.3111512663075,1
2477,4,17,30,0.0305898624271845,41.3111512663455,1
2478,4,17,31,0.0306257559442209,41.3111512663017,1
2479,4,17,32,0.03066169876048,41.3111512659519,1
2480,4,17,33,0.0306999841204819,41.3111512662087,1
2481,4,17,34,0.0287304972025046,41.3111512663915,1
2482,4,17,35,0.0287022856285416,41.3111512665845,1
2483,4,17,36,0.0286714241565736,41.311151266452,1
2484,4,17,37,0.0286404836992135,41.3111512663899,1
2485,4,17,38,0.0286095467133949,41.3111512664087,1
2486,4,17,39,0.0285784779220608,41.3111512663636,1
2487,4,17,40,0.0285504031125708,41.3111512666955,1
2488,4,18,19,0.0138051168505264,41.3111512663322,1
2489,4,18,20,0.0139141758076349,41.3111512659586,1
2490,4,18,21,0.0140180104193361,41.3111512660541,1
2491,4,18,22,0.0141153096647167,41.3111512663579,1
2492,4,18,23,0.0150002944745262,41.3111512663397,1
2493,4,18,24,0.0150328393849506,41.3111512663041,1
2494,4,18,25,0.0150591716109482,41.3111512664231,1
2495,4,18,26,0.0150833648689101,41.3111512662772,1
2496,4,18,27,0.030486867381186,41.3111512661539,1
2497,4,18,28,0.0305244125063458,41.3111512660368,1
2498,4,18,29,0.0305614361243129,41.3111512661118,1
2499,4,18,30,0.0305979594922221,41.3111512663151,1
2500,4,18,31,0.0306338482632562,41.3111512661792,1
2501,4,18,32,0.0306697853643617,41.3111512660573,1
2502,4,18,33,0.0307080637129419,41.3111512660932,1
2503,4,18,34,0.0287384056330409,41.311151266443,1
2504,4,18,35,0.0287101780274214,41.3111512663903,1
2505,4,18,36,0.0286792990374269,41.3111512665026,1
2506,4,18,37,0.0286483408933763,41.3111512665723,1
2507,4,18,38,0.028617386235003,41.3111512666573,1
2508,4,18,39,0.0285862997248891,41.3111512665374,1
2509,4,18,40,0.0285582088716307,41.3111512664764,1
2510,4,19,20,0.000163005187049799,0,0
2511,4,19,21,0.000338290117948534,0,0
2512,4,19,22,0.000526398580696039,0,0
2513,4,19,23,0.00451755997210164,0,0
2514,4,19,24,0.00493041980479837,0,0
2515,4,19,25,0.00533791075319677,0,0
2516,4,19,26,0.00580515578576146,0,0
2517,4,19,27,0.0736019927352691,460.350673749383,1
2518,4,19,28,0.0737806252966836,460.350673747015,1
2519,4,19,29,0.0739621637565361,460.350673738586,1
2520,4,19,30,0.0741444614715207,460.350673740313,1
2521,4,19,31,0.0743284843466144,460.350673741435,1
2522,4,19,32,0.0745193156161609,460.350673739921,1
2523,4,19,33,0.0747288752609347,460.350673740893,1
2524,4,19,34,0.0675705763675213,41.311151266095,1
2525,4,19,35,0.0675605191173566,41.3111512662151,1
2526,4,19,36,0.0675493845686533,41.3111512661781,1
2527,4,19,37,0.0675390648136777,41.3111512661457,1
2528,4,19,38,0.0675286634646902,41.31115126621,1
2529,4,19,39,0.0675180198449882,41.3111512661104,1
2530,4,19,40,0.0675086231058264,41.3111512662264,1
2531,4,20,21,0.000175443626510062,0,0
2532,4,20,22,0.000363889256347698,0,0
2533,4,20,23,0.00437613085936539,0,0
2534,4,20,24,0.00479186796387408,0,0
2535,4,20,25,0.00520226712731143,0,0
2536,4,20,26,0.00567291768189634,0,0
2537,4,20,27,0.0738234641709608,460.350673781158,1
2538,4,20,28,0.074003064593122,460.350673782283,1
2539,4,20,29,0.0741856000277544,460.350673775521,1
2540,4,20,30,0.0743689066223025,460.350673771975,1
2541,4,20,31,0.0745539594986024,460.350673770809,1
2542,4,20,32,0.0747458739842864,460.350673771072,1
2543,4,20,33,0.0749566371528782,460.350673773435,1
2544,4,20,34,0.0677650453773238,41.3111512660366,1
2545,4,20,35,0.0677552419760006,41.3111512662104,1
2546,4,20,36,0.0677443840720597,41.3111512662223,1
2547,4,20,37,0.0677343483332492,41.3111512662915,1
2548,4,20,38,0.0677242303146852,41.3111512661743,1
2549,4,20,39,0.0677138696683456,41.3111512659971,1
2550,4,20,40,0.0677047303812759,41.3111512662118,1
2551,4,21,22,0.000188625061689672,0,0
2552,4,21,23,0.00421964927950791,0,0
2553,4,21,24,0.00463807846612228,0,0
2554,4,21,25,0.0050512082128928,0,0
2555,4,21,26,0.00552506594735565,0,0
2556,4,21,27,0.0739899637318674,509.132190873975,1
2557,4,21,28,0.074170431017244,509.132190877272,1
2558,4,21,29,0.0743538617933144,509.132190876702,1
2559,4,21,30,0.0745380757917305,509.132190883427,1
2560,4,21,31,0.0747240571051575,509.132190876494,1
2561,4,21,32,0.0749169506233725,509.132190878125,1
2562,4,21,33,0.0751288039621396,509.13219087614,1
2563,4,21,34,0.06790838028245,41.3111512663369,1
2564,4,21,35,0.0678988596446324,41.311151266584,1
2565,4,21,36,0.0678883100662299,41.3111512662822,1
2566,4,21,37,0.0678785897864218,41.31115126617,1
2567,4,21,38,0.0678687865688963,41.311151266096,1
2568,4,21,39,0.0678587405755005,41.3111512664088,1
2569,4,21,40,0.0678498872835843,41.3111512661967,1
2570,4,22,23,0.00404709535012735,0,0
2571,4,22,24,0.00446799093941458,0,0
2572,4,22,25,0.00488363390266859,0,0
2573,4,22,26,0.00536045514935342,0,0
2574,4,22,27,0.0740933008212981,460.350673683256,1
2575,4,22,28,0.0742745155293703,460.350673686376,1
2576,4,22,29,0.0744587213151277,460.350673686586,1
2577,4,22,30,0.0746437224909092,460.350673684845,1
2578,4,22,31,0.074830511787742,460.350673686941,1
2579,4,22,32,0.075024260616767,509.13219087588,1
2580,4,22,33,0.0752370693631655,509.132190875974,1
2581,4,22,34,0.0679930321399964,41.3111512660033,1
2582,4,22,35,0.0679838252473427,41.311151266058,1
2583,4,22,36,0.067973617948995,41.3111512659477,1
2584,4,22,37,0.067964246770507,41.3111512660813,1
2585,4,22,38,0.0679547920317264,41.3111512660196,1
2586,4,22,39,0.0679450946061492,41.3111512660825,1
2587,4,22,40,0.0679365578513286,41.3111512659635,1
2588,4,23,24,0.000437953227632077,0,0
2589,4,23,25,0.000872105786891894,0,0
2590,4,23,26,0.00137188559036407,0,0
2591,4,23,27,0.0699976192630423,41.31115126602,1
2592,4,23,28,0.0701794307389293,41.3111512659107,1
2593,4,23,29,0.0703645703483482,41.3111512659219,1
2594,4,23,30,0.070550698646262,41.3111512659563,1
2595,4,23,31,0.0707389091242403,41.3111512662141,1
2596,4,23,32,0.0709345016178,41.3111512661923,1
2597,4,23,33,0.0711496777498387,41.3111512663628,1
2598,4,23,34,0.0640161964541963,41.311151265962,1
2599,4,23,35,0.0640145056454134,41.3111512659816,1
2600,4,23,36,0.0640125119049395,41.3111512661741,1
2601,4,23,37,0.0640114294011602,41.311151266258,1
2602,4,23,38,0.064010257098723,41.3111512661749,1
2603,4,23,39,0.0640088646979017,41.3111512658875,1
2604,4,23,40,0.0640078468332638,41.3111512660565,1
2605,4,24,25,0.000434325700713115,0,0
2606,4,24,26,0.000934483481666604,0,0
2607,4,24,27,0.06925938337441,41.3111512663511,1
2608,4,24,28,0.069440493132703,41.3111512663442,1
2609,4,24,29,0.0696249534713915,41.3111512661415,1
2610,4,24,30,0.0698104192491065,41.3111512663063,1
2611,4,24,31,0.0699979902523079,41.3111512660417,1
2612,4,24,32,0.0701929578761856,41.3111512659953,1
2613,4,24,33,0.0704074832717749,41.311151266115,1
2614,4,24,34,0.0633160317912614,41.3111512664017,1
2615,4,24,35,0.0633151614559559,41.311151266013,1
2616,4,24,36,0.0633140649423499,41.3111512660459,1
2617,4,24,37,0.0633138839534803,41.3111512660131,1
2618,4,24,38,0.0633136128693553,41.3111512663681,1
2619,4,24,39,0.0633131250589007,41.3111512660212,1
2620,4,24,40,0.0633129251351077,41.3111512660802,1
2621,4,25,26,0.000500334894134671,0,0
2622,4,25,27,0.0684998810601737,41.311151266065,1
2623,4,25,28,0.0686802233127805,41.3111512662107,1
2624,4,25,29,0.0688639370820949,41.3111512663172,1
2625,4,25,30,0.0690486725047317,41.3111512660935,1
2626,4,25,31,0.0692355351751086,41.3111512662535,1
2627,4,25,32,0.0694298060260869,41.3111512661575,1
2628,4,25,33,0.0696436012642462,41.3111512660231,1
2629,4,25,34,0.0625966350207234,41.3111512662995,1
2630,4,25,35,0.0625965787070681,41.3111512660226,1
2631,4,25,36,0.0625963724221794,41.3111512661313,1
2632,4,25,37,0.0625970855526059,41.3111512664914,1
2633,4,25,38,0.0625977083292543,41.3111512660526,1
2634,4,25,39,0.0625981178093785,41.3111512664423,1
2635,4,25,40,0.062598729130539,41.3111512660526,1
2636,4,26,27,0.0675970154429887,41.3111512660716,1
2637,4,26,28,0.0677764000021741,41.3111512661448,1
2638,4,26,29,0.067959178821431,41.3111512659326,1
2639,4,26,30,0.0681429975559498,41.3111512659788,1
2640,4,26,31,0.0683289680399559,41.3111512661631,1
2641,4,26,32,0.068522357000402,41.3111512661635,1
2642,4,26,33,0.0687352239278616,41.311151266094,1
2643,4,26,34,0.0617423775002068,41.3111512661811,1
2644,4,26,35,0.0617432589468762,41.3111512664627,1
2645,4,26,36,0.0617440782725513,41.3111512660904,1
2646,4,26,37,0.0617458211204864,41.3111512660435,1
2647,4,26,38,0.0617474733536758,0,0
2648,0,0,0,0,0,0
2649,0,0,0,0,0,0
2650,0,0,0,0,0,0
2651,0,0,0,0,0,0
2652,0,0,0,0,0,0
2653,0,0,0,0,0,0
2654,0,0,0,0,0,0
2655,0,0,0,0,0,0
2656,0,0,0,0,0,0
2657,0,0,0,0,0,0
2658,0,0,0,0,0,0
2659,0,0,0,0,0,0
2660,0,0,0,0,0,0
2661,0,0,0,0,0,0
2662,0,0,0,0,0,0
2663,0,0,0,0,0,0
2664,0,0,0,0,0,0
2665,0,0,0,0,0,0
2666,0,0,0,0,0,0
2667,0,0,0,0,0,0
2668,0,0,0,0,0,0
2669,0,0,0,0,0,0
2670,0,0,0,0,0,0
2671,0,0,0,0,0,0
2672,0,0,0,0,0,0
2673,0,0,0,0,0,0
2674,0,0,0,0,0,0
2675,0,0,0,0,0,0
2676,0,0,0,0,0,0
2677,0,0,0,0,0,0
2678,0,0,0,0,0,0
2679,0,0,0,0,0,0
2680,0,0,0,0,0,0
2681,0,0,0,0,0,0
2682,0,0,0,0,0,0
2683,0,0,0,0,0,0
2684,0,0,0,0,0,0
2685,0,0,0,0,0,0
2686,0,0,0,0,0,0
2687,0,0,0,0,0,0
2688,0,0,0,0,0,0
2689,0,0,0,0,0,0
2690,0,0,0,0,0,0
2691,0,0,0,0,0,0
2692,0,0,0,0,0,0
2693,0,0,0,0,0,0
2694,0,0,0,0,0,0
2695,0,0,0,0,0,0
2696,0,0,0,0,0,0
2697,0,0,0,0,0,0
2698,0,0,0,0,0,0
2699,0,0,0,0,0,0
2700,0,0,0,0,0,0
2701,0,0,0,0,0,0
2702,0,0,0,0,0,0
2703,0,0,0,0,0,0
2704,0,0,0,0,0,0
2705,0,0,0,0,0,0
2706,0,0,0,0,0,0
2707,0,0,0,0,0,0
2708,0,0,0,0,0,0
2709,0,0,0,0,0,0
2710,0,0,0,0,0,0
2711,0,0,0,0,0,0
2712,0,0,0,0,0,0
2713,0,0,0,0,0,0
2714,0,0,0,0,0,0
2715,0,0,0,0,0,0
2716,0,0,0,0,0,0
2717,0,0,0,0,0,0
2718,0,0,0,0,0,0
2719,0,0,0,0,0,0
2720,0,0,0,0,0,0
2721,0,0,0,0,0,0
2722,0,0,0,0,0,0
2723,0,0,0,0,0,0
2724,0,0,0,0,0,0
2725,0,0,0,0,0,0
2726,0,0,0,0,0,0
2727,0,0,0,0,0,0
2728,0,0,0,0,0,0
2729,0,0,0,0,0,0
2730,0,0,0,0,0,0
2731,0,0,0,0,0,0
2732,0,0,0,0,0,0
2733,0,0,0,0,0,0
2734,0,0,0,0,0,0
2735,0,0,0,0,0,0
2736,0,0,0,0,0,0
2737,0,0,0,0,0,0
2738,0,0,0,0,0,0
2739,0,0,0,0,0,0
2740,0,0,0,0,0,0
2741,0,0,0,0,0,0
2742,0,0,0,0,0,0
2743,0,0,0,0,0,0
2744,0,0,0,0,0,0
2745,0,0,0,0,0,0
2746,0,0,0,0,0,0
2747,0,0,0,0,0,0
2748,0,0,0,0,0,0
2749,0,0,0,0,0,0
2750,0,0,0,0,0,0
2751,0,0,0,0,0,0
2752,0,0,0,0,0,0
2753,0,0,0,0,0,0
2754,0,0,0,0,0,0
2755,0,0,0,0,0,0
2756,0,0,0,0,0,0
2757,0,0,0,0,0,0
2758,0,0,0,0,0,0
2759,0,0,0,0,0,0
2760,0,0,0,0,0,0
2761,0,0,0,0,0,0
2762,0,0,0,0,0,0
2763,0,0,0,0,0,0
2764,0,0,0,0,0,0
2765,0,0,0,0,0,0
2766,0,0,0,0,0,0
2767,0,0,0,0,0,0
2768,0,0,0,0,0,0
2769,0,0,0,0,0,0
2770,0,0,0,0,0,0
2771,0,0,0,0,0,0
2772,0,0,0,0,0,0
2773,0,0,0,0,0,0
2774,0,0,0,0,0,0
2775,0,0,0,0,0,0
2776,0,0,0,0,0,0
2777,0,0,0,0,0,0
2778,0,0,0,0,0,0
2779,0,0,0,0,0,0
2780,0,0,0,0,0,0
2781,0,0,0,0,0,0
2782,0,0,0,0,0,0
2783,0,0,0,0,0,0
2784,0,0,0,0,0,0
2785,0,0,0,0,0,0
2786,0,0,0,0,0,0
2787,0,0,0,0,0,0
2788,0,0,0,0,0,0
2789,0,0,0,0,0,0
2790,0,0,0,0,0,0
2791,0,0,0,0,0,0
2792,0,0,0,0,0,0
2793,0,0,0,0,0,0
2794,0,0,0,0,0,0
2795,0,0,0,0,0,0
2796,0,0,0,0,0,0
2797,0,0,0,0,0,0
2798,0,0,0,0,0,0
2799,0,0,0,0,0,0
2800,0,0,0,0,0,0
2801,0,0,0,0,0,0
2802,0,0,0,0,0,0
2803,0,0,0,0,0,0
2804,0,0,0,0,0,0
2805,0,0,0,0,0,0
2806,0,0,0,0,0,0
2807,0,0,0,0,0,0
2808,0,0,0,0,0,0
2809,0,0,0,0,0,0
2810,0,0,0,0,0,0
2811,0,0,0,0,0,0
2812,0,0,0,0,0,0
2813,0,0,0,0,0,0
2814,0,0,0,0,0,0
2815,0,0,0,0,0,0
2816,0,0,0,0,0,0
2817,0,0,0,0,0,0
2818,0,0,0,0,0,0
2819,0,0,0,0,0,0
2820,0,0,0,0,0,0
2821,0,0,0,0,0,0
2822,0,0,0,0,0,0
2823,0,0,0,0,0,0
2824,0,0,0,0,0,0
2825,0,0,0,0,0,0
2826,0,0,0,0,0,0
2827,0,0,0,0,0,0
2828,0,0,0,0,0,0
2829,0,0,0,0,0,0
2830,0,0,0,0,0,0
2831,0,0,0,0,0,0
2832,0,0,0,0,0,0
2833,0,0,0,0,0,0
2834,0,0,0,0,0,0
2835,0,0,0,0,0,0
2836,0,0,0,0,0,0
2837,0,0,0,0,0,0
2838,0,0,0,0,0,0
2839,0,0,0,0,0,0
2840,0,0,0,0,0,0
2841,0,0,0,0,0,0
2842,0,0,0,0,0,0
2843,0,0,0,0,0,0
2844,0,0,0,0,0,0
2845,0,0,0,0,0,0
2846,0,0,0,0,0,0
2847,0,0,0,0,0,0
2848,0,0,0,0,0,0
2849,0,0,0,0,0,0
2850,0,0,0,0,0,0
2851,0,0,0,0,0,0
2852,0,0,0,0,0,0
2853,0,0,0,0,0,0
2854,0,0,0,0,0,0
2855,0,0,0,0,0,0
2856,0,0,0,0,0,0
2857,0,0,0,0,0,0
2858,0,0,0,0,0,0
2859,0,0,0,0,0,0
2860,0,0,0,0,0,0
2861,0,0,0,0,0,0
2862,0,0,0,0,0,0
2863,0,0,0,0,0,0
2864,0,0,0,0,0,0
2865,0,0,0,0,0,0
2866,0,0,0,0,0,0
2867,0,0,0,0,0,0
2868,0,0,0,0,0,0
2869,0,0,0,0,0,0
2870,0,0,0,0,0,0
2871,0,0,0,0,0,0
2872,0,0,0,0,0,0
2873,0,0,0,0,0,0
2874,0,0,0,0,0,0
2875,0,0,0,0,0,0
2876,0,0,0,0,0,0
2877,0,0,0,0,0,0
2878,0,0,0,0,0,0
2879,0,0,0,0,0,0
2880,0,0,0,0,0,0
2881,0,0,0,0,0,0
2882,0,0,0,0,0,0
2883,0,0,0,0,0,0
2884,0,0,0,0,0,0
2885,0,0,0,0,0,0
2886,0,0,0,0,0,0
2887,0,0,0,0,0,0
2888,0,0,0,0,0,0
2889,0,0,0,0,0,0
2890,0,0,0,0,0,0
2891,0,0,0,0,0,0
2892,0,0,0,0,0,0
2893,0,0,0,0,0,0
2894,0,0,0,0,0,0
2895,0,0,0,0,0,0
2896,0,0,0,0,0,0
2897,0,0,0,0,0,0
2898,0,0,0,0,0,0
2899,0,0,0,0,0,0
2900,0,0,0,0,0,0
2901,0,0,0,0,0,0
2902,0,0,0,0,0,0
2903,0,0,0,0,0,0
2904,0,0,0,0,0,0
2905,0,0,0,0,0,0
2906,0,0,0,0,0,0
2907,0,0,0,0,0,0
2908,0,0,0,0,0,0
2909,0,0,0,0,0,0
2910,0,0,0,0,0,0
2911,0,0,0,0,0,0
2912,0,0,0,0,0,0
2913,0,0,0,0,0,0
2914,0,0,0,0,0,0
2915,0,0,0,0,0,0
2916,0,0,0,0,0,0
2917,0,0,0,0,0,0
2918,0,0,0,0,0,0
2919,0,0,0,0,0,0
2920,0,0,0,0,0,0
2921,0,0,0,0,0,0
2922,0,0,0,0,0,0
2923,0,0,0,0,0,0
2924,0,0,0,0,0,0
2925,0,0,0,0,0,0
2926,0,0,0,0,0,0
2927,0,0,0,0,0,0
2928,0,0,0,0,0,0
2929,0,0,0,0,0,0
2930,0,0,0,0,0,0
2931,0,0,0,0,0,0
2932,0,0,0,0,0,0
2933,0,0,0,0,0,0
2934,0,0,0,0,0,0
2935,0,0,0,0,0,0
2936,0,0,0,0,0,0
2937,0,0,0,0,0,0
2938,0,0,0,0,0,0
2939,0,0,0,0,0,0
2940,0,0,0,0,0,0
2941,0,0,0,0,0,0
2942,0,0,0,0,0,0
2943,0,0,0,0,0,0
2944,0,0,0,0,0,0
2945,0,0,0,0,0,0
2946,0,0,0,0,0,0
2947,0,0,0,0,0,0
2948,0,0,0,0,0,0
2949,0,0,0,0,0,0
2950,0,0,0,0,0,0
2951,0,0,0,0,0,0
2952,0,0,0,0,0,0
2953,0,0,0,0,0,0
2954,0,0,0,0,0,0
2955,0,0,0,0,0,0
2956,0,0,0,0,0,0
2957,0,0,0,0,0,0
2958,0,0,0,0,0,0
2959,0,0,0,0,0,0
2960,0,0,0,0,0,0
2961,0,0,0,0,0,0
2962,0,0,0,0,0,0
2963,0,0,0,0,0,0
2964,0,0,0,0,0,0
2965,0,0,0,0,0,0
2966,0,0,0,0,0,0
2967,0,0,0,0,0,0
2968,0,0,0,0,0,0
2969,0,0,0,0,0,0
2970,0,0,0,0,0,0
2971,0,0,0,0,0,0
2972,0,0,0,0,0,0
2973,0,0,0,0,0,0
2974,0,0,0,0,0,0
2975,0,0,0,0,0,0
2976,0,0,0,0,0,0
2977,0,0,0,0,0,0
2978,0,0,0,0,0,0
2979,0,0,0,0,0,0
2980,0,0,0,0,0,0
2981,0,0,0,0,0,0
2982,0,0,0,0,0,0
2983,0,0,0,0,0,0
2984,0,0,0,0,0,0
2985,0,0,0,0,0,0
2986,0,0,0,0,0,0
2987,0,0,0,0,0,0
2988,0,0,0,0,0,0
2989,0,0,0,0,0,0
2990,0,0,0,0,0,0
2991,0,0,0,0,0,0
2992,0,0,0,0,0,0
2993,0,0,0,0,0,0
2994,0,0,0,0,0,0
2995,0,0,0,0,0,0
2996,0,0,0,0,0,0
2997,0,0,0,0,0,0
2998,0,0,0,0,0,0
2999,0,0,0,0,0,0
3000,0,0,0,0,0,0
3001,0,0,0,0,0,0
3002,0,0,0,0,0,0
3003,0,0,0,0,0,0
3004,0,0,0,0,0,0
3005,0,0,0,0,0,0
3006,0,0,0,0,0,0
3007,0,0,0,0,0,0
3008,0,0,0,0,0,0
3009,0,0,0,0,0,0
3010,0,0,0,0,0,0
3011,0,0,0,0,0,0
3012,0,0,0,0,0,0
3013,0,0,0,0,0,0
3014,0,0,0,0,0,0
3015,0,0,0,0,0,0
3016,0,0,0,0,0,0
3017,0,0,0,0,0,0
3018,0,0,0,0,0,0
3019,0,0,0,0,0,0
3020,0,0,0,0,0,0
3021,0,0,0,0,0,0
3022,0,0,0,0,0,0
3023,0,0,0,0,0,0
3024,0,0,0,0,0,0
3025,0,0,0,0,0,0
3026,0,0,0,0,0,0
3027,0,0,0,0,0,0
3028,0,0,0,0,0,0
3029,0,0,0,0,0,0
3030,0,0,0,0,0,0
3031,0,0,0,0,0,0
3032,0,0,0,0,0,0
3033,0,0,0,0,0,0
3034,0,0,0,0,0,0
3035,0,0,0,0,0,0
3036,0,0,0,0,0,0
3037,0,0,0,0,0,0
3038,0,0,0,0,0,0
3039,0,0,0,0,0,0
3040,0,0,0,0,0,0
3041,0,0,0,0,0,0
3042,0,0,0,0,0,0
3043,0,0,0,0,0,0
3044,0,0,0,0,0,0
3045,0,0,0,0,0,0
3046,0,0,0,0,0,0
3047,0,0,0,0,0,0
3048,0,0,0,0,0,0
3049,0,0,0,0,0,0
3050,0,0,0,0,0,0
3051,0,0,0,0,0,0
3052,0,0,0,0,0,0
3053,0,0,0,0,0,0
3054,0,0,0,0,0,0
3055,0,0,0,0,0,0
3056,0,0,0,0,0,0
3057,0,0,0,0,0,0
3058,0,0,0,0,0,0
3059,0,0,0,0,0,0
3060,0,0,0,0,0,0
3061,0,0,0,0,0,0
3062,0,0,0,0,0,0
3063,0,0,0,0,0,0
3064,0,0,0,0,0,0
3065,0,0,0,0,0,0
3066,0,0,0,0,0,0
3067,0,0,0,0,0,0
3068,0,0,0,0,0,0
3069,0,0,0,0,0,0
3070,0,0,0,0,0,0
3071,0,0,0,0,0,0
3072,0,0,0,0,0,0
3073,0,0,0,0,0,0
3074,0,0,0,0,0,0
3075,0,0,0,0,0,0
3076,0,0,0,0,0,0
3077,0,0,0,0,0,0
3078,0,0,0,0,0,0
3079,0,0,0,0,0,0
3080,0,0,0,0,0,0
3081,0,0,0,0,0,0
3082,0,0,0,0,0,0
3083,0,0,0,0,0,0
3084,0,0,0,0,0,0
3085,0,0,0,0,0,0
3086,0,0,0,0,0,0
3087,0,0,0,0,0,0
3088,0,0,0,0,0,0
3089,0,0,0,0,0,0
3090,0,0,0,0,0,0
3091,0,0,0,0,0,0
3092,0,0,0,0,0,0
3093,0,0,0,0,0,0
3094,0,0,0,0,0,0
3095,0,0,0,0,0,0
3096,0,0,0,0,0,0
3097,0,0,0,0,0,0
3098,0,0,0,0,0,0
3099,0,0,0,0,0,0
3100,0,0,0,0,0,0
3101,0,0,0,0,0,0
3102,0,0,0,0,0,0
3103,0,0,0,0,0,0
3104,0,0,0,0,0,0
3105,0,0,0,0,0,0
3106,0,0,0,0,0,0
3107,0,0,0,0,0,0
3108,0,0,0,0,0,0
3109,0,0,0,0,0,0
3110,0,0,0,0,0,0
3111,0,0,0,0,0,0
3112,0,0,0,0,0,0
3113,0,0,0,0,0,0
3114,0,0,0,0,0,0
3115,0,0,0,0,0,0
3116,0,0,0,0,0,0
3117,0,0,0,0,0,0
3118,0,0,0,0,0,0
3119,0,0,0,0,0,0
3120,0,0,0,0,0,0
3121,0,0,0,0,0,0
3122,0,0,0,0,0,0
3123,0,0,0,0,0,0
3124,0,0,0,0,0,0
3125,0,0,0,0,0,0
3126,0,0,0,0,0,0
3127,0,0,0,0,0,0
3128,0,0,0,0,0,0
3129,0,0,0,0,0,0
3130,0,0,0,0,0,0
3131,0,0,0,0,0,0
3132,0,0,0,0,0,0
3133,0,0,0,0,0,0
3134,0,0,0,0,0,0
3135,0,0,0,0,0,0
3136,0,0,0,0,0,0
3137,0,0,0,0,0,0
3138,0,0,0,0,0,0
3139,0,0,0,0,0,0
3140,0,0,0,0,0,0
3141,0,0,0,0,0,0
3142,0,0,0,0,0,0
3143,0,0,0,0,0,0
3144,0,0,0,0,0,0
3145,0,0,0,0,0,0
3146,0,0,0,0,0,0
3147,0,0,0,0,0,0
3148,0,0,0,0,0,0
3149,0,0,0,0,0,0
3150,0,0,0,0,0,0
3151,0,0,0,0,0,0
3152,0,0,0,0,0,0
3153,0,0,0,0,0,0
3154,0,0,0,0,0,0
3155,0,0,0,0,0,0
3156,0,0,0,0,0,0
3157,0,0,0,0,0,0
3158,0,0,0,0,0,0
3159,0,0,0,0,0,0
3160,0,0,0,0,0,0
3161,0,0,0,0,0,0
3162,0,0,0,0,0,0
3163,0,0,0,0,0,0
3164,0,0,0,0,0,0
3165,0,0,0,0,0,0
3166,0,0,0,0,0,0
3167,0,0,0,0,0,0
3168,0,0,0,0,0,0
3169,0,0,0,0,0,0
3170,0,0,0,0,0,0
3171,0,0,0,0,0,0
3172,0,0,0,0,0,0
3173,0,0,0,0,0,0
3174,0,0,0,0,0,0
3175,0,0,0,0,0,0
3176,0,0,0,0,0,0
3177,0,0,0,0,0,0
3178,0,0,0,0,0,0
3179,0,0,0,0,0,0
3180,0,0,0,0,0,0
3181,0,0,0,0,0,0
3182,0,0,0,0,0,0
3183,0,0,0,0,0,0
3184,0,0,0,0,0,0
3185,0,0,0,0,0,0
3186,0,0,0,0,0,0
3187,0,0,0,0,0,0
3188,0,0,0,0,0,0
3189,0,0,0,0,0,0
3190,0,0,0,0,0,0
3191,0,0,0,0,0,0
3192,0,0,0,0,0,0
3193,0,0,0,0,0,0
3194,0,0,0,0,0,0
3195,0,0,0,0,0,0
3196,0,0,0,0,0,0
3197,0,0,0,0,0,0
3198,0,0,0,0,0,0
3199,0,0,0,0,0,0
3200,0,0,0,0,0,0
3201,0,0,0,0,0,0
3202,0,0,0,0,0,0
3203,0,0,0,0,0,0
3204,0,0,0,0,0,0
3205,0,0,0,0,0,0
3206,0,0,0,0,0,0
3207,0,0,0,0,0,0
3208,0,0,0,0,0,0
3209,0,0,0,0,0,0
3210,0,0,0,0,0,0
3211,0,0,0,0,0,0
3212,0,0,0,0,0,0
3213,0,0,0,0,0,0
3214,0,0,0,0,0,0
3215,0,0,0,0,0,0
3216,0,0,0,0,0,0
3217,0,0,0,0,0,0
3218,0,0,0,0,0,0
3219,0,0,0,0,0,0
3220,0,0,0,0,0,0
3221,0,0,0,0,0,0
3222,0,0,0,0,0,0
3223,0,0,0,0,0,0
3224,0,0,0,0,0,0
3225,0,0,0,0,0,0
3226,0,0,0,0,0,0
3227,0,0,0,0,0,0
3228,0,0,0,0,0,0
3229,0,0,0,0,0,0
3230,0,0,0,0,0,0
3231,0,0,0,0,0,0
3232,0,0,0,0,0,0
3233,0,0,0,0,0,0
3234,0,0,0,0,0,0
3235,0,0,0,0,0,0
3236,0,0,0,0,0,0
3237,0,0,0,0,0,0
3238,0,0,0,0,0,0
3239,0,0,0,0,0,0
3240,0,0,0,0,0,0
3241,0,0,0,0,0,0
3242,0,0,0,0,0,0
3243,0,0,0,0,0,0
3244,0,0,0,0,0,0
3245,0,0,0,0,0,0
3246,0,0,0,0,0,0
3247,0,0,0,0,0,0
3248,0,0,0,0,0,0
3249,0,0,0,0,0,0
3250,0,0,0,0,0,0
3251,0,0,0,0,0,0
3252,0,0,0,0,0,0
3253,0,0,0,0,0,0
3254,0,0,0,0,0,0
3255,0,0,0,0,0,0
3256,0,0,0,0,0,0
3257,0,0,0,0,0,0
3258,0,0,0,0,0,0
3259,0,0,0,0,0,0
3260,0,0,0,0,0,0
3261,0,0,0,0,0,0
3262,0,0,0,0,0,0
3263,0,0,0,0,0,0
3264,0,0,0,0,0,0
3265,0,0,0,0,0,0
3266,0,0,0,0,0,0
3267,0,0,0,0,0,0
3268,0,0,0,0,0,0
3269,0,0,0,0,0,0
3270,0,0,0,0,0,0
3271,0,0,0,0,0,0
3272,0,0,0,0,0,0
3273,0,0,0,0,0,0
3274,0,0,0,0,0,0
3275,0,0,0,0,0,0
3276,0,0,0,0,0,0
3277,0,0,0,0,0,0
3278,0,0,0,0,0,0
3279,0,0,0,0,0,0
3280,0,0,0,0,0,0
3281,0,0,0,0,0,0
3282,0,0,0,0,0,0
3283,0,0,0,0,0,0
3284,0,0,0,0,0,0
3285,0,0,0,0,0,0
3286,0,0,0,0,0,0
3287,0,0,0,0,0,0
3288,0,0,0,0,0,0
3289,0,0,0,0,0,0
3290,0,0,0,0,0,0
3291,0,0,0,0,0,0
3292,0,0,0,0,0,0
3293,0,0,0,0,0,0
3294,0,0,0,0,0,0
3295,0,0,0,0,0,0
3296,0,0,0,0,0,0
3297,0,0,0,0,0,0
3298,0,0,0,0,0,0
3299,0,0,0,0,0,0
3300,0,0,0,0,0,0
3301,0,0,0,0,0,0
3302,0,0,0,0,0,0
3303,0,0,0,0,0,0
3304,0,0,0,0,0,0
3305,0,0,0,0,0,0
3306,0,0,0,0,0,0
3307,0,0,0,0,0,0
3308,0,0,0,0,0,0
3309,0,0,0,0,0,0
3310,0,0,0,0,0,0
3311,0,0,0,0,0,0
3312,0,0,0,0,0,0
3313,0,0,0,0,0,0
3314,0,0,0,0,0,0
3315,0,0,0,0,0,0
3316,0,0,0,0,0,0
3317,0,0,0,0,0,0
3318,0,0,0,0,0,0
3319,0,0,0,0,0,0
3320,0,0,0,0,0,0
3321,0,0,0,0,0,0
3322,0,0,0,0,0,0
3323,0,0,0,0,0,0
3324,0,0,0,0,0,0
3325,0,0,0,0,0,0
3326,0,0,0,0,0,0
3327,0,0,0,0,0,0
3328,0,0,0,0,0,0
3329,0,0,0,0,0,0
3330,0,0,0,0,0,0
3331,0,0,0,0,0,0
3332,0,0,0,0,0,0
3333,0,0,0,0,0,0
3334,0,0,0,0,0,0
3335,0,0,0,0,0,0
3336,0,0,0,0,0,0
3337,0,0,0,0,0,0
3338,0,0,0,0,0,0
3339,0,0,0,0,0,0
3340,0,0,0,0,0,0
3341,0,0,0,0,0,0
3342,0,0,0,0,0,0
3343,0,0,0,0,0,0
3344,0,0,0,0,0,0
3345,0,0,0,0,0,0
3346,0,0,0,0,0,0
3347,0,0,0,0,0,0
3348,0,0,0,0,0,0
3349,0,0,0,0,0,0
3350,0,0,0,0,0,0
3351,0,0,0,0,0,0
3352,0,0,0,0,0,0
3353,0,0,0,0,0,0
3354,0,0,0,0,0,0
3355,0,0,0,0,0,0
3356,0,0,0,0,0,0
3357,0,0,0,0,0,0
3358,0,0,0,0,0,0
3359,0,0,0,0,0,0
3360,0,0,0,0,0,0
3361,0,0,0,0,0,0
3362,0,0,0,0,0,0
3363,0,0,0,0,0,0
3364,0,0,0,0,0,0
3365,0,0,0,0,0,0
3366,0,0,0,0,0,0
3367,0,0,0,0,0,0
3368,0,0,0,0,0,0
3369,0,0,0,0,0,0
3370,0,0,0,0,0,0
3371,0,0,0,0,0,0
3372,0,0,0,0,0,0
3373,0,0,0,0,0,0
3374,0,0,0,0,0,0
3375,0,0,0,0,0,0
3376,0,0,0,0,0,0
3377,0,0,0,0,0,0
3378,0,0,0,0,0,0
3379,0,0,0,0,0,0
3380,0,0,0,0,0,0
3381,0,0,0,0,0,0
3382,0,0,0,0,0,0
3383,0,0,0,0,0,0
3384,0,0,0,0,0,0
3385,0,0,0,0,0,0
3386,0,0,0,0,0,0
3387,0,0,0,0,0,0
3388,0,0,0,0,0,0
3389,0,0,0,0,0,0
3390,0,0,0,0,0,0
3391,0,0,0,0,0,0
3392,0,0,0,0,0,0
3393,0,0,0,0,0,0
3394,0,0,0,0,0,0
3395,0,0,0,0,0,0
3396,0,0,0,0,0,0
3397,0,0,0,0,0,0
3398,0,0,0,0,0,0
3399,0,0,0,0,0,0
3400,0,0,0,0,0,0
3401,0,0,0,0,0,0
3402,0,0,0,0,0,0
3403,0,0,0,0,0,0
3404,0,0,0,0,0,0
3405,0,0,0,0,0,0
3406,0,0,0,0,0,0
3407,0,0,0,0,0,0
3408,0,0,0,0,0,0
3409,0,0,0,0,0,0
3410,0,0,0,0,0,0
3411,0,0,0,0,0,0
3412,0,0,0,0,0,0
3413,0,0,0,0,0,0
3414,0,0,0,0,0,0
3415,0,0,0,0,0,0
3416,0,0,0,0,0,0
3417,0,0,0,0,0,0
3418,0,0,0,0,0,0
3419,0,0,0,0,0,0
3420,0,0,0,0,0,0
3421,0,0,0,0,0,0
3422,0,0,0,0,0,0
3423,0,0,0,0,0,0
3424,0,0,0,0,0,0
3425,0,0,0,0,0,0
3426,0,0,0,0,0,0
3427,0,0,0,0,0,0
3428,0,0,0,0,0,0
3429,0,0,0,0,0,0
3430,0,0,0,0,0,0
3431,0,0,0,0,0,0
3432,0,0,0,0,0,0
3433,0,0,0,0,0,0
3434,0,0,0,0,0,0
3435,0,0,0,0,0,0
3436,0,0,0,0,0,0
3437,0,0,0,0,0,0
3438,0,0,0,0,0,0
3439,0,0,0,0,0,0
3440,0,0,0,0,0,0
3441,0,0,0,0,0,0
3442,0,0,0,0,0,0
3443,0,0,0,0,0,0
3444,0,0,0,0,0,0
3445,0,0,0,0,0,0
3446,0,0,0,0,0,0
3447,0,0,0,0,0,0
3448,0,0,0,0,0,0
3449,0,0,0,0,0,0
3450,0,0,0,0,0,0
3451,0,0,0,0,0,0
3452,0,0,0,0,0,0
3453,0,0,0,0,0,0
3454,0,0,0,0,0,0
3455,0,0,0,0,0,0
3456,0,0,0,0,0,0
3457,0,0,0,0,0,0
3458,0,0,0,0,0,0
3459,0,0,0,0,0,0
3460,0,0,0,0,0,0
3461,0,0,0,0,0,0
3462,0,0,0,0,0,0
3463,0,0,0,0,0,0
3464,0,0,0,0,0,0
3465,0,0,0,0,0,0
3466,0,0,0,0,0,0
3467,0,0,0,0,0,0
3468,0,0,0,0,0,0
3469,0,0,0,0,0,0
3470,0,0,0,0,0,0
3471,0,0,0,0,0,0
3472,0,0,0,0,0,0
3473,0,0,0,0,0,0
3474,0,0,0,0,0,0
3475,0,0,0,0,0,0
3476,0,0,0,0,0,0
3477,0,0,0,0,0,0
3478,0,0,0,0,0,0
3479,0,0,0,0,0,0
3480,0,0,0,0,0,0
3481,0,0,0,0,0,0
3482,0,0,0,0,0,0
3483,0,0,0,0,0,0
3484,0,0,0,0,0,0
3485,0,0,0,0,0,0
3486,0,0,0,0,0,0
3487,0,0,0,0,0,0
3488,0,0,0,0,0,0
3489,0,0,0,0,0,0
3490,0,0,0,0,0,0
3491,0,0,0,0,0,0
3492,0,0,0,0,0,0
3493,0,0,0,0,0,0
3494,0,0,0,0,0,0
3495,0,0,0,0,0,0
3496,0,0,0,0,0,0
3497,0,0,0,0,0,0
3498,0,0,0,0,0,0
3499,0,0,0,0,0,0
3500,0,0,0,0,0,0
3501,0,0,0,0,0,0
3502,0,0,0,0,0,0
3503,0,0,0,0,0,0
3504,0,0,0,0,0,0
3505,0,0,0,0,0,0
3506,0,0,0,0,0,0
3507,0,0,0,0,0,0
3508,0,0,0,0,0,0
3509,0,0,0,0,0,0
3510,0,0,0,0,0,0
3511,0,0,0,0,0,0
3512,0,0,0,0,0,0
3513,0,0,0,0,0,0
3514,0,0,0,0,0,0
3515,0,0,0,0,0,0
3516,0,0,0,0,0,0
3517,0,0,0,0,0,0
3518,0,0,0,0,0,0
3519,0,0,0,0,0,0
3520,0,0,0,0,0,0
3521,0,0,0,0,0,0
3522,0,0,0,0,0,0
3523,0,0,0,0,0,0
3524,0,0,0,0,0,0
3525,0,0,0,0,0,0
3526,0,0,0,0,0,0
3527,0,0,0,0,0,0
3528,0,0,0,0,0,0
3529,0,0,0,0,0,0
3530,0,0,0,0,0,0
3531,0,0,0,0,0,0
3532,0,0,0,0,0,0
3533,0,0,0,0,0,0
3534,0,0,0,0,0,0
3535,0,0,0,0,0,0
3536,0,0,0,0,0,0
3537,0,0,0,0,0,0
3538,0,0,0,0,0,0
3539,0,0,0,0,0,0
3540,0,0,0,0,0,0
3541,0,0,0,0,0,0
3542,0,0,0,0,0,0
3543,0,0,0,0,0,0
3544,0,0,0,0,0,0
3545,0,0,0,0,0,0
3546,0,0,0,0,0,0
3547,0,0,0,0,0,0
3548,0,0,0,0,0,0
3549,0,0,0,0,0,0
3550,0,0,0,0,0,0
3551,0,0,0,0,0,0
3552,0,0,0,0,0,0
3553,0,0,0,0,0,0
3554,0,0,0,0,0,0
3555,0,0,0,0,0,0
3556,0,0,0,0,0,0
3557,0,0,0,0,0,0
3558,0,0,0,0,0,0
3559,0,0,0,0,0,0
3560,0,0,0,0,0,0
3561,0,0,0,0,0,0
3562,0,0,0,0,0,0
3563,0,0,0,0,0,0
3564,0,0,0,0,0,0
3565,0,0,0,0,0,0
3566,0,0,0,0,0,0
3567,0,0,0,0,0,0
3568,0,0,0,0,0,0
3569,0,0,0,0,0,0
3570,0,0,0,0,0,0
3571,0,0,0,0,0,0
3572,0,0,0,0,0,0
3573,0,0,0,0,0,0
3574,0,0,0,0,0,0
3575,0,0,0,0,0,0
3576,0,0,0,0,0,0
3577,0,0,0,0,0,0
3578,0,0,0,0,0,0
3579,0,0,0,0,0,0
3580,0,0,0,0,0,0
3581,0,0,0,0,0,0
3582,0,0,0,0,0,0
3583,0,0,0,0,0,0
3584,0,0,0,0,0,0
3585,0,0,0,0,0,0
3586,0,0,0,0,0,0
3587,0,0,0,0,0,0
3588,0,0,0,0,0,0
3589,0,0,0,0,0,0
3590,0,0,0,0,0,0
3591,0,0,0,0,0,0
3592,0,0,0,0,0,0
3593,0,0,0,0,0,0
3594,0,0,0,0,0,0
3595,0,0,0,0,0,0
3596,0,0,0,0,0,0
3597,0,0,0,0,0,0
3598,0,0,0,0,0,0
3599,0,0,0,0,0,0
3600,0,0,0,0,0,0
3601,0,0,0,0,0,0
3602,0,0,0,0,0,0
3603,0,0,0,0,0,0
3604,0,0,0,0,0,0
3605,0,0,0,0,0,0
3606,0,0,0,0,0,0
3607,0,0,0,0,0,0
3608,0,0,0,0,0,0
3609,0,0,0,0,0,0
3610,0,0,0,0,0,0
3611,0,0,0,0,0,0
3612,0,0,0,0,0,0
3613,0,0,0,0,0,0
3614,0,0,0,0,0,0
3615,0,0,0,0,0,0
3616,0,0,0,0,0,0
3617,0,0,0,0,0,0
3618,0,0,0,0,0,0
3619,0,0,0,0,0,0
3620,0,0,0,0,0,0
3621,0,0,0,0,0,0
3622,0,0,0,0,0,0
3623,0,0,0,0,0,0
3624,0,0,0,0,0,0
3625,0,0,0,0,0,0
3626,0,0,0,0,0,0
3627,0,0,0,0,0,0
3628,0,0,0,0,0,0
3629,0,0,0,0,0,0
3630,0,0,0,0,0,0
3631,0,0,0,0,0,0
3632,0,0,0,0,0,0
3633,0,0,0,0,0,0
3634,0,0,0,0,0,0
3635,0,0,0,0,0,0
3636,0,0,0,0,0,0
3637,0,0,0,0,0,0
3638,0,0,0,0,0,0
3639,0,0,0,0,0,0
3640,0,0,0,0,0,0
3641,0,0,0,0,0,0
3642,0,0,0,0,0,0
3643,0,0,0,0,0,0
3644,0,0,0,0,0,0
3645,0,0,0,0,0,0
3646,0,0,0,0,0,0
3647,0,0,0,0,0,0
3648,0,0,0,0,0,0
3649,0,0,0,0,0,0
3650,0,0,0,0,0,0
3651,0,0,0,0,0,0
3652,0,0,0,0,0,0
3653,0,0,0,0,0,0
3654,0,0,0,0,0,0
3655,0,0,0,0,0,0
3656,0,0,0,0,0,0
3657,0,0,0,0,0,0
3658,0,0,0,0,0,0
3659,0,0,0,0,0,0
3660,0,0,0,0,0,0
3661,0,0,0,0,0,0
3662,0,0,0,0,0,0
3663,0,0,0,0,0,0
3664,0,0,0,0,0,0
3665,0,0,0,0,0,0
3666,0,0,0,0,0,0
3667,0,0,0,0,0,0
3668,0,0,0,0,0,0
3669,0,0,0,0,0,0
3670,0,0,0,0,0,0
3671,0,0,0,0,0,0
3672,0,0,0,0,0,0
3673,0,0,0,0,0,0
3674,0,0,0,0,0,0
3675,0,0,0,0,0,0
3676,0,0,0,0,0,0
3677,0,0,0,0,0,0
3678,0,0,0,0,0,0
3679,0,0,0,0,0,0
3680,0,0,0,0,0,0
3681,0,0,0,0,0,0
3682,0,0,0,0,0,0
3683,0,0,0,0,0,0
3684,0,0,0,0,0,0
3685,0,0,0,0,0,0
3686,0,0,0,0,0,0
3687,0,0,0,0,0,0
3688,0,0,0,0,0,0
3689,0,0,0,0,0,0
3690,0,0,0,0,0,0
3691,0,0,0,0,0,0
3692,0,0,0,0,0,0
3693,0,0,0,0,0,0
3694,0,0,0,0,0,0
3695,0,0,0,0,0,0
3696,0,0,0,0,0,0
3697,0,0,0,0,0,0
3698,0,0,0,0,0,0
3699,0,0,0,0,0,0
3700,0,0,0,0,0,0
3701,0,0,0,0,0,0
3702,0,0,0,0,0,0
3703,0,0,0,0,0,0
3704,0,0,0,0,0,0
3705,0,0,0,0,0,0
3706,0,0,0,0,0,0
3707,0,0,0,0,0,0
3708,0,0,0,0,0,0
3709,0,0,0,0,0,0
3710,0,0,0,0,0,0
3711,0,0,0,0,0,0
3712,0,0,0,0,0,0
3713,0,0,0,0,0,0
3714,0,0,0,0,0,0
3715,0,0,0,0,0,0
3716,0,0,0,0,0,0
3717,0,0,0,0,0,0
3718,0,0,0,0,0,0
3719,0,0,0,0,0,0
3720,0,0,0,0,0,0
3721,0,0,0,0,0,0
3722,0,0,0,0,0,0
3723,0,0,0,0,0,0
3724,0,0,0,0,0,0
3725,0,0,0,0,0,0
3726,0,0,0,0,0,0
3727,0,0,0,0,0,0
3728,0,0,0,0,0,0
3729,0,0,0,0,0,0
3730,0,0,0,0,0,0
3731,0,0,0,0,0,0
3732,0,0,0,0,0,0
3733,0,0,0,0,0,0
3734,0,0,0,0,0,0
3735,0,0,0,0,0,0
3736,0,0,0,0,0,0
3737,0,0,0,0,0,0
3738,0,0,0,0,0,0
3739,0,0,0,0,0,0
3740,0,0,0,0,0,0
3741,0,0,0,0,0,0
3742,0,0,0,0,0,0
3743,0,0,0,0,0,0
3744,0,0,0,0,0,0
3745,0,0,0,0,0,0
3746,0,0,0,0,0,0
3747,0,0,0,0,0,0
3748,0,0,0,0,0,0
3749,0,0,0,0,0,0
3750,0,0,0,0,0,0
3751,0,0,0,0,0,0
3752,0,0,0,0,0,0
3753,0,0,0,0,0,0
3754,0,0,0,0,0,0
3755,0,0,0,0,0,0
3756,0,0,0,0,0,0
3757,0,0,0,0,0,0
3758,0,0,0,0,0,0
3759,0,0,0,0,0,0
3760,0,0,0,0,0,0
3761,0,0,0,0,0,0
3762,0,0,0,0,0,0
3763,0,0,0,0,0,0
3764,0,0,0,0,0,0
3765,0,0,0,0,0,0
3766,0,0,0,0,0,0
3767,0,0,0,0,0,0
3768,0,0,0,0,0,0
3769,0,0,0,0,0,0
3770,0,0,0,0,0,0
3771,0,0,0,0,0,0
3772,0,0,0,0,0,0
3773,0,0,0,0,0,0
3774,0,0,0,0,0,0
3775,0,0,0,0,0,0
3776,0,0,0,0,0,0
3777,0,0,0,0,0,0
3778,0,0,0,0,0,0
3779,0,0,0,0,0,0
3780,0,0,0,0,0,0
3781,0,0,0,0,0,0
3782,0,0,0,0,0,0
3783,0,0,0,0,0,0
3784,0,0,0,0,0,0
3785,0,0,0,0,0,0
3786,0,0,0,0,0,0
3787,0,0,0,0,0,0
3788,0,0,0,0,0,0
3789,0,0,0,0,0,0
3790,0,0,0,0,0,0
3791,0,0,0,0,0,0
3792,0,0,0,0,0,0
3793,0,0,0,0,0,0
3794,0,0,0,0,0,0
3795,0,0,0,0,0,0
3796,0,0,0,0,0,0
3797,0,0,0,0,0,0
3798,0,0,0,0,0,0
3799,0,0,0,0,0,0
3800,0,0,0,0,0,0
3801,0,0,0,0,0,0
3802,0,0,0,0,0,0
3803,0,0,0,0,0,0
3804,0,0,0,0,0,0
3805,0,0,0,0,0,0
3806,0,0,0,0,0,0
3807,0,0,0,0,0,0
3808,0,0,0,0,0,0
3809,0,0,0,0,0,0
3810,0,0,0,0,0,0
3811,0,0,0,0,0,0
3812,0,0,0,0,0,0
3813,0,0,0,0,0,0
3814,0,0,0,0,0,0
3815,0,0,0,0,0,0
3816,0,0,0,0,0,0
3817,0,0,0,0,0,0
3818,0,0,0,0,0,0
3819,0,0,0,0,0,0
3820,0,0,0,0,0,0
3821,0,0,0,0,0,0
3822,0,0,0,0,0,0
3823,0,0,0,0,0,0
3824,0,0,0,0,0,0
3825,0,0,0,0,0,0
3826,0,0,0,0,0,0
3827,0,0,0,0,0,0
3828,0,0,0,0,0,0
3829,0,0,0,0,0,0
3830,0,0,0,0,0,0
3831,0,0,0,0,0,0
3832,0,0,0,0,0,0
3833,0,0,0,0,0,0
3834,0,0,0,0,0,0
3835,0,0,0,0,0,0
3836,0,0,0,0,0,0
3837,0,0,0,0,0,0
3838,0,0,0,0,0,0
3839,0,0,0,0,0,0
3840,0,0,0,0,0,0
3841,0,0,0,0,0,0
3842,0,0,0,0,0,0
3843,0,0,0,0,0,0
3844,0,0,0,0,0,0
3845,0,0,0,0,0,0
3846,0,0,0,0,0,0
3847,0,0,0,0,0,0
3848,0,0,0,0,0,0
3849,0,0,0,0,0,0
3850,0,0,0,0,0,0
3851,0,0,0,0,0,0
3852,0,0,0,0,0,0
3853,0,0,0,0,0,0
3854,0,0,0,0,0,0
3855,0,0,0,0,0,0
3856,0,0,0,0,0,0
3857,0,0,0,0,0,0
3858,0,0,0,0,0,0
3859,0,0,0,0,0,0
3860,0,0,0,0,0,0
3861,0,0,0,0,0,0
3862,0,0,0,0,0,0
3863,0,0,0,0,0,0
3864,0,0,0,0,0,0
3865,0,0,0,0,0,0
3866,0,0,0,0,0,0
3867,0,0,0,0,0,0
3868,0,0,0,0,0,0
3869,0,0,0,0,0,0
3870,0,0,0,0,0,0
3871,0,0,0,0,0,0
3872,0,0,0,0,0,0
3873,0,0,0,0,0,0
3874,0,0,0,0,0,0
3875,0,0,0,0,0,0
3876,0,0,0,0,0,0
3877,0,0,0,0,0,0
3878,0,0,0,0,0,0
3879,0,0,0,0,0,0
3880,0,0,0,0,0,0
3881,0,0,0,0,0,0
3882,0,0,0,0,0,0
3883,0,0,0,0,0,0
3884,0,0,0,0,0,0
3885,0,0,0,0,0,0
3886,0,0,0,0,0,0
3887,0,0,0,0,0,0
3888,0,0,0,0,0,0
3889,0,0,0,0,0,0
3890,0,0,0,0,0,0
3891,0,0,0,0,0,0
3892,0,0,0,0,0,0
3893,0,0,0,0,0,0
3894,0,0,0,0,0,0
3895,0,0,0,0,0,0
3896,0,0,0,0,0,0
3897,0,0,0,0,0,0
3898,0,0,0,0,0,0
3899,0,0,0,0,0,0
3900,0,0,0,0,0,0
3901,0,0,0,0,0,0
3902,0,0,0,0,0,0
3903,0,0,0,0,0,0
3904,0,0,0,0,0,0
3905,0,0,0,0,0,0
3906,0,0,0,0,0,0
3907,0,0,0,0,0,0
3908,0,0,0,0,0,0
3909,0,0,0,0,0,0
3910,0,0,0,0,0,0
3911,0,0,0,0,0,0
3912,0,0,0,0,0,0
3913,0,0,0,0,0,0
3914,0,0,0,0,0,0
3915,0,0,0,0,0,0
3916,0,0,0,0,0,0
3917,0,0,0,0,0,0
3918,0,0,0,0,0,0
3919,0,0,0,0,0,0
3920,0,0,0,0,0,0
3921,0,0,0,0,0,0
3922,0,0,0,0,0,0
3923,0,0,0,0,0,0
3924,0,0,0,0,0,0
3925,0,0,0,0,0,0
3926,0,0,0,0,0,0
3927,0,0,0,0,0,0
3928,0,0,0,0,0,0
3929,0,0,0,0,0,0
3930,0,0,0,0,0,0
3931,0,0,0,0,0,0
3932,0,0,0,0,0,0
3933,0,0,0,0,0,0
3934,0,0,0,0,0,0
3935,0,0,0,0,0,0
3936,0,0,0,0,0,0
3937,0,0,0,0,0,0
3938,0,0,0,0,0,0
3939,0,0,0,0,0,0
3940,0,0,0,0,0,0
3941,0,0,0,0,0,0
3942,0,0,0,0,0,0
3943,0,0,0,0,0,0
3944,0,0,0,0,0,0
3945,0,0,0,0,0,0
3946,0,0,0,0,0,0
3947,0,0,0,0,0,0
3948,0,0,0,0,0,0
3949,0,0,0,0,0,0
3950,0,0,0,0,0,0
3951,0,0,0,0,0,0
3952,0,0,0,0,0,0
3953,0,0,0,0,0,0
3954,0,0,0,0,0,0
3955,0,0,0,0,0,0
3956,0,0,0,0,0,0
3957,0,0,0,0,0,0
3958,0,0,0,0,0,0
3959,0,0,0,0,0,0
3960,0,0,0,0,0,0
3961,0,0,0,0,0,0
3962,0,0,0,0,0,0
3963,0,0,0,0,0,0
3964,0,0,0,0,0,0
3965,0,0,0,0,0,0
3966,0,0,0,0,0,0
3967,0,0,0,0,0,0
3968,0,0,0,0,0,0
3969,0,0,0,0,0,0
3970,0,0,0,0,0,0
3971,0,0,0,0,0,0
3972,0,0,0,0,0,0
3973,0,0,0,0,0,0
3974,0,0,0,0,0,0
3975,0,0,0,0,0,0
3976,0,0,0,0,0,0
3977,0,0,0,0,0,0
3978,0,0,0,0,0,0
3979,0,0,0,0,0,0
3980,0,0,0,0,0,0
3981,0,0,0,0,0,0
3982,0,0,0,0,0,0
3983,0,0,0,0,0,0
3984,0,0,0,0,0,0
3985,0,0,0,0,0,0
3986,0,0,0,0,0,0
3987,0,0,0,0,0,0
3988,0,0,0,0,0,0
3989,0,0,0,0,0,0
3990,0,0,0,0,0,0
3991,0,0,0,0,0,0
3992,0,0,0,0,0,0
3993,0,0,0,0,0,0
3994,0,0,0,0,0,0
3995,0,0,0,0,0,0
3996,0,0,0,0,0,0
3997,0,0,0,0,0,0
3998,0,0,0,0,0,0
3999,0,0,0,0,0,0
4000,0,0,0,0,0,0
4001,0,0,0,0,0,0
4002,0,0,0,0,0,0
4003,0,0,0,0,0,0
4004,0,0,0,0,0,0
4005,0,0,0,0,0,0
4006,0,0,0,0,0,0
4007,0,0,0,0,0,0
4008,0,0,0,0,0,0
4009,0,0,0,0,0,0
4010,0,0,0,0,0,0
4011,0,0,0,0,0,0
4012,0,0,0,0,0,0
4013,0,0,0,0,0,0
4014,0,0,0,0,0,0
4015,0,0,0,0,0,0
4016,0,0,0,0,0,0
4017,0,0,0,0,0,0
4018,0,0,0,0,0,0
4019,0,0,0,0,0,0
4020,0,0,0,0,0,0
4021,0,0,0,0,0,0
4022,0,0,0,0,0,0
4023,0,0,0,0,0,0
4024,0,0,0,0,0,0
4025,0,0,0,0,0,0
4026,0,0,0,0,0,0
4027,0,0,0,0,0,0
4028,0,0,0,0,0,0
4029,0,0,0,0,0,0
4030,0,0,0,0,0,0
4031,0,0,0,0,0,0
4032,0,0,0,0,0,0
4033,0,0,0,0,0,0
4034,0,0,0,0,0,0
4035,0,0,0,0,0,0
4036,0,0,0,0,0,0
4037,0,0,0,0,0,0
4038,0,0,0,0,0,0
4039,0,0,0,0,0,0
4040,0,0,0,0,0,0
4041,0,0,0,0,0,0
4042,0,0,0,0,0,0
4043,0,0,0,0,0,0
4044,0,0,0,0,0,0
4045,0,0,0,0,0,0
4046,0,0,0,0,0,0
4047,0,0,0,0,0,0
4048,0,0,0,0,0,0
4049,0,0,0,0,0,0
4050,0,0,0,0,0,0
4051,0,0,0,0,0,0
4052,0,0,0,0,0,0
4053,0,0,0,0,0,0
4054,0,0,0,0,0,0
4055,0,0,0,0,0,0
4056,0,0,0,0,0,0
4057,0,0,0,0,0,0
4058,0,0,0,0,0,0
4059,0,0,0,0,0,0
4060,0,0,0,0,0,0
4061,0,0,0,0,0,0
4062,0,0,0,0,0,0
4063,0,0,0,0,0,0
4064,0,0,0,0,0,0
4065,0,0,0,0,0,0
4066,0,0,0,0,0,0
4067,0,0,0,0,0,0
4068,0,0,0,0,0,0
4069,0,0,0,0,0,0
4070,0,0,0,0,0,0
4071,0,0,0,0,0,0
4072,0,0,0,0,0,0
4073,0,0,0,0,0,0
4074,0,0,0,0,0,0
4075,0,0,0,0,0,0
4076,0,0,0,0,0,0
4077,0,0,0,0,0,0
4078,0,0,0,0,0,0
4079,0,0,0,0,0,0
4080,0,0,0,0,0,0
4081,0,0,0,0,0,0
4082,0,0,0,0,0,0
4083,0,0,0,0,0,0
4084,0,0,0,0,0,0
4085,0,0,0,0,0,0
4086,0,0,0,0,0,0
4087,0,0,0,0,0,0
4088,0,0,0,0,0,0
4089,0,0,0,0,0,0
4090,0,0,0,0,0,0
4091,0,0,0,0,0,0
4092,0,0,0,0,0,0
4093,0,0,0,0,0,0
4094,0,0,0,0,0,0
4095,0,0,0,0,0,0
4096,0,0,0,0,0,0
4097,0,0,0,0,0,0
4098,0,0,0,0,0,0
4099,0,0,0,0,0,0
4100,0,0,0,0,0,0
4101,0,0,0,0,0,0
4102,0,0,0,0,0,0
4103,0,0,0,0,0,0
4104,0,0,0,0,0,0
4105,0,0,0,0,0,0
4106,0,0,0,0,0,0
4107,0,0,0,0,0,0
4108,0,0,0,0,0,0
4109,0,0,0,0,0,0
4110,0,0,0,0,0,0
4111,0,0,0,0,0,0
4112,0,0,0,0,0,0
4113,0,0,0,0,0,0
4114,0,0,0,0,0,0
4115,0,0,0,0,0,0
4116,0,0,0,0,0,0
4117,0,0,0,0,0,0
4118,0,0,0,0,0,0
4119,0,0,0,0,0,0
4120,0,0,0,0,0,0
4121,0,0,0,0,0,0
4122,0,0,0,0,0,0
4123,0,0,0,0,0,0
4124,0,0,0,0,0,0
4125,0,0,0,0,0,0
4126,0,0,0,0,0,0
4127,0,0,0,0,0,0
4128,0,0,0,0,0,0
4129,0,0,0,0,0,0
4130,0,0,0,0,0,0
4131,0,0,0,0,0,0
4132,0,0,0,0,0,0
4133,0,0,0,0,0,0
4134,0,0,0,0,0,0
4135,0,0,0,0,0,0
4136,0,0,0,0,0,0
4137,0,0,0,0,0,0
4138,0,0,0,0,0,0
4139,0,0,0,0,0,0
4140,0,0,0,0,0,0
4141,0,0,0,0,0,0
4142,0,0,0,0,0,0
4143,0,0,0,0,0,0
4144,0,0,0,0,0,0
4145,0,0,0,0,0,0
4146,0,0,0,0,0,0
4147,0,0,0,0,0,0
4148,0,0,0,0,0,0
4149,0,0,0,0,0,0
4150,0,0,0,0,0,0
4151,0,0,0,0,0,0
4152,0,0,0,0,0,0
4153,0,0,0,0,0,0
4154,0,0,0,0,0,0
4155,0,0,0,0,0,0
4156,0,0,0,0,0,0
4157,0,0,0,0,0,0
4158,0,0,0,0,0,0
4159,0,0,0,0,0,0
4160,0,0,0,0,0,0
4161,0,0,0,0,0,0
4162,0,0,0,0,0,0
4163,0,0,0,0,0,0
4164,0,0,0,0,0,0
4165,0,0,0,0,0,0
4166,0,0,0,0,0,0
4167,0,0,0,0,0,0
4168,0,0,0,0,0,0
4169,0,0,0,0,0,0
4170,0,0,0,0,0,0
4171,0,0,0,0,0,0
4172,0,0,0,0,0,0
4173,0,0,0,0,0,0
4174,0,0,0,0,0,0
4175,0,0,0,0,0,0
4176,0,0,0,0,0,0
4177,0,0,0,0,0,0
4178,0,0,0,0,0,0
4179,0,0,0,0,0,0
4180,0,0,0,0,0,0
4181,0,0,0,0,0,0
4182,0,0,0,0,0,0
4183,0,0,0,0,0,0
4184,0,0,0,0,0,0
4185,0,0,0,0,0,0
4186,0,0,0,0,0,0
4187,0,0,0,0,0,0
4188,0,0,0,0,0,0
4189,0,0,0,0,0,0
4190,0,0,0,0,0,0
4191,0,0,0,0,0,0
4192,0,0,0,0,0,0
4193,0,0,0,0,0,0
4194,0,0,0,0,0,0
4195,0,0,0,0,0,0
4196,0,0,0,0,0,0
4197,0,0,0,0,0,0
4198,0,0,0,0,0,0
4199,0,0,0,0,0,0
4200,0,0,0,0,0,0
4201,0,0,0,0,0,0
4202,0,0,0,0,0,0
4203,0,0,0,0,0,0
4204,0,0,0,0,0,0
4205,0,0,0,0,0,0
4206,0,0,0,0,0,0
4207,0,0,0,0,0,0
4208,0,0,0,0,0,0
4209,0,0,0,0,0,0
4210,0,0,0,0,0,0
4211,0,0,0,0,0,0
4212,0,0,0,0,0,0
4213,0,0,0,0,0,0
4214,0,0,0,0,0,0
4215,0,0,0,0,0,0
4216,0,0,0,0,0,0
4217,0,0,0,0,0,0
4218,0,0,0,0,0,0
4219,0,0,0,0,0,0
4220,0,0,0,0,0,0
4221,0,0,0,0,0,0
4222,0,0,0,0,0,0
4223,0,0,0,0,0,0
4224,0,0,0,0,0,0
4225,0,0,0,0,0,0
4226,0,0,0,0,0,0
4227,0,0,0,0,0,0
4228,0,0,0,0,0,0
4229,0,0,0,0,0,0
4230,0,0,0,0,0,0
4231,0,0,0,0,0,0
4232,0,0,0,0,0,0
4233,0,0,0,0,0,0
4234,0,0,0,0,0,0
4235,0,0,0,0,0,0
4236,0,0,0,0,0,0
4237,0,0,0,0,0,0
4238,0,0,0,0,0,0
4239,0,0,0,0,0,0
4240,0,0,0,0,0,0
4241,0,0,0,0,0,0
4242,0,0,0,0,0,0
4243,0,0,0,0,0,0
4244,0,0,0,0,0,0
4245,0,0,0,0,0,0
4246,0,0,0,0,0,0
4247,0,0,0,0,0,0
4248,0,0,0,0,0,0
4249,0,0,0,0,0,0
4250,0,0,0,0,0,0
4251,0,0,0,0,0,0
4252,0,0,0,0,0,0
4253,0,0,0,0,0,0
4254,0,0,0,0,0,0
4255,0,0,0,0,0,0
4256,0,0,0,0,0,0
4257,0,0,0,0,0,0
4258,0,0,0,0,0,0
4259,0,0,0,0,0,0
4260,0,0,0,0,0,0
4261,0,0,0,0,0,0
4262,0,0,0,0,0,0
4263,0,0,0,0,0,0
4264,0,0,0,0,0,0
4265,0,0,0,0,0,0
4266,0,0,0,0,0,0
4267,0,0,0,0,0,0
4268,0,0,0,0,0,0
4269,0,0,0,0,0,0
4270,0,0,0,0,0,0
4271,0,0,0,0,0,0
4272,0,0,0,0,0,0
4273,0,0,0,0,0,0
4274,0,0,0,0,0,0
4275,0,0,0,0,0,0
4276,0,0,0,0,0,0
4277,0,0,0,0,0,0
4278,0,0,0,0,0,0
4279,0,0,0,0,0,0
4280,0,0,0,0,0,0
4281,0,0,0,0,0,0
4282,0,0,0,0,0,0
4283,0,0,0,0,0,0
4284,0,0,0,0,0,0
4285,0,0,0,0,0,0
4286,0,0,0,0,0,0
4287,0,0,0,0,0,0
4288,0,0,0,0,0,0
4289,0,0,0,0,0,0
4290,0,0,0,0,0,0
4291,0,0,0,0,0,0
4292,0,0,0,0,0,0
4293,0,0,0,0,0,0
4294,0,0,0,0,0,0
4295,0,0,0,0,0,0
4296,0,0,0,0,0,0
4297,0,0,0,0,0,0
4298,0,0,0,0,0,0
4299,0,0,0,0,0,0
4300,0,0,0,0,0,0
4301,0,0,0,0,0,0
4302,0,0,0,0,0,0
4303,0,0,0,0,0,0
4304,0,0,0,0,0,0
4305,0,0,0,0,0,0
4306,0,0,0,0,0,0
4307,0,0,0,0,0,0
4308,0,0,0,0,0,0
4309,0,0,0,0,0,0
4310,0,0,0,0,0,0
4311,0,0,0,0,0,0
4312,0,0,0,0,0,0
4313,0,0,0,0,0,0
4314,0,0,0,0,0,0
4315,0,0,0,0,0,0
4316,0,0,0,0,0,0
4317,0,0,0,0,0,0
4318,0,0,0,0,0,0
4319,0,0,0,0,0,0
4320,0,0,0,0,0,0
4321,0,0,0,0,0,0
4322,0,0,0,0,0,0
4323,0,0,0,0,0,0
4324,0,0,0,0,0,0
4325,0,0,0,0,0,0
4326,0,0,0,0,0,0
4327,0,0,0,0,0,0
4328,0,0,0,0,0,0
4329,0,0,0,0,0,0
4330,0,0,0,0,0,0
4331,0,0,0,0,0,0
4332,0,0,0,0,0,0
4333,0,0,0,0,0,0
4334,0,0,0,0,0,0
4335,0,0,0,0,0,0
4336,0,0,0,0,0,0
4337,0,0,0,0,0,0
4338,0,0,0,0,0,0
4339,0,0,0,0,0,0
4340,0,0,0,0,0,0
4341,0,0,0,0,0,0
4342,0,0,0,0,0,0
4343,0,0,0,0,0,0
4344,0,0,0,0,0,0
4345,0,0,0,0,0,0
4346,0,0,0,0,0,0
4347,0,0,0,0,0,0
4348,0,0,0,0,0,0
4349,0,0,0,0,0,0
4350,0,0,0,0,0,0
4351,0,0,0,0,0,0
4352,0,0,0,0,0,0
4353,0,0,0,0,0,0
4354,0,0,0,0,0,0
4355,0,0,0,0,0,0
4356,0,0,0,0,0,0
4357,0,0,0,0,0,0
4358,0,0,0,0,0,0
4359,0,0,0,0,0,0
4360,0,0,0,0,0,0
4361,0,0,0,0,0,0
4362,0,0,0,0,0,0
4363,0,0,0,0,0,0
4364,0,0,0,0,0,0
4365,0,0,0,0,0,0
4366,0,0,0,0,0,0
4367,0,0,0,0,0,0
4368,0,0,0,0,0,0
4369,0,0,0,0,0,0
4370,0,0,0,0,0,0
4371,0,0,0,0,0,0
4372,0,0,0,0,0,0
4373,0,0,0,0,0,0
4374,0,0,0,0,0,0
4375,0,0,0,0,0,0
4376,0,0,0,0,0,0
4377,0,0,0,0,0,0
4378,0,0,0,0,0,0
4379,0,0,0,0,0,0
4380,0,0,0,0,0,0
4381,0,0,0,0,0,0
4382,0,0,0,0,0,0
4383,0,0,0,0,0,0
4384,0,0,0,0,0,0
4385,0,0,0,0,0,0
4386,0,0,0,0,0,0
4387,0,0,0,0,0,0
4388,0,0,0,0,0,0
4389,0,0,0,0,0,0
4390,0,0,0,0,0,0
4391,0,0,0,0,0,0
4392,0,0,0,0,0,0
4393,0,0,0,0,0,0
4394,0,0,0,0,0,0
4395,0,0,0,0,0,0
4396,0,0,0,0,0,0
4397,0,0,0,0,0,0
4398,0,0,0,0,0,0
4399,0,0,0,0,0,0
4400,0,0,0,0,0,0
4401,0,0,0,0,0,0
4402,0,0,0,0,0,0
4403,0,0,0,0,0,0
4404,0,0,0,0,0,0
4405,0,0,0,0,0,0
4406,0,0,0,0,0,0
4407,0,0,0,0,0,0
4408,0,0,0,0,0,0
4409,0,0,0,0,0,0
4410,0,0,0,0,0,0
4411,0,0,0,0,0,0
4412,0,0,0,0,0,0
4413,0,0,0,0,0,0
4414,0,0,0,0,0,0
4415,0,0,0,0,0,0
4416,0,0,0,0,0,0
4417,0,0,0,0,0,0
4418,0,0,0,0,0,0
4419,0,0,0,0,0,0
4420,0,0,0,0,0,0
4421,0,0,0,0,0,0
4422,0,0,0,0,0,0
4423,0,0,0,0,0,0
4424,0,0,0,0,0,0
4425,0,0,0,0,0,0
4426,0,0,0,0,0,0
4427,0,0,0,0,0,0
4428,0,0,0,0,0,0
4429,0,0,0,0,0,0
4430,0,0,0,0,0,0
4431,0,0,0,0,0,0
4432,0,0,0,0,0,0
4433,0,0,0,0,0,0
4434,0,0,0,0,0,0
4435,0,0,0,0,0,0
4436,0,0,0,0,0,0
4437,0,0,0,0,0,0
4438,0,0,0,0,0,0
4439,0,0,0,0,0,0
4440,0,0,0,0,0,0
4441,0,0,0,0,0,0
4442,0,0,0,0,0,0
4443,0,0,0,0,0,0
4444,0,0,0,0,0,0
4445,0,0,0,0,0,0
4446,0,0,0,0,0,0
4447,0,0,0,0,0,0
4448,0,0,0,0,0,0
4449,0,0,0,0,0,0
4450,0,0,0,0,0,0
4451,0,0,0,0,0,0
4452,0,0,0,0,0,0
4453,0,0,0,0,0,0
4454,0,0,0,0,0,0
4455,0,0,0,0,0,0
4456,0,0,0,0,0,0
4457,0,0,0,0,0,0
4458,0,0,0,0,0,0
4459,0,0,0,0,0,0
4460,0,0,0,0,0,0
4461,0,0,0,0,0,0
4462,0,0,0,0,0,0
4463,0,0,0,0,0,0
4464,0,0,0,0,0,0
4465,0,0,0,0,0,0
4466,0,0,0,0,0,0
4467,0,0,0,0,0,0
4468,0,0,0,0,0,0
4469,0,0,0,0,0,0
4470,0,0,0,0,0,0
4471,0,0,0,0,0,0
4472,0,0,0,0,0,0
4473,0,0,0,0,0,0
4474,0,0,0,0,0,0
4475,0,0,0,0,0,0
4476,0,0,0,0,0,0
4477,0,0,0,0,0,0
4478,0,0,0,0,0,0
4479,0,0,0,0,0,0
4480,0,0,0,0,0,0
4481,0,0,0,0,0,0
4482,0,0,0,0,0,0
4483,0,0,0,0,0,0
4484,0,0,0,0,0,0
4485,0,0,0,0,0,0
4486,0,0,0,0,0,0
4487,0,0,0,0,0,0
4488,0,0,0,0,0,0
4489,0,0,0,0,0,0
4490,0,0,0,0,0,0
4491,0,0,0,0,0,0
4492,0,0,0,0,0,0
4493,0,0,0,0,0,0
4494,0,0,0,0,0,0
4495,0,0,0,0,0,0
4496,0,0,0,0,0,0
4497,0,0,0,0,0,0
4498,0,0,0,0,0,0
4499,0,0,0,0,0,0
4500,0,0,0,0,0,0
4501,0,0,0,0,0,0
4502,0,0,0,0,0,0
4503,0,0,0,0,0,0
4504,0,0,0,0,0,0
4505,0,0,0,0,0,0
4506,0,0,0,0,0,0
4507,0,0,0,0,0,0
4508,0,0,0,0,0,0
4509,0,0,0,0,0,0
4510,0,0,0,0,0,0
4511,0,0,0,0,0,0
4512,0,0,0,0,0,0
4513,0,0,0,0,0,0
4514,0,0,0,0,0,0
4515,0,0,0,0,0,0
4516,0,0,0,0,0,0
4517,0,0,0,0,0,0
4518,0,0,0,0,0,0
4519,0,0,0,0,0,0
4520,0,0,0,0,0,0
4521,0,0,0,0,0,0
4522,0,0,0,0,0,0
4523,0,0,0,0,0,0
4524,0,0,0,0,0,0
4525,0,0,0,0,0,0
4526,0,0,0,0,0,0
4527,0,0,0,0,0,0
4528,0,0,0,0,0,0
4529,0,0,0,0,0,0
4530,0,0,0,0,0,0
4531,0,0,0,0,0,0
4532,0,0,0,0,0,0
4533,0,0,0,0,0,0
4534,0,0,0,0,0,0
4535,0,0,0,0,0,0
4536,0,0,0,0,0,0
4537,0,0,0,0,0,0
4538,0,0,0,0,0,0
4539,0,0,0,0,0,0
4540,0,0,0,0,0,0
4541,0,0,0,0,0,0
4542,0,0,0,0,0,0
4543,0,0,0,0,0,0
4544,0,0,0,0,0,0
4545,0,0,0,0,0,0
4546,0,0,0,0,0,0
4547,0,0,0,0,0,0
4548,0,0,0,0,0,0
4549,0,0,0,0,0,0
4550,0,0,0,0,0,0
4551,0,0,0,0,0,0
4552,0,0,0,0,0,0
4553,0,0,0,0,0,0
4554,0,0,0,0,0,0
4555,0,0,0,0,0,0
4556,0,0,0,0,0,0
4557,0,0,0,0,0,0
4558,0,0,0,0,0,0
4559,0,0,0,0,0,0
4560,0,0,0,0,0,0
4561,0,0,0,0,0,0
4562,0,0,0,0,0,0
4563,0,0,0,0,0,0
4564,0,0,0,0,0,0
4565,0,0,0,0,0,0
4566,0,0,0,0,0,0
4567,0,0,0,0,0,0
4568,0,0,0,0,0,0
4569,0,0,0,0,0,0
4570,0,0,0,0,0,0
4571,0,0,0,0,0,0
4572,0,0,0,0,0,0
4573,0,0,0,0,0,0
4574,0,0,0,0,0,0
4575,0,0,0,0,0,0
4576,0,0,0,0,0,0
4577,0,0,0,0,0,0
4578,0,0,0,0,0,0
4579,0,0,0,0,0,0
4580,0,0,0,0,0,0
4581,0,0,0,0,0,0
4582,0,0,0,0,0,0
4583,0,0,0,0,0,0
4584,0,0,0,0,0,0
4585,0,0,0,0,0,0
4586,0,0,0,0,0,0
4587,0,0,0,0,0,0
4588,0,0,0,0,0,0
4589,0,0,0,0,0,0
4590,0,0,0,0,0,0
4591,0,0,0,0,0,0
4592,0,0,0,0,0,0
4593,0,0,0,0,0,0
4594,0,0,0,0,0,0
4595,0,0,0,0,0,0
4596,0,0,0,0,0,0
4597,0,0,0,0,0,0
4598,0,0,0,0,0,0
4599,0,0,0,0,0,0
4600,0,0,0,0,0,0
4601,0,0,0,0,0,0
4602,0,0,0,0,0,0
4603,0,0,0,0,0,0
4604,0,0,0,0,0,0
4605,0,0,0,0,0,0
4606,0,0,0,0,0,0
4607,0,0,0,0,0,0
4608,0,0,0,0,0,0
4609,0,0,0,0,0,0
4610,0,0,0,0,0,0
4611,0,0,0,0,0,0
4612,0,0,0,0,0,0
4613,0,0,0,0,0,0
4614,0,0,0,0,0,0
4615,0,0,0,0,0,0
4616,0,0,0,0,0,0
4617,0,0,0,0,0,0
4618,0,0,0,0,0,0
4619,0,0,0,0,0,0
4620,0,0,0,0,0,0
4621,0,0,0,0,0,0
4622,0,0,0,0,0,0
4623,0,0,0,0,0,0
4624,0,0,0,0,0,0
4625,0,0,0,0,0,0
4626,0,0,0,0,0,0
4627,0,0,0,0,0,0
4628,0,0,0,0,0,0
4629,0,0,0,0,0,0
4630,0,0,0,0,0,0
4631,0,0,0,0,0,0
4632,0,0,0,0,0,0
4633,0,0,0,0,0,0
4634,0,0,0,0,0,0
4635,0,0,0,0,0,0
4636,0,0,0,0,0,0
4637,0,0,0,0,0,0
4638,0,0,0,0,0,0
4639,0,0,0,0,0,0
4640,0,0,0,0,0,0
4641,0,0,0,0,0,0
4642,0,0,0,0,0,0
4643,0,0,0,0,0,0
4644,0,0,0,0,0,0
4645,0,0,0,0,0,0
4646,0,0,0,0,0,0
4647,0,0,0,0,0,0
4648,0,0,0,0,0,0
4649,0,0,0,0,0,0
4650,0,0,0,0,0,0
4651,0,0,0,0,0,0
4652,0,0,0,0,0,0
4653,0,0,0,0,0,0
4654,0,0,0,0,0,0
4655,0,0,0,0,0,0
4656,0,0,0,0,0,0
4657,0,0,0,0,0,0
4658,0,0,0,0,0,0
4659,0,0,0,0,0,0
4660,0,0,0,0,0,0
4661,0,0,0,0,0,0
4662,0,0,0,0,0,0
4663,0,0,0,0,0,0
4664,0,0,0,0,0,0
4665,0,0,0,0,0,0
4666,0,0,0,0,0,0
4667,0,0,0,0,0,0
4668,0,0,0,0,0,0
4669,0,0,0,0,0,0
4670,0,0,0,0,0,0
4671,0,0,0,0,0,0
4672,0,0,0,0,0,0
4673,0,0,0,0,0,0
4674,0,0,0,0,0,0
4675,0,0,0,0,0,0
4676,0,0,0,0,0,0
4677,0,0,0,0,0,0
4678,0,0,0,0,0,0
4679,0,0,0,0,0,0
4680,0,0,0,0,0,0
4681,0,0,0,0,0,0
4682,0,0,0,0,0,0
4683,0,0,0,0,0,0
4684,0,0,0,0,0,0
4685,0,0,0,0,0,0
4686,0,0,0,0,0,0
4687,0,0,0,0,0,0
4688,0,0,0,0,0,0
4689,0,0,0,0,0,0
4690,0,0,0,0,0,0
4691,0,0,0,0,0,0
4692,0,0,0,0,0,0
4693,0,0,0,0,0,0
4694,0,0,0,0,0,0
4695,0,0,0,0,0,0
4696,0,0,0,0,0,0
4697,0,0,0,0,0,0
4698,0,0,0,0,0,0
4699,0,0,0,0,0,0
4700,0,0,0,0,0,0
4701,0,0,0,0,0,0
4702,0,0,0,0,0,0
4703,0,0,0,0,0,0
4704,0,0,0,0,0,0
4705,0,0,0,0,0,0
4706,0,0,0,0,0,0
4707,0,0,0,0,0,0
4708,0,0,0,0,0,0
4709,0,0,0,0,0,0
4710,0,0,0,0,0,0
4711,0,0,0,0,0,0
4712,0,0,0,0,0,0
4713,0,0,0,0,0,0
4714,0,0,0,0,0,0
4715,0,0,0,0,0,0
4716,0,0,0,0,0,0
4717,0,0,0,0,0,0
4718,0,0,0,0,0,0
4719,0,0,0,0,0,0
4720,0,0,0,0,0,0
4721,0,0,0,0,0,0
4722,0,0,0,0,0,0
4723,0,0,0,0,0,0
4724,0,0,0,0,0,0
4725,0,0,0,0,0,0
4726,0,0,0,0,0,0
4727,0,0,0,0,0,0
4728,0,0,0,0,0,0
4729,0,0,0,0,0,0
4730,0,0,0,0,0,0
4731,0,0,0,0,0,0
4732,0,0,0,0,0,0
4733,0,0,0,0,0,0
4734,0,0,0,0,0,0
4735,0,0,0,0,0,0
4736,0,0,0,0,0,0
4737,0,0,0,0,0,0
4738,0,0,0,0,0,0
4739,0,0,0,0,0,0
4740,0,0,0,0,0,0
4741,0,0,0,0,0,0
4742,0,0,0,0,0,0
4743,0,0,0,0,0,0
4744,0,0,0,0,0,0
4745,0,0,0,0,0,0
4746,0,0,0,0,0,0
4747,0,0,0,0,0,0
4748,0,0,0,0,0,0
4749,0,0,0,0,0,0
4750,0,0,0,0,0,0
4751,0,0,0,0,0,0
4752,0,0,0,0,0,0
4753,0,0,0,0,0,0
4754,0,0,0,0,0,0
4755,0,0,0,0,0,0
4756,0,0,0,0,0,0
4757,0,0,0,0,0,0
4758,0,0,0,0,0,0
4759,0,0,0,0,0,0
4760,0,0,0,0,0,0
4761,0,0,0,0,0,0
4762,0,0,0,0,0,0
4763,0,0,0,0,0,0
4764,0,0,0,0,0,0
4765,0,0,0,0,0,0
4766,0,0,0,0,0,0
4767,0,0,0,0,0,0
4768,0,0,0,0,0,0
4769,0,0,0,0,0,0
4770,0,0,0,0,0,0
4771,0,0,0,0,0,0
4772,0,0,0,0,0,0
4773,0,0,0,0,0,0
4774,0,0,0,0,0,0
4775,0,0,0,0,0,0
4776,0,0,0,0,0,0
4777,0,0,0,0,0,0
4778,0,0,0,0,0,0
4779,0,0,0,0,0,0
4780,0,0,0,0,0,0
4781,0,0,0,0,0,0
4782,0,0,0,0,0,0
4783,0,0,0,0,0,0
4784,0,0,0,0,0,0
4785,0,0,0,0,0,0
4786,0,0,0,0,0,0
4787,0,0,0,0,0,0
4788,0,0,0,0,0,0
4789,0,0,0,0,0,0
4790,0,0,0,0,0,0
4791,0,0,0,0,0,0
4792,0,0,0,0,0,0
4793,0,0,0,0,0,0
4794,0,0,0,0,0,0
4795,0,0,0,0,0,0
4796,0,0,0,0,0,0
4797,0,0,0,0,0,0
4798,0,0,0,0,0,0
4799,0,0,0,0,0,0
4800,0,0,0,0,0,0
4801,0,0,0,0,0,0
4802,0,0,0,0,0,0
4803,0,0,0,0,0,0
4804,0,0,0,0,0,0
4805,0,0,0,0,0,0
4806,0,0,0,0,0,0
4807,0,0,0,0,0,0
4808,0,0,0,0,0,0
4809,0,0,0,0,0,0
4810,0,0,0,0,0,0
4811,0,0,0,0,0,0
4812,0,0,0,0,0,0
4813,0,0,0,0,0,0
4814,0,0,0,0,0,0
4815,0,0,0,0,0,0
4816,0,0,0,0,0,0
4817,0,0,0,0,0,0
4818,0,0,0,0,0,0
4819,0,0,0,0,0,0
4820,0,0,0,0,0,0
4821,0,0,0,0,0,0
4822,0,0,0,0,0,0
4823,0,0,0,0,0,0
4824,0,0,0,0,0,0
4825,0,0,0,0,0,0
4826,0,0,0,0,0,0
4827,0,0,0,0,0,0
4828,0,0,0,0,0,0
4829,0,0,0,0,0,0
4830,0,0,0,0,0,0
4831,0,0,0,0,0,0
4832,0,0,0,0,0,0
4833,0,0,0,0,0,0
4834,0,0,0,0,0,0
4835,0,0,0,0,0,0
4836,0,0,0,0,0,0
4837,0,0,0,0,0,0
4838,0,0,0,0,0,0
4839,0,0,0,0,0,0
4840,0,0,0,0,0,0
4841,0,0,0,0,0,0
4842,0,0,0,0,0,0
4843,0,0,0,0,0,0
4844,0,0,0,0,0,0
4845,0,0,0,0,0,0
4846,0,0,0,0,0,0
4847,0,0,0,0,0,0
4848,0,0,0,0,0,0
4849,0,0,0,0,0,0
4850,0,0,0,0,0,0
4851,0,0,0,0,0,0
4852,0,0,0,0,0,0
4853,0,0,0,0,0,0
4854,0,0,0,0,0,0
4855,0,0,0,0,0,0
4856,0,0,0,0,0,0
4857,0,0,0,0,0,0
4858,0,0,0,0,0,0
4859,0,0,0,0,0,0
4860,0,0,0,0,0,0
4861,0,0,0,0,0,0
4862,0,0,0,0,0,0
4863,0,0,0,0,0,0
4864,0,0,0,0,0,0
4865,0,0,0,0,0,0
4866,0,0,0,0,0,0
4867,0,0,0,0,0,0
4868,0,0,0,0,0,0
4869,0,0,0,0,0,0
4870,0,0,0,0,0,0
4871,0,0,0,0,0,0
4872,0,0,0,0,0,0
4873,0,0,0,0,0,0
4874,0,0,0,0,0,0
4875,0,0,0,0,0,0
4876,0,0,0,0,0,0
4877,0,0,0,0,0,0
4878,0,0,0,0,0,0
4879,0,0,0,0,0,0
4880,0,0,0,0,0,0
4881,0,0,0,0,0,0
4882,0,0,0,0,0,0
4883,0,0,0,0,0,0
4884,0,0,0,0,0,0
4885,0,0,0,0,0,0
4886,0,0,0,0,0,0
4887,0,0,0,0,0,0
4888,0,0,0,0,0,0
4889,0,0,0,0,0,0
4890,0,0,0,0,0,0
4891,0,0,0,0,0,0
4892,0,0,0,0,0,0
4893,0,0,0,0,0,0
4894,0,0,0,0,0,0
4895,0,0,0,0,0,0
4896,0,0,0,0,0,0
4897,0,0,0,0,0,0
4898,0,0,0,0,0,0
4899,0,0,0,0,0,0
4900,0,0,0,0,0,0
4901,0,0,0,0,0,0
4902,0,0,0,0,0,0
4903,0,0,0,0,0,0
4904,0,0,0,0,0,0
4905,0,0,0,0,0,0
4906,0,0,0,0,0,0
4907,0,0,0,0,0,0
4908,0,0,0,0,0,0
4909,0,0,0,0,0,0
4910,0,0,0,0,0,0
4911,0,0,0,0,0,0
4912,0,0,0,0,0,0
4913,0,0,0,0,0,0
4914,0,0,0,0,0,0
4915,0,0,0,0,0,0
4916,0,0,0,0,0,0
4917,0,0,0,0,0,0
4918,0,0,0,0,0,0
4919,0,0,0,0,0,0
4920,0,0,0,0,0,0
4921,0,0,0,0,0,0
4922,0,0,0,0,0,0
4923,0,0,0,0,0,0
4924,0,0,0,0,0,0
4925,0,0,0,0,0,0
4926,0,0,0,0,0,0
4927,0,0,0,0,0,0
4928,0,0,0,0,0,0
4929,0,0,0,0,0,0
4930,0,0,0,0,0,0
4931,0,0,0,0,0,0
4932,0,0,0,0,0,0
4933,0,0,0,0,0,0
4934,0,0,0,0,0,0
4935,0,0,0,0,0,0
4936,0,0,0,0,0,0
4937,0,0,0,0,0,0
4938,0,0,0,0,0,0
4939,0,0,0,0,0,0
4940,0,0,0,0,0,0
4941,0,0,0,0,0,0
4942,0,0,0,0,0,0
4943,0,0,0,0,0,0
4944,0,0,0,0,0,0
4945,0,0,0,0,0,0
4946,0,0,0,0,0,0
4947,0,0,0,0,0,0
4948,0,0,0,0,0,0
4949,0,0,0,0,0,0
4950,0,0,0,0,0,0
4951,0,0,0,0,0,0
4952,0,0,0,0,0,0
4953,0,0,0,0,0,0
4954,0,0,0,0,0,0
4955,0,0,0,0,0,0
4956,0,0,0,0,0,0
4957,0,0,0,0,0,0
4958,0,0,0,0,0,0
4959,0,0,0,0,0,0
4960,0,0,0,0,0,0
4961,0,0,0,0,0,0
4962,0,0,0,0,0,0
4963,0,0,0,0,0,0
4964,0,0,0,0,0,0
4965,0,0,0,0,0,0
4966,0,0,0,0,0,0
4967,0,0,0,0,0,0
4968,0,0,0,0,0,0
4969,0,0,0,0,0,0
4970,0,0,0,0,0,0
4971,0,0,0,0,0,0
4972,0,0,0,0,0,0
4973,0,0,0,0,0,0
4974,0,0,0,0,0,0
4975,0,0,0,0,0,0
4976,0,0,0,0,0,0
4977,0,0,0,0,0,0
4978,0,0,0,0,0,0
4979,0,0,0,0,0,0
4980,0,0,0,0,0,0
4981,0,0,0,0,0,0
4982,0,0,0,0,0,0
4983,0,0,0,0,0,0
4984,0,0,0,0,0,0
4985,0,0,0,0,0,0
4986,0,0,0,0,0,0
4987,0,0,0,0,0,0
4988,0,0,0,0,0,0
4989,0,0,0,0,0,0
4990,0,0,0,0,0,0
4991,0,0,0,0,0,0
4992,0,0,0,0,0,0
4993,0,0,0,0,0,0
4994,0,0,0,0,0,0
4995,0,0,0,0,0,0
4996,0,0,0,0,0,0
4997,0,0,0,0,0,0
4998,0,0,0,0,0,0
4999,0,0,0,0,0,0
5000,0,0,0,0,0,0
5001,0,0,0,0,0,0
5002,0,0,0,0,0,0
5003,0,0,0,0,0,0
5004,0,0,0,0,0,0
5005,0,0,0,0,0,0
5006,0,0,0,0,0,0
5007,0,0,0,0,0,0
5008,0,0,0,0,0,0
5009,0,0,0,0,0,0
5010,0,0,0,0,0,0
5011,0,0,0,0,0,0
5012,0,0,0,0,0,0
5013,0,0,0,0,0,0
5014,0,0,0,0,0,0
5015,0,0,0,0,0,0
5016,0,0,0,0,0,0
5017,0,0,0,0,0,0
5018,0,0,0,0,0,0
5019,0,0,0,0,0,0
5020,0,0,0,0,0,0
5021,0,0,0,0,0,0
5022,0,0,0,0,0,0
5023,0,0,0,0,0,0
5024,0,0,0,0,0,0
5025,0,0,0,0,0,0
5026,0,0,0,0,0,0
5027,0,0,0,0,0,0
5028,0,0,0,0,0,0
5029,0,0,0,0,0,0
5030,0,0,0,0,0,0
5031,0,0,0,0,0,0
5032,0,0,0,0,0,0
5033,0,0,0,0,0,0
5034,0,0,0,0,0,0
5035,0,0,0,0,0,0
5036,0,0,0,0,0,0
5037,0,0,0,0,0,0
5038,0,0,0,0,0,0
5039,0,0,0,0,0,0
5040,0,0,0,0,0,0
5041,0,0,0,0,0,0
5042,0,0,0,0,0,0
5043,0,0,0,0,0,0
5044,0,0,0,0,0,0
5045,0,0,0,0,0,0
5046,0,0,0,0,0,0
5047,0,0,0,0,0,0
5048,0,0,0,0,0,0
5049,0,0,0,0,0,0
5050,0,0,0,0,0,0
5051,0,0,0,0,0,0
5052,0,0,0,0,0,0
5053,0,0,0,0,0,0
5054,0,0,0,0,0,0
5055,0,0,0,0,0,0
5056,0,0,0,0,0,0
5057,0,0,0,0,0,0
5058,0,0,0,0,0,0
5059,0,0,0,0,0,0
5060,0,0,0,0,0,0
5061,0,0,0,0,0,0
5062,0,0,0,0,0,0
5063,0,0,0,0,0,0
5064,0,0,0,0,0,0
5065,0,0,0,0,0,0
5066,0,0,0,0,0,0
5067,0,0,0,0,0,0
5068,0,0,0,0,0,0
5069,0,0,0,0,0,0
5070,0,0,0,0,0,0
5071,0,0,0,0,0,0
5072,0,0,0,0,0,0
5073,0,0,0,0,0,0
5074,0,0,0,0,0,0
5075,0,0,0,0,0,0
5076,0,0,0,0,0,0
5077,0,0,0,0,0,0
5078,0,0,0,0,0,0
5079,0,0,0,0,0,0
5080,0,0,0,0,0,0
5081,0,0,0,0,0,0
5082,0,0,0,0,0,0
5083,0,0,0,0,0,0
5084,0,0,0,0,0,0
5085,0,0,0,0,0,0
5086,0,0,0,0,0,0
5087,0,0,0,0,0,0
5088,0,0,0,0,0,0
5089,0,0,0,0,0,0
5090,0,0,0,0,0,0
5091,0,0,0,0,0,0
5092,0,0,0,0,0,0
5093,0,0,0,0,0,0
5094,0,0,0,0,0,0
5095,0,0,0,0,0,0
5096,0,0,0,0,0,0
5097,0,0,0,0,0,0
5098,0,0,0,0,0,0
5099,0,0,0,0,0,0
5100,0,0,0,0,0,0
5101,0,0,0,0,0,0
5102,0,0,0,0,0,0
5103,0,0,0,0,0,0
5104,0,0,0,0,0,0
5105,0,0,0,0,0,0
5106,0,0,0,0,0,0
5107,0,0,0,0,0,0
5108,0,0,0,0,0,0
5109,0,0,0,0,0,0
5110,0,0,0,0,0,0
5111,0,0,0,0,0,0
5112,0,0,0,0,0,0
5113,0,0,0,0,0,0
5114,0,0,0,0,0,0
5115,0,0,0,0,0,0
5116,0,0,0,0,0,0
5117,0,0,0,0,0,0
5118,0,0,0,0,0,0
5119,0,0,0,0,0,0
5120,0,0,0,0,0,0
5121,0,0,0,0,0,0
5122,0,0,0,0,0,0
5123,0,0,0,0,0,0
5124,0,0,0,0,0,0
5125,0,0,0,0,0,0
5126,0,0,0,0,0,0
5127,0,0,0,0,0,0
5128,0,0,0,0,0,0
5129,0,0,0,0,0,0
5130,0,0,0,0,0,0
5131,0,0,0,0,0,0
5132,0,0,0,0,0,0
5133,0,0,0,0,0,0
5134,0,0,0,0,0,0
5135,0,0,0,0,0,0
5136,0,0,0,0,0,0
5137,0,0,0,0,0,0
5138,0,0,0,0,0,0
5139,0,0,0,0,0,0
5140,0,0,0,0,0,0
5141,0,0,0,0,0,0
5142,0,0,0,0,0,0
5143,0,0,0,0,0,0
5144,0,0,0,0,0,0
5145,0,0,0,0,0,0
5146,0,0,0,0,0,0
5147,0,0,0,0,0,0
5148,0,0,0,0,0,0
5149,0,0,0,0,0,0
5150,0,0,0,0,0,0
5151,0,0,0,0,0,0
5152,0,0,0,0,0,0
5153,0,0,0,0,0,0
5154,0,0,0,0,0,0
5155,0,0,0,0,0,0
5156,0,0,0,0,0,0
5157,0,0,0,0,0,0
5158,0,0,0,0,0,0
5159,0,0,0,0,0,0
5160,0,0,0,0,0,0
5161,0,0,0,0,0,0
5162,0,0,0,0,0,0
5163,0,0,0,0,0,0
5164,0,0,0,0,0,0
5165,0,0,0,0,0,0
5166,0,0,0,0,0,0
5167,0,0,0,0,0,0
5168,0,0,0,0,0,0
5169,0,0,0,0,0,0
5170,0,0,0,0,0,0
5171,0,0,0,0,0,0
5172,0,0,0,0,0,0
5173,0,0,0,0,0,0
5174,0,0,0,0,0,0
5175,0,0,0,0,0,0
5176,0,0,0,0,0,0
5177,0,0,0,0,0,0
5178,0,0,0,0,0,0
5179,0,0,0,0,0,0
5180,0,0,0,0,0,0
5181,0,0,0,0,0,0
5182,0,0,0,0,0,0
5183,0,0,0,0,0,0
5184,0,0,0,0,0,0
5185,0,0,0,0,0,0
5186,0,0,0,0,0,0
5187,0,0,0,0,0,0
5188,0,0,0,0,0,0
5189,0,0,0,0,0,0
5190,0,0,0,0,0,0
5191,0,0,0,0,0,0
5192,0,0,0,0,0,0
5193,0,0,0,0,0,0
5194,0,0,0,0,0,0
5195,0,0,0,0,0,0
5196,0,0,0,0,0,0
5197,0,0,0,0,0,0
5198,0,0,0,0,0,0
5199,0,0,0,0,0,0
5200,0,0,0,0,0,0
5201,0,0,0,0,0,0
5202,0,0,0,0,0,0
5203,0,0,0,0,0,0
5204,0,0,0,0,0,0
5205,0,0,0,0,0,0
5206,0,0,0,0,0,0
5207,0,0,0,0,0,0
5208,0,0,0,0,0,0
5209,0,0,0,0,0,0
5210,0,0,0,0,0,0
5211,0,0,0,0,0,0
5212,0,0,0,0,0,0
5213,0,0,0,0,0,0
5214,0,0,0,0,0,0
5215,0,0,0,0,0,0
5216,0,0,0,0,0,0
5217,0,0,0,0,0,0
5218,0,0,0,0,0,0
5219,0,0,0,0,0,0
5220,0,0,0,0,0,0
5221,0,0,0,0,0,0
5222,0,0,0,0,0,0
5223,0,0,0,0,0,0
5224,0,0,0,0,0,0
5225,0,0,0,0,0,0
5226,0,0,0,0,0,0
5227,0,0,0,0,0,0
5228,0,0,0,0,0,0
5229,0,0,0,0,0,0
5230,0,0,0,0,0,0
5231,0,0,0,0,0,0
5232,0,0,0,0,0,0
5233,0,0,0,0,0,0
5234,0,0,0,0,0,0
5235,0,0,0,0,0,0
5236,0,0,0,0,0,0
5237,0,0,0,0,0,0
5238,0,0,0,0,0,0
5239,0,0,0,0,0,0
5240,0,0,0,0,0,0
5241,0,0,0,0,0,0
5242,0,0,0,0,0,0
5243,0,0,0,0,0,0
5244,0,0,0,0,0,0
5245,0,0,0,0,0,0
5246,0,0,0,0,0,0
5247,0,0,0,0,0,0
5248,0,0,0,0,0,0
5249,0,0,0,0,0,0
5250,0,0,0,0,0,0
5251,0,0,0,0,0,0
5252,0,0,0,0,0,0
5253,0,0,0,0,0,0
5254,0,0,0,0,0,0
5255,0,0,0,0,0,0
5256,0,0,0,0,0,0
5257,0,0,0,0,0,0
5258,0,0,0,0,0,0
5259,0,0,0,0,0,0
5260,0,0,0,0,0,0
5261,0,0,0,0,0,0
5262,0,0,0,0,0,0
5263,0,0,0,0,0,0
5264,0,0,0,0,0,0
5265,0,0,0,0,0,0
5266,0,0,0,0,0,0
5267,0,0,0,0,0,0
5268,0,0,0,0,0,0
5269,0,0,0,0,0,0
5270,0,0,0,0,0,0
5271,0,0,0,0,0,0
5272,0,0,0,0,0,0
5273,0,0,0,0,0,0
5274,0,0,0,0,0,0
5275,0,0,0,0,0,0
5276,0,0,0,0,0,0
5277,0,0,0,0,0,0
5278,0,0,0,0,0,0
5279,0,0,0,0,0,0
5280,0,0,0,0,0,0
5281,0,0,0,0,0,0
5282,0,0,0,0,0,0
5283,0,0,0,0,0,0
5284,0,0,0,0,0,0
5285,0,0,0,0,0,0
5286,0,0,0,0,0,0
5287,0,0,0,0,0,0
5288,0,0,0,0,0,0
5289,0,0,0,0,0,0
5290,0,0,0,0,0,0
5291,0,0,0,0,0,0
5292,0,0,0,0,0,0
5293,0,0,0,0,0,0
5294,0,0,0,0,0,0
5295,0,0,0,0,0,0
5296,0,0,0,0,0,0
5297,0,0,0,0,0,0
5298,0,0,0,0,0,0
5299,0,0,0,0,0,0
5300,0,0,0,0,0,0
5301,0,0,0,0,0,0
5302,0,0,0,0,0,0
5303,0,0,0,0,0,0
5304,0,0,0,0,0,0
5305,0,0,0,0,0,0
5306,0,0,0,0,0,0
5307,0,0,0,0,0,0
5308,0,0,0,0,0,0
5309,0,0,0,0,0,0
5310,0,0,0,0,0,0
5311,0,0,0,0,0,0
5312,0,0,0,0,0,0
5313,0,0,0,0,0,0
5314,0,0,0,0,0,0
5315,0,0,0,0,0,0
5316,0,0,0,0,0,0
5317,0,0,0,0,0,0
5318,0,0,0,0,0,0
5319,0,0,0,0,0,0
5320,0,0,0,0,0,0
5321,0,0,0,0,0,0
5322,0,0,0,0,0,0
5323,0,0,0,0,0,0
5324,0,0,0,0,0,0
5325,0,0,0,0,0,0
5326,0,0,0,0,0,0
5327,0,0,0,0,0,0
5328,0,0,0,0,0,0
5329,0,0,0,0,0,0
5330,0,0,0,0,0,0
5331,0,0,0,0,0,0
5332,0,0,0,0,0,0
5333,0,0,0,0,0,0
5334,0,0,0,0,0,0
5335,0,0,0,0,0,0
5336,0,0,0,0,0,0
5337,0,0,0,0,0,0
5338,0,0,0,0,0,0
5339,0,0,0,0,0,0
5340,0,0,0,0,0,0
5341,0,0,0,0,0,0
5342,0,0,0,0,0,0
5343,0,0,0,0,0,0
5344,0,0,0,0,0,0
5345,0,0,0,0,0,0
5346,0,0,0,0,0,0
5347,0,0,0,0,0,0
5348,0,0,0,0,0,0
5349,0,0,0,0,0,0
5350,0,0,0,0,0,0
5351,0,0,0,0,0,0
5352,0,0,0,0,0,0
5353,0,0,0,0,0,0
5354,0,0,0,0,0,0
5355,0,0,0,0,0,0
5356,0,0,0,0,0,0
5357,0,0,0,0,0,0
5358,0,0,0,0,0,0
5359,0,0,0,0,0,0
5360,0,0,0,0,0,0
5361,0,0,0,0,0,0
5362,0,0,0,0,0,0
5363,0,0,0,0,0,0
5364,0,0,0,0,0,0
5365,0,0,0,0,0,0
5366,0,0,0,0,0,0
5367,0,0,0,0,0,0
5368,0,0,0,0,0,0
5369,0,0,0,0,0,0
5370,0,0,0,0,0,0
5371,0,0,0,0,0,0
5372,0,0,0,0,0,0
5373,0,0,0,0,0,0
5374,0,0,0,0,0,0
5375,0,0,0,0,0,0
5376,0,0,0,0,0,0
5377,0,0,0,0,0,0
5378,0,0,0,0,0,0
5379,0,0,0,0,0,0
5380,0,0,0,0,0,0
5381,0,0,0,0,0,0
5382,0,0,0,0,0,0
5383,0,0,0,0,0,0
5384,0,0,0,0,0,0
5385,0,0,0,0,0,0
5386,0,0,0,0,0,0
5387,0,0,0,0,0,0
5388,0,0,0,0,0,0
5389,0,0,0,0,0,0
5390,0,0,0,0,0,0
5391,0,0,0,0,0,0
5392,0,0,0,0,0,0
5393,0,0,0,0,0,0
5394,0,0,0,0,0,0
5395,0,0,0,0,0,0
5396,0,0,0,0,0,0
5397,0,0,0,0,0,0
5398,0,0,0,0,0,0
5399,0,0,0,0,0,0
5400,0,0,0,0,0,0
5401,0,0,0,0,0,0
5402,0,0,0,0,0,0
5403,0,0,0,0,0,0
5404,0,0,0,0,0,0
5405,0,0,0,0,0,0
5406,0,0,0,0,0,0
5407,0,0,0,0,0,0
5408,0,0,0,0,0,0
5409,0,0,0,0,0,0
5410,0,0,0,0,0,0
5411,0,0,0,0,0,0
5412,0,0,0,0,0,0
5413,0,0,0,0,0,0
5414,0,0,0,0,0,0
5415,0,0,0,0,0,0
5416,0,0,0,0,0,0
5417,0,0,0,0,0,0
5418,0,0,0,0,0,0
5419,0,0,0,0,0,0
5420,0,0,0,0,0,0
5421,0,0,0,0,0,0
5422,0,0,0,0,0,0
5423,0,0,0,0,0,0
5424,0,0,0,0,0,0
5425,0,0,0,0,0,0
5426,0,0,0,0,0,0
5427,0,0,0,0,0,0
5428,0,0,0,0,0,0
5429,0,0,0,0,0,0
5430,0,0,0,0,0,0
5431,0,0,0,0,0,0
5432,0,0,0,0,0,0
5433,0,0,0,0,0,0
5434,0,0,0,0,0,0
5435,0,0,0,0,0,0
5436,0,0,0,0,0,0
5437,0,0,0,0,0,0
5438,0,0,0,0,0,0
5439,0,0,0,0,0,0
5440,0,0,0,0,0,0
5441,0,0,0,0,0,0
5442,0,0,0,0,0,0
5443,0,0,0,0,0,0
5444,0,0,0,0,0,0
5445,0,0,0,0,0,0
5446,0,0,0,0,0,0
5447,0,0,0,0,0,0
5448,0,0,0,0,0,0
5449,0,0,0,0,0,0
5450,0,0,0,0,0,0
5451,0,0,0,0,0,0
5452,0,0,0,0,0,0
5453,0,0,0,0,0,0
5454,0,0,0,0,0,0
5455,0,0,0,0,0,0
5456,0,0,0,0,0,0
5457,0,0,0,0,0,0
5458,0,0,0,0,0,0
5459,0,0,0,0,0,0
5460,0,0,0,0,0,0
5461,0,0,0,0,0,0
5462,0,0,0,0,0,0
5463,0,0,0,0,0,0
5464,0,0,0,0,0,0
5465,0,0,0,0,0,0
5466,0,0,0,0,0,0
5467,0,0,0,0,0,0
5468,0,0,0,0,0,0
5469,0,0,0,0,0,0
5470,0,0,0,0,0,0
5471,0,0,0,0,0,0
5472,0,0,0,0,0,0
5473,0,0,0,0,0,0
5474,0,0,0,0,0,0
5475,0,0,0,0,0,0
5476,0,0,0,0,0,0
5477,0,0,0,0,0,0
5478,0,0,0,0,0,0
5479,0,0,0,0,0,0
5480,0,0,0,0,0,0
5481,0,0,0,0,0,0
5482,0,0,0,0,0,0
5483,0,0,0,0,0,0
5484,0,0,0,0,0,0
5485,0,0,0,0,0,0
5486,0,0,0,0,0,0
5487,0,0,0,0,0,0
5488,0,0,0,0,0,0
5489,0,0,0,0,0,0
5490,0,0,0,0,0,0
5491,0,0,0,0,0,0
5492,0,0,0,0,0,0
5493,0,0,0,0,0,0
5494,0,0,0,0,0,0
5495,0,0,0,0,0,0
5496,0,0,0,0,0,0
5497,0,0,0,0,0,0
5498,0,0,0,0,0,0
5499,0,0,0,0,0,0
5500,0,0,0,0,0,0
5501,0,0,0,0,0,0
5502,0,0,0,0,0,0
5503,0,0,0,0,0,0
5504,0,0,0,0,0,0
5505,0,0,0,0,0,0
5506,0,0,0,0,0,0
5507,0,0,0,0,0,0
5508,0,0,0,0,0,0
5509,0,0,0,0,0,0
5510,0,0,0,0,0,0
5511,0,0,0,0,0,0
5512,0,0,0,0,0,0
5513,0,0,0,0,0,0
5514,0,0,0,0,0,0
5515,0,0,0,0,0,0
5516,0,0,0,0,0,0
5517,0,0,0,0,0,0
5518,0,0,0,0,0,0
5519,0,0,0,0,0,0
5520,0,0,0,0,0,0
5521,0,0,0,0,0,0
5522,0,0,0,0,0,0
5523,0,0,0,0,0,0
5524,0,0,0,0,0,0
5525,0,0,0,0,0,0
5526,0,0,0,0,0,0
5527,0,0,0,0,0,0
5528,0,0,0,0,0,0
5529,0,0,0,0,0,0
5530,0,0,0,0,0,0
5531,0,0,0,0,0,0
5532,0,0,0,0,0,0
5533,0,0,0,0,0,0
5534,0,0,0,0,0,0
5535,0,0,0,0,0,0
5536,0,0,0,0,0,0
5537,0,0,0,0,0,0
5538,0,0,0,0,0,0
5539,0,0,0,0,0,0
5540,0,0,0,0,0,0
5541,0,0,0,0,0,0
5542,0,0,0,0,0,0
5543,0,0,0,0,0,0
5544,0,0,0,0,0,0
5545,0,0,0,0,0,0
5546,0,0,0,0,0,0
5547,0,0,0,0,0,0
5548,0,0,0,0,0,0
5549,0,0,0,0,0,0
5550,0,0,0,0,0,0
5551,0,0,0,0,0,0
5552,0,0,0,0,0,0
5553,0,0,0,0,0,0
5554,0,0,0,0,0,0
5555,0,0,0,0,0,0
5556,0,0,0,0,0,0
5557,0,0,0,0,0,0
5558,0,0,0,0,0,0
5559,0,0,0,0,0,0
5560,0,0,0,0,0,0
5561,0,0,0,0,0,0
5562,0,0,0,0,0,0
5563,0,0,0,0,0,0
5564,0,0,0,0,0,0
5565,0,0,0,0,0,0
5566,0,0,0,0,0,0
5567,0,0,0,0,0,0
5568,0,0,0,0,0,0
5569,0,0,0,0,0,0
5570,0,0,0,0,0,0
5571,0,0,0,0,0,0
5572,0,0,0,0,0,0
5573,0,0,0,0,0,0
5574,0,0,0,0,0,0
5575,0,0,0,0,0,0
5576,0,0,0,0,0,0
5577,0,0,0,0,0,0
5578,0,0,0,0,0,0
5579,0,0,0,0,0,0
5580,0,0,0,0,0,0
5581,0,0,0,0,0,0
5582,0,0,0,0,0,0
5583,0,0,0,0,0,0
5584,0,0,0,0,0,0
5585,0,0,0,0,0,0
5586,0,0,0,0,0,0
5587,0,0,0,0,0,0
5588,0,0,0,0,0,0
5589,0,0,0,0,0,0
5590,0,0,0,0,0,0
5591,0,0,0,0,0,0
5592,0,0,0,0,0,0
5593,0,0,0,0,0,0
5594,0,0,0,0,0,0
5595,0,0,0,0,0,0
5596,0,0,0,0,0,0
5597,0,0,0,0,0,0
5598,0,0,0,0,0,0
5599,0,0,0,0,0,0
5600,0,0,0,0,0,0
5601,0,0,0,0,0,0
5602,0,0,0,0,0,0
5603,0,0,0,0,0,0
5604,0,0,0,0,0,0
5605,0,0,0,0,0,0
5606,0,0,0,0,0,0
5607,0,0,0,0,0,0
5608,0,0,0,0,0,0
5609,0,0,0,0,0,0
5610,0,0,0,0,0,0
5611,0,0,0,0,0,0
5612,0,0,0,0,0,0
5613,0,0,0,0,0,0
5614,0,0,0,0,0,0
5615,0,0,0,0,0,0
5616,0,0,0,0,0,0
5617,0,0,0,0,0,0
5618,0,0,0,0,0,0
5619,0,0,0,0,0,0
5620,0,0,0,0,0,0
5621,0,0,0,0,0,0
5622,0,0,0,0,0,0
5623,0,0,0,0,0,0
5624,0,0,0,0,0,0
5625,0,0,0,0,0,0
5626,0,0,0,0,0,0
5627,0,0,0,0,0,0
5628,0,0,0,0,0,0
5629,0,0,0,0,0,0
5630,0,0,0,0,0,0
5631,0,0,0,0,0,0
5632,0,0,0,0,0,0
5633,0,0,0,0,0,0
5634,0,0,0,0,0,0
5635,0,0,0,0,0,0
5636,0,0,0,0,0,0
5637,0,0,0,0,0,0
5638,0,0,0,0,0,0
5639,0,0,0,0,0,0
5640,0,0,0,0,0,0
5641,0,0,0,0,0,0
5642,0,0,0,0,0,0
5643,0,0,0,0,0,0
5644,0,0,0,0,0,0
5645,0,0,0,0,0,0
5646,0,0,0,0,0,0
5647,0,0,0,0,0,0
5648,0,0,0,0,0,0
5649,0,0,0,0,0,0
5650,0,0,0,0,0,0
5651,0,0,0,0,0,0
5652,0,0,0,0,0,0
5653,0,0,0,0,0,0
5654,0,0,0,0,0,0
5655,0,0,0,0,0,0
5656,0,0,0,0,0,0
5657,0,0,0,0,0,0
5658,0,0,0,0,0,0
5659,0,0,0,0,0,0
5660,0,0,0,0,0,0
5661,0,0,0,0,0,0
5662,0,0,0,0,0,0
5663,0,0,0,0,0,0
5664,0,0,0,0,0,0
5665,0,0,0,0,0,0
5666,0,0,0,0,0,0
5667,0,0,0,0,0,0
5668,0,0,0,0,0,0
5669,0,0,0,0,0,0
5670,0,0,0,0,0,0
5671,0,0,0,0,0,0
5672,0,0,0,0,0,0
5673,0,0,0,0,0,0
5674,0,0,0,0,0,0
5675,0,0,0,0,0,0
5676,0,0,0,0,0,0
5677,0,0,0,0,0,0
5678,0,0,0,0,0,0
5679,0,0,0,0,0,0
5680,0,0,0,0,0,0
5681,0,0,0,0,0,0
5682,0,0,0,0,0,0
5683,0,0,0,0,0,0
5684,0,0,0,0,0,0
5685,0,0,0,0,0,0
5686,0,0,0,0,0,0
5687,0,0,0,0,0,0
5688,0,0,0,0,0,0
5689,0,0,0,0,0,0
5690,0,0,0,0,0,0
5691,0,0,0,0,0,0
5692,0,0,0,0,0,0
5693,0,0,0,0,0,0
5694,0,0,0,0,0,0
5695,0,0,0,0,0,0
5696,0,0,0,0,0,0
5697,0,0,0,0,0,0
5698,0,0,0,0,0,0
5699,0,0,0,0,0,0
5700,0,0,0,0,0,0
5701,0,0,0,0,0,0
5702,0,0,0,0,0,0
5703,0,0,0,0,0,0
5704,0,0,0,0,0,0
5705,0,0,0,0,0,0
5706,0,0,0,0,0,0
5707,0,0,0,0,0,0
5708,0,0,0,0,0,0
5709,0,0,0,0,0,0
5710,0,0,0,0,0,0
5711,0,0,0,0,0,0
5712,0,0,0,0,0,0
5713,0,0,0,0,0,0
5714,0,0,0,0,0,0
5715,0,0,0,0,0,0
5716,0,0,0,0,0,0
5717,0,0,0,0,0,0
5718,0,0,0,0,0,0
5719,0,0,0,0,0,0
5720,0,0,0,0,0,0
5721,0,0,0,0,0,0
5722,0,0,0,0,0,0
5723,0,0,0,0,0,0
5724,0,0,0,0,0,0
5725,0,0,0,0,0,0
5726,0,0,0,0,0,0
5727,0,0,0,0,0,0
5728,0,0,0,0,0,0
5729,0,0,0,0,0,0
5730,0,0,0,0,0,0
5731,0,0,0,0,0,0
5732,0,0,0,0,0,0
5733,0,0,0,0,0,0
5734,0,0,0,0,0,0
5735,0,0,0,0,0,0
5736,0,0,0,0,0,0
5737,0,0,0,0,0,0
5738,0,0,0,0,0,0
5739,0,0,0,0,0,0
5740,0,0,0,0,0,0
5741,0,0,0,0,0,0
5742,0,0,0,0,0,0
5743,0,0,0,0,0,0
5744,0,0,0,0,0,0
5745,0,0,0,0,0,0
5746,0,0,0,0,0,0
5747,0,0,0,0,0,0
5748,0,0,0,0,0,0
5749,0,0,0,0,0,0
5750,0,0,0,0,0,0
5751,0,0,0,0,0,0
5752,0,0,0,0,0,0
5753,0,0,0,0,0,0
5754,0,0,0,0,0,0
5755,0,0,0,0,0,0
5756,0,0,0,0,0,0
5757,0,0,0,0,0,0
5758,0,0,0,0,0,0
5759,0,0,0,0,0,0
5760,0,0,0,0,0,0
5761,0,0,0,0,0,0
5762,0,0,0,0,0,0
5763,0,0,0,0,0,0
5764,0,0,0,0,0,0
5765,0,0,0,0,0,0
5766,0,0,0,0,0,0
5767,0,0,0,0,0,0
5768,0,0,0,0,0,0
5769,0,0,0,0,0,0
5770,0,0,0,0,0,0
5771,0,0,0,0,0,0
5772,0,0,0,0,0,0
5773,0,0,0,0,0,0
5774,0,0,0,0,0,0
5775,0,0,0,0,0,0
5776,0,0,0,0,0,0
5777,0,0,0,0,0,0
5778,0,0,0,0,0,0
5779,0,0,0,0,0,0
5780,0,0,0,0,0,0
5781,0,0,0,0,0,0
5782,0,0,0,0,0,0
5783,0,0,0,0,0,0
5784,0,0,0,0,0,0
5785,0,0,0,0,0,0
5786,0,0,0,0,0,0
5787,0,0,0,0,0,0
5788,0,0,0,0,0,0
5789,0,0,0,0,0,0
5790,0,0,0,0,0,0
5791,0,0,0,0,0,0
5792,0,0,0,0,0,0
5793,0,0,0,0,0,0
5794,0,0,0,0,0,0
5795,0,0,0,0,0,0
5796,0,0,0,0,0,0
5797,0,0,0,0,0,0
5798,0,0,0,0,0,0
5799,0,0,0,0,0,0
5800,0,0,0,0,0,0
5801,0,0,0,0,0,0
5802,0,0,0,0,0,0
5803,0,0,0,0,0,0
5804,0,0,0,0,0,0
5805,0,0,0,0,0,0
5806,0,0,0,0,0,0
5807,0,0,0,0,0,0
5808,0,0,0,0,0,0
5809,0,0,0,0,0,0
5810,0,0,0,0,0,0
5811,0,0,0,0,0,0
5812,0,0,0,0,0,0
5813,0,0,0,0,0,0
5814,0,0,0,0,0,0
5815,0,0,0,0,0,0
5816,0,0,0,0,0,0
5817,0,0,0,0,0,0
5818,0,0,0,0,0,0
5819,0,0,0,0,0,0
5820,0,0,0,0,0,0
5821,0,0,0,0,0,0
5822,0,0,0,0,0,0
5823,0,0,0,0,0,0
5824,0,0,0,0,0,0
5825,0,0,0,0,0,0
5826,0,0,0,0,0,0
5827,0,0,0,0,0,0
5828,0,0,0,0,0,0
5829,0,0,0,0,0,0
5830,0,0,0,0,0,0
5831,0,0,0,0,0,0
5832,0,0,0,0,0,0
5833,0,0,0,0,0,0
5834,0,0,0,0,0,0
5835,0,0,0,0,0,0
5836,0,0,0,0,0,0
5837,0,0,0,0,0,0
5838,0,0,0,0,0,0
5839,0,0,0,0,0,0
5840,0,0,0,0,0,0
5841,0,0,0,0,0,0
5842,0,0,0,0,0,0
5843,0,0,0,0,0,0
5844,0,0,0,0,0,0
5845,0,0,0,0,0,0
5846,0,0,0,0,0,0
5847,0,0,0,0,0,0
5848,0,0,0,0,0,0
5849,0,0,0,0,0,0
5850,0,0,0,0,0,0
5851,0,0,0,0,0,0
5852,0,0,0,0,0,0
5853,0,0,0,0,0,0
5854,0,0,0,0,0,0
5855,0,0,0,0,0,0
5856,0,0,0,0,0,0
5857,0,0,0,0,0,0
5858,0,0,0,0,0,0
5859,0,0,0,0,0,0
5860,0,0,0,0,0,0
5861,0,0,0,0,0,0
5862,0,0,0,0,0,0
5863,0,0,0,0,0,0
5864,0,0,0,0,0,0
5865,0,0,0,0,0,0
5866,0,0,0,0,0,0
5867,0,0,0,0,0,0
5868,0,0,0,0,0,0
5869,0,0,0,0,0,0
5870,0,0,0,0,0,0
5871,0,0,0,0,0,0
5872,0,0,0,0,0,0
5873,0,0,0,0,0,0
5874,0,0,0,0,0,0
5875,0,0,0,0,0,0
5876,0,0,0,0,0,0
5877,0,0,0,0,0,0
5878,0,0,0,0,0,0
5879,0,0,0,0,0,0
5880,0,0,0,0,0,0
5881,0,0,0,0,0,0
5882,0,0,0,0,0,0
5883,0,0,0,0,0,0
5884,0,0,0,0,0,0
5885,0,0,0,0,0,0
5886,0,0,0,0,0,0
5887,0,0,0,0,0,0
5888,0,0,0,0,0,0
5889,0,0,0,0,0,0
5890,0,0,0,0,0,0
5891,0,0,0,0,0,0
5892,0,0,0,0,0,0
5893,0,0,0,0,0,0
5894,0,0,0,0,0,0
5895,0,0,0,0,0,0
5896,0,0,0,0,0,0
5897,0,0,0,0,0,0
5898,0,0,0,0,0,0
5899,0,0,0,0,0,0
5900,0,0,0,0,0,0
5901,0,0,0,0,0,0
5902,0,0,0,0,0,0
5903,0,0,0,0,0,0
5904,0,0,0,0,0,0
5905,0,0,0,0,0,0
5906,0,0,0,0,0,0
5907,0,0,0,0,0,0
5908,0,0,0,0,0,0
5909,0,0,0,0,0,0
5910,0,0,0,0,0,0
5911,0,0,0,0,0,0
5912,0,0,0,0,0,0
5913,0,0,0,0,0,0
5914,0,0,0,0,0,0
5915,0,0,0,0,0,0
5916,0,0,0,0,0,0
5917,0,0,0,0,0,0
5918,0,0,0,0,0,0
5919,0,0,0,0,0,0
5920,0,0,0,0,0,0
5921,0,0,0,0,0,0
5922,0,0,0,0,0,0
5923,0,0,0,0,0,0
5924,0,0,0,0,0,0
5925,0,0,0,0,0,0
5926,0,0,0,0,0,0
5927,0,0,0,0,0,0
5928,0,0,0,0,0,0
5929,0,0,0,0,0,0
5930,0,0,0,0,0,0
5931,0,0,0,0,0,0
5932,0,0,0,0,0,0
5933,0,0,0,0,0,0
5934,0,0,0,0,0,0
5935,0,0,0,0,0,0
5936,0,0,0,0,0,0
5937,0,0,0,0,0,0
5938,0,0,0,0,0,0
5939,0,0,0,0,0,0
5940,0,0,0,0,0,0
5941,0,0,0,0,0,0
5942,0,0,0,0,0,0
5943,0,0,0,0,0,0
5944,0,0,0,0,0,0
5945,0,0,0,0,0,0
5946,0,0,0,0,0,0
5947,0,0,0,0,0,0
5948,0,0,0,0,0,0
5949,0,0,0,0,0,0
5950,0,0,0,0,0,0
5951,0,0,0,0,0,0
5952,0,0,0,0,0,0
5953,0,0,0,0,0,0
5954,0,0,0,0,0,0
5955,0,0,0,0,0,0
5956,0,0,0,0,0,0
5957,0,0,0,0,0,0
5958,0,0,0,0,0,0
5959,0,0,0,0,0,0
5960,0,0,0,0,0,0
5961,0,0,0,0,0,0
5962,0,0,0,0,0,0
5963,0,0,0,0,0,0
5964,0,0,0,0,0,0
5965,0,0,0,0,0,0
5966,0,0,0,0,0,0
5967,0,0,0,0,0,0
5968,0,0,0,0,0,0
5969,0,0,0,0,0,0
5970,0,0,0,0,0,0
5971,0,0,0,0,0,0
5972,0,0,0,0,0,0
5973,0,0,0,0,0,0
5974,0,0,0,0,0,0
5975,0,0,0,0,0,0
5976,0,0,0,0,0,0
5977,0,0,0,0,0,0
5978,0,0,0,0,0,0
5979,0,0,0,0,0,0
5980,0,0,0,0,0,0
5981,0,0,0,0,0,0
5982,0,0,0,0,0,0
5983,0,0,0,0,0,0
5984,0,0,0,0,0,0
5985,0,0,0,0,0,0
5986,0,0,0,0,0,0
5987,0,0,0,0,0,0
5988,0,0,0,0,0,0
5989,0,0,0,0,0,0
5990,0,0,0,0,0,0
5991,0,0,0,0,0,0
5992,0,0,0,0,0,0
5993,0,0,0,0,0,0
5994,0,0,0,0,0,0
5995,0,0,0,0,0,0
5996,0,0,0,0,0,0
5997,0,0,0,0,0,0
5998,0,0,0,0,0,0
5999,0,0,0,0,0,0
6000,0,0,0,0,0,0
6001,0,0,0,0,0,0
6002,0,0,0,0,0,0
6003,0,0,0,0,0,0
6004,0,0,0,0,0,0
6005,0,0,0,0,0,0
6006,0,0,0,0,0,0
6007,0,0,0,0,0,0
6008,0,0,0,0,0,0
6009,0,0,0,0,0,0
6010,0,0,0,0,0,0
6011,0,0,0,0,0,0
6012,0,0,0,0,0,0
6013,0,0,0,0,0,0
6014,0,0,0,0,0,0
6015,0,0,0,0,0,0
6016,0,0,0,0,0,0
6017,0,0,0,0,0,0
6018,0,0,0,0,0,0
6019,0,0,0,0,0,0
6020,0,0,0,0,0,0
6021,0,0,0,0,0,0
6022,0,0,0,0,0,0
6023,0,0,0,0,0,0
6024,0,0,0,0,0,0
6025,0,0,0,0,0,0
6026,0,0,0,0,0,0
6027,0,0,0,0,0,0
6028,0,0,0,0,0,0
6029,0,0,0,0,0,0
6030,0,0,0,0,0,0
6031,0,0,0,0,0,0
6032,0,0,0,0,0,0
6033,0,0,0,0,0,0
6034,0,0,0,0,0,0
6035,0,0,0,0,0,0
6036,0,0,0,0,0,0
6037,0,0,0,0,0,0
6038,0,0,0,0,0,0
6039,0,0,0,0,0,0
6040,0,0,0,0,0,0
6041,0,0,0,0,0,0
6042,0,0,0,0,0,0
6043,0,0,0,0,0,0
6044,0,0,0,0,0,0
6045,0,0,0,0,0,0
6046,0,0,0,0,0,0
6047,0,0,0,0,0,0
6048,0,0,0,0,0,0
6049,0,0,0,0,0,0
6050,0,0,0,0,0,0
6051,0,0,0,0,0,0
6052,0,0,0,0,0,0
6053,0,0,0,0,0,0
6054,0,0,0,0,0,0
6055,0,0,0,0,0,0
6056,0,0,0,0,0,0
6057,0,0,0,0,0,0
6058,0,0,0,0,0,0
6059,0,0,0,0,0,0
6060,0,0,0,0,0,0
6061,0,0,0,0,0,0
6062,0,0,0,0,0,0
6063,0,0,0,0,0,0
6064,0,0,0,0,0,0
6065,0,0,0,0,0,0
6066,0,0,0,0,0,0
6067,0,0,0,0,0,0
6068,0,0,0,0,0,0
6069,0,0,0,0,0,0
6070,0,0,0,0,0,0
6071,0,0,0,0,0,0
6072,0,0,0,0,0,0
6073,0,0,0,0,0,0
6074,0,0,0,0,0,0
6075,0,0,0,0,0,0
6076,0,0,0,0,0,0
6077,0,0,0,0,0,0
6078,0,0,0,0,0,0
6079,0,0,0,0,0,0
6080,0,0,0,0,0,0
6081,0,0,0,0,0,0
6082,0,0,0,0,0,0
6083,0,0,0,0,0,0
6084,0,0,0,0,0,0
6085,0,0,0,0,0,0
6086,0,0,0,0,0,0
6087,0,0,0,0,0,0
6088,0,0,0,0,0,0
6089,0,0,0,0,0,0
6090,0,0,0,0,0,0
6091,0,0,0,0,0,0
6092,0,0,0,0,0,0
6093,0,0,0,0,0,0
6094,0,0,0,0,0,0
6095,0,0,0,0,0,0
6096,0,0,0,0,0,0
6097,0,0,0,0,0,0
6098,0,0,0,0,0,0
6099,0,0,0,0,0,0
6100,0,0,0,0,0,0
6101,0,0,0,0,0,0
6102,0,0,0,0,0,0
6103,0,0,0,0,0,0
6104,0,0,0,0,0,0
6105,0,0,0,0,0,0
6106,0,0,0,0,0,0
6107,0,0,0,0,0,0
6108,0,0,0,0,0,0
6109,0,0,0,0,0,0
6110,0,0,0,0,0,0
6111,0,0,0,0,0,0
6112,0,0,0,0,0,0
6113,0,0,0,0,0,0
6114,0,0,0,0,0,0
6115,0,0,0,0,0,0
6116,0,0,0,0,0,0
6117,0,0,0,0,0,0
6118,0,0,0,0,0,0
6119,0,0,0,0,0,0
6120,0,0,0,0,0,0
6121,0,0,0,0,0,0
6122,0,0,0,0,0,0
6123,0,0,0,0,0,0
6124,0,0,0,0,0,0
6125,0,0,0,0,0,0
6126,0,0,0,0,0,0
6127,0,0,0,0,0,0
6128,0,0,0,0,0,0
6129,0,0,0,0,0,0
6130,0,0,0,0,0,0
6131,0,0,0,0,0,0
6132,0,0,0,0,0,0
6133,0,0,0,0,0,0
6134,0,0,0,0,0,0
6135,0,0,0,0,0,0
6136,0,0,0,0,0,0
6137,0,0,0,0,0,0
6138,0,0,0,0,0,0
6139,0,0,0,0,0,0
6140,0,0,0,0,0,0
6141,0,0,0,0,0,0
6142,0,0,0,0,0,0
6143,0,0,0,0,0,0
6144,0,0,0,0,0,0
6145,0,0,0,0,0,0
6146,0,0,0,0,0,0
6147,0,0,0,0,0,0
6148,0,0,0,0,0,0
6149,0,0,0,0,0,0
6150,0,0,0,0,0,0
6151,0,0,0,0,0,0
6152,0,0,0,0,0,0
6153,0,0,0,0,0,0
6154,0,0,0,0,0,0
6155,0,0,0,0,0,0
6156,0,0,0,0,0,0
6157,0,0,0,0,0,0
6158,0,0,0,0,0,0
6159,0,0,0,0,0,0
6160,0,0,0,0,0,0
6161,0,0,0,0,0,0
6162,0,0,0,0,0,0
6163,0,0,0,0,0,0
6164,0,0,0,0,0,0
6165,0,0,0,0,0,0
6166,0,0,0,0,0,0
6167,0,0,0,0,0,0
6168,0,0,0,0,0,0
6169,0,0,0,0,0,0
6170,0,0,0,0,0,0
6171,0,0,0,0,0,0
6172,0,0,0,0,0,0
6173,0,0,0,0,0,0
6174,0,0,0,0,0,0
6175,0,0,0,0,0,0
6176,0,0,0,0,0,0
6177,0,0,0,0,0,0
6178,0,0,0,0,0,0
6179,0,0,0,0,0,0
6180,0,0,0,0,0,0
6181,0,0,0,0,0,0
6182,0,0,0,0,0,0
6183,0,0,0,0,0,0
6184,0,0,0,0,0,0
6185,0,0,0,0,0,0
6186,0,0,0,0,0,0
6187,0,0,0,0,0,0
6188,0,0,0,0,0,0
6189,0,0,0,0,0,0
6190,0,0,0,0,0,0
6191,0,0,0,0,0,0
6192,0,0,0,0,0,0
6193,0,0,0,0,0,0
6194,0,0,0,0,0,0
6195,0,0,0,0,0,0
6196,0,0,0,0,0,0
6197,0,0,0,0,0,0
6198,0,0,0,0,0,0
6199,0,0,0,0,0,0
6200,0,0,0,0,0,0
6201,0,0,0,0,0,0
6202,0,0,0,0,0,0
6203,0,0,0,0,0,0
6204,0,0,0,0,0,0
6205,0,0,0,0,0,0
6206,0,0,0,0,0,0
6207,0,0,0,0,0,0
6208,0,0,0,0,0,0
6209,0,0,0,0,0,0
6210,0,0,0,0,0,0
6211,0,0,0,0,0,0
6212,0,0,0,0,0,0
6213,0,0,0,0,0,0
6214,0,0,0,0,0,0
6215,0,0,0,0,0,0
6216,0,0,0,0,0,0
6217,0,0,0,0,0,0
6218,0,0,0,0,0,0
6219,0,0,0,0,0,0
6220,0,0,0,0,0,0
6221,0,0,0,0,0,0
6222,0,0,0,0,0,0
6223,0,0,0,0,0,0
6224,0,0,0,0,0,0
6225,0,0,0,0,0,0
6226,0,0,0,0,0,0
6227,0,0,0,0,0,0
6228,0,0,0,0,0,0
6229,0,0,0,0,0,0
6230,0,0,0,0,0,0
6231,0,0,0,0,0,0
6232,0,0,0,0,0,0
6233,0,0,0,0,0,0
6234,0,0,0,0,0,0
6235,0,0,0,0,0,0
6236,0,0,0,0,0,0
6237,0,0,0,0,0,0
6238,0,0,0,0,0,0
6239,0,0,0,0,0,0
6240,0,0,0,0,0,0
6241,0,0,0,0,0,0
6242,0,0,0,0,0,0
6243,0,0,0,0,0,0
6244,0,0,0,0,0,0
6245,0,0,0,0,0,0
6246,0,0,0,0,0,0
6247,0,0,0,0,0,0
6248,0,0,0,0,0,0
6249,0,0,0,0,0,0
6250,0,0,0,0,0,0
6251,0,0,0,0,0,0
6252,0,0,0,0,0,0
6253,0,0,0,0,0,0
6254,0,0,0,0,0,0
6255,0,0,0,0,0,0
6256,0,0,0,0,0,0
6257,0,0,0,0,0,0
6258,0,0,0,0,0,0
6259,0,0,0,0,0,0
6260,0,0,0,0,0,0
6261,0,0,0,0,0,0
6262,0,0,0,0,0,0
6263,0,0,0,0,0,0
6264,0,0,0,0,0,0
6265,0,0,0,0,0,0
6266,0,0,0,0,0,0
6267,0,0,0,0,0,0
6268,0,0,0,0,0,0
6269,0,0,0,0,0,0
6270,0,0,0,0,0,0
6271,0,0,0,0,0,0
6272,0,0,0,0,0,0
6273,0,0,0,0,0,0
6274,0,0,0,0,0,0
6275,0,0,0,0,0,0
6276,0,0,0,0,0,0
6277,0,0,0,0,0,0
6278,0,0,0,0,0,0
6279,0,0,0,0,0,0
6280,0,0,0,0,0,0
6281,0,0,0,0,0,0
6282,0,0,0,0,0,0
6283,0,0,0,0,0,0
6284,0,0,0,0,0,0
6285,0,0,0,0,0,0
6286,0,0,0,0,0,0
6287,0,0,0,0,0,0
6288,0,0,0,0,0,0
6289,0,0,0,0,0,0
6290,0,0,0,0,0,0
6291,0,0,0,0,0,0
6292,0,0,0,0,0,0
6293,0,0,0,0,0,0
6294,0,0,0,0,0,0
6295,0,0,0,0,0,0
6296,0,0,0,0,0,0
6297,0,0,0,0,0,0
6298,0,0,0,0,0,0
6299,0,0,0,0,0,0
6300,0,0,0,0,0,0
6301,0,0,0,0,0,0
6302,0,0,0,0,0,0
6303,0,0,0,0,0,0
6304,0,0,0,0,0,0
6305,0,0,0,0,0,0
6306,0,0,0,0,0,0
6307,0,0,0,0,0,0
6308,0,0,0,0,0,0
6309,0,0,0,0,0,0
6310,0,0,0,0,0,0
6311,0,0,0,0,0,0
6312,0,0,0,0,0,0
6313,0,0,0,0,0,0
6314,0,0,0,0,0,0
6315,0,0,0,0,0,0
6316,0,0,0,0,0,0
6317,0,0,0,0,0,0
6318,0,0,0,0,0,0
6319,0,0,0,0,0,0
6320,0,0,0,0,0,0
6321,0,0,0,0,0,0
6322,0,0,0,0,0,0
6323,0,0,0,0,0,0
6324,0,0,0,0,0,0
6325,0,0,0,0,0,0
6326,0,0,0,0,0,0
6327,0,0,0,0,0,0
6328,0,0,0,0,0,0
6329,0,0,0,0,0,0
6330,0,0,0,0,0,0
6331,0,0,0,0,0,0
6332,0,0,0,0,0,0
6333,0,0,0,0,0,0
6334,0,0,0,0,0,0
6335,0,0,0,0,0,0
6336,0,0,0,0,0,0
6337,0,0,0,0,0,0
6338,0,0,0,0,0,0
6339,0,0,0,0,0,0
6340,0,0,0,0,0,0
6341,0,0,0,0,0,0
6342,0,0,0,0,0,0
6343,0,0,0,0,0,0
6344,0,0,0,0,0,0
6345,0,0,0,0,0,0
6346,0,0,0,0,0,0
6347,0,0,0,0,0,0
6348,0,0,0,0,0,0
6349,0,0,0,0,0,0
6350,0,0,0,0,0,0
6351,0,0,0,0,0,0
6352,0,0,0,0,0,0
6353,0,0,0,0,0,0
6354,0,0,0,0,0,0
6355,0,0,0,0,0,0
6356,0,0,0,0,0,0
6357,0,0,0,0,0,0
6358,0,0,0,0,0,0
6359,0,0,0,0,0,0
6360,0,0,0,0,0,0
6361,0,0,0,0,0,0
6362,0,0,0,0,0,0
6363,0,0,0,0,0,0
6364,0,0,0,0,0,0
6365,0,0,0,0,0,0
6366,0,0,0,0,0,0
6367,0,0,0,0,0,0
6368,0,0,0,0,0,0
6369,0,0,0,0,0,0
6370,0,0,0,0,0,0
6371,0,0,0,0,0,0
6372,0,0,0,0,0,0
6373,0,0,0,0,0,0
6374,0,0,0,0,0,0
6375,0,0,0,0,0,0
6376,0,0,0,0,0,0
6377,0,0,0,0,0,0
6378,0,0,0,0,0,0
6379,0,0,0,0,0,0
6380,0,0,0,0,0,0
6381,0,0,0,0,0,0
6382,0,0,0,0,0,0
6383,0,0,0,0,0,0
6384,0,0,0,0,0,0
6385,0,0,0,0,0,0
6386,0,0,0,0,0,0
6387,0,0,0,0,0,0
6388,0,0,0,0,0,0
6389,0,0,0,0,0,0
6390,0,0,0,0,0,0
6391,0,0,0,0,0,0
6392,0,0,0,0,0,0
6393,0,0,0,0,0,0
6394,0,0,0,0,0,0
6395,0,0,0,0,0,0
6396,0,0,0,0,0,0
6397,0,0,0,0,0,0
6398,0,0,0,0,0,0
6399,0,0,0,0,0,0
6400,0,0,0,0,0,0
6401,0,0,0,0,0,0
6402,0,0,0,0,0,0
6403,0,0,0,0,0,0
6404,0,0,0,0,0,0
6405,0,0,0,0,0,0
6406,0,0,0,0,0,0
6407,0,0,0,0,0,0
6408,0,0,0,0,0,0
6409,0,0,0,0,0,0
6410,0,0,0,0,0,0
6411,0,0,0,0,0,0
6412,0,0,0,0,0,0
6413,0,0,0,0,0,0
6414,0,0,0,0,0,0
6415,0,0,0,0,0,0
6416,0,0,0,0,0,0
6417,0,0,0,0,0,0
6418,0,0,0,0,0,0
6419,0,0,0,0,0,0
6420,0,0,0,0,0,0
6421,0,0,0,0,0,0
6422,0,0,0,0,0,0
6423,0,0,0,0,0,0
6424,0,0,0,0,0,0
6425,0,0,0,0,0,0
6426,0,0,0,0,0,0
6427,0,0,0,0,0,0
6428,0,0,0,0,0,0
6429,0,0,0,0,0,0
6430,0,0,0,0,0,0
6431,0,0,0,0,0,0
6432,0,0,0,0,0,0
6433,0,0,0,0,0,0
6434,0,0,0,0,0,0
6435,0,0,0,0,0,0
6436,0,0,0,0,0,0
6437,0,0,0,0,0,0
6438,0,0,0,0,0,0
6439,0,0,0,0,0,0
6440,0,0,0,0,0,0
6441,0,0,0,0,0,0
6442,0,0,0,0,0,0
6443,0,0,0,0,0,0
6444,0,0,0,0,0,0
6445,0,0,0,0,0,0
6446,0,0,0,0,0,0
6447,0,0,0,0,0,0
6448,0,0,0,0,0,0
6449,0,0,0,0,0,0
6450,0,0,0,0,0,0
6451,0,0,0,0,0,0
6452,0,0,0,0,0,0
6453,0,0,0,0,0,0
6454,0,0,0,0,0,0
6455,0,0,0,0,0,0
6456,0,0,0,0,0,0
6457,0,0,0,0,0,0
6458,0,0,0,0,0,0
6459,0,0,0,0,0,0
6460,0,0,0,0,0,0
6461,0,0,0,0,0,0
6462,0,0,0,0,0,0
6463,0,0,0,0,0,0
6464,0,0,0,0,0,0
6465,0,0,0,0,0,0
6466,0,0,0,0,0,0
6467,0,0,0,0,0,0
6468,0,0,0,0,0,0
6469,0,0,0,0,0,0
6470,0,0,0,0,0,0
6471,0,0,0,0,0,0
6472,0,0,0,0,0,0
6473,0,0,0,0,0,0
6474,0,0,0,0,0,0
6475,0,0,0,0,0,0
6476,0,0,0,0,0,0
6477,0,0,0,0,0,0
6478,0,0,0,0,0,0
6479,0,0,0,0,0,0
6480,0,0,0,0,0,0
6481,0,0,0,0,0,0
6482,0,0,0,0,0,0
6483,0,0,0,0,0,0
6484,0,0,0,0,0,0
6485,0,0,0,0,0,0
6486,0,0,0,0,0,0
6487,0,0,0,0,0,0
6488,0,0,0,0,0,0
6489,0,0,0,0,0,0
6490,0,0,0,0,0,0
6491,0,0,0,0,0,0
6492,0,0,0,0,0,0
6493,0,0,0,0,0,0
6494,0,0,0,0,0,0
6495,0,0,0,0,0,0
6496,0,0,0,0,0,0
6497,0,0,0,0,0,0
6498,0,0,0,0,0,0
6499,0,0,0,0,0,0
6500,0,0,0,0,0,0
6501,0,0,0,0,0,0
6502,0,0,0,0,0,0
6503,0,0,0,0,0,0
6504,0,0,0,0,0,0
6505,0,0,0,0,0,0
6506,0,0,0,0,0,0
6507,0,0,0,0,0,0
6508,0,0,0,0,0,0
6509,0,0,0,0,0,0
6510,0,0,0,0,0,0
6511,0,0,0,0,0,0
6512,0,0,0,0,0,0
6513,0,0,0,0,0,0
6514,0,0,0,0,0,0
6515,0,0,0,0,0,0
6516,0,0,0,0,0,0
6517,0,0,0,0,0,0
6518,0,0,0,0,0,0
6519,0,0,0,0,0,0
6520,0,0,0,0,0,0
6521,0,0,0,0,0,0
6522,0,0,0,0,0,0
6523,0,0,0,0,0,0
6524,0,0,0,0,0,0
6525,0,0,0,0,0,0
6526,0,0,0,0,0,0
6527,0,0,0,0,0,0
6528,0,0,0,0,0,0
6529,0,0,0,0,0,0
6530,0,0,0,0,0,0
6531,0,0,0,0,0,0
6532,0,0,0,0,0,0
6533,0,0,0,0,0,0
6534,0,0,0,0,0,0
6535,0,0,0,0,0,0
6536,0,0,0,0,0,0
6537,0,0,0,0,0,0
6538,0,0,0,0,0,0
6539,0,0,0,0,0,0
6540,0,0,0,0,0,0
6541,0,0,0,0,0,0
6542,0,0,0,0,0,0
6543,0,0,0,0,0,0
6544,0,0,0,0,0,0
6545,0,0,0,0,0,0
6546,0,0,0,0,0,0
6547,0,0,0,0,0,0
6548,0,0,0,0,0,0
6549,0,0,0,0,0,0
6550,0,0,0,0,0,0
6551,0,0,0,0,0,0
6552,0,0,0,0,0,0
6553,0,0,0,0,0,0
6554,0,0,0,0,0,0
6555,0,0,0,0,0,0
6556,0,0,0,0,0,0
6557,0,0,0,0,0,0
6558,0,0,0,0,0,0
6559,0,0,0,0,0,0
6560,0,0,0,0,0,0
6561,0,0,0,0,0,0
6562,0,0,0,0,0,0
6563,0,0,0,0,0,0
6564,0,0,0,0,0,0
6565,0,0,0,0,0,0
6566,0,0,0,0,0,0
6567,0,0,0,0,0,0
6568,0,0,0,0,0,0
6569,0,0,0,0,0,0
6570,0,0,0,0,0,0
6571,0,0,0,0,0,0
6572,0,0,0,0,0,0
6573,0,0,0,0,0,0
6574,0,0,0,0,0,0
6575,0,0,0,0,0,0
6576,0,0,0,0,0,0
6577,0,0,0,0,0,0
6578,0,0,0,0,0,0
6579,0,0,0,0,0,0
6580,0,0,0,0,0,0
6581,0,0,0,0,0,0
6582,0,0,0,0,0,0
6583,0,0,0,0,0,0
6584,0,0,0,0,0,0
6585,0,0,0,0,0,0
6586,0,0,0,0,0,0
6587,0,0,0,0,0,0
6588,0,0,0,0,0,0
6589,0,0,0,0,0,0
6590,0,0,0,0,0,0
6591,0,0,0,0,0,0
6592,0,0,0,0,0,0
6593,0,0,0,0,0,0
6594,0,0,0,0,0,0
6595,0,0,0,0,0,0
6596,0,0,0,0,0,0
6597,0,0,0,0,0,0
6598,0,0,0,0,0,0
6599,0,0,0,0,0,0
6600,0,0,0,0,0,0
6601,0,0,0,0,0,0
6602,0,0,0,0,0,0
6603,0,0,0,0,0,0
6604,0,0,0,0,0,0
6605,0,0,0,0,0,0
6606,0,0,0,0,0,0
6607,0,0,0,0,0,0
6608,0,0,0,0,0,0
6609,0,0,0,0,0,0
6610,0,0,0,0,0,0
6611,0,0,0,0,0,0
6612,0,0,0,0,0,0
6613,0,0,0,0,0,0
6614,0,0,0,0,0,0
6615,0,0,0,0,0,0
6616,0,0,0,0,0,0
6617,0,0,0,0,0,0
6618,0,0,0,0,0,0
6619,0,0,0,0,0,0
6620,0,0,0,0,0,0
6621,0,0,0,0,0,0
6622,0,0,0,0,0,0
6623,0,0,0,0,0,0
6624,0,0,0,0,0,0
6625,0,0,0,0,0,0
6626,0,0,0,0,0,0
6627,0,0,0,0,0,0
6628,0,0,0,0,0,0
6629,0,0,0,0,0,0
6630,0,0,0,0,0,0
6631,0,0,0,0,0,0
6632,0,0,0,0,0,0
6633,0,0,0,0,0,0
6634,0,0,0,0,0,0
6635,0,0,0,0,0,0
6636,0,0,0,0,0,0
6637,0,0,0,0,0,0
6638,0,0,0,0,0,0
6639,0,0,0,0,0,0
6640,0,0,0,0,0,0
6641,0,0,0,0,0,0
6642,0,0,0,0,0,0
6643,0,0,0,0,0,0
6644,0,0,0,0,0,0
6645,0,0,0,0,0,0
6646,0,0,0,0,0,0
6647,0,0,0,0,0,0
6648,0,0,0,0,0,0
6649,0,0,0,0,0,0
6650,0,0,0,0,0,0
6651,0,0,0,0,0,0
6652,0,0,0,0,0,0
6653,0,0,0,0,0,0
6654,0,0,0,0,0,0
6655,0,0,0,0,0,0
6656,0,0,0,0,0,0
6657,0,0,0,0,0,0
6658,0,0,0,0,0,0
6659,0,0,0,0,0,0
6660,0,0,0,0,0,0
6661,0,0,0,0,0,0
6662,0,0,0,0,0,0
6663,0,0,0,0,0,0
6664,0,0,0,0,0,0
6665,0,0,0,0,0,0
6666,0,0,0,0,0,0
6667,0,0,0,0,0,0
6668,0,0,0,0,0,0
6669,0,0,0,0,0,0
6670,0,0,0,0,0,0
6671,0,0,0,0,0,0
6672,0,0,0,0,0,0
6673,0,0,0,0,0,0
6674,0,0,0,0,0,0
6675,0,0,0,0,0,0
6676,0,0,0,0,0,0
6677,0,0,0,0,0,0
6678,0,0,0,0,0,0
6679,0,0,0,0,0,0
6680,0,0,0,0,0,0
6681,0,0,0,0,0,0
6682,0,0,0,0,0,0
6683,0,0,0,0,0,0
6684,0,0,0,0,0,0
6685,0,0,0,0,0,0
6686,0,0,0,0,0,0
6687,0,0,0,0,0,0
6688,0,0,0,0,0,0
6689,0,0,0,0,0,0
6690,0,0,0,0,0,0
6691,0,0,0,0,0,0
6692,0,0,0,0,0,0
6693,0,0,0,0,0,0
6694,0,0,0,0,0,0
6695,0,0,0,0,0,0
6696,0,0,0,0,0,0
6697,0,0,0,0,0,0
6698,0,0,0,0,0,0
6699,0,0,0,0,0,0
6700,0,0,0,0,0,0
6701,0,0,0,0,0,0
6702,0,0,0,0,0,0
6703,0,0,0,0,0,0
6704,0,0,0,0,0,0
6705,0,0,0,0,0,0
6706,0,0,0,0,0,0
6707,0,0,0,0,0,0
6708,0,0,0,0,0,0
6709,0,0,0,0,0,0
6710,0,0,0,0,0,0
6711,0,0,0,0,0,0
6712,0,0,0,0,0,0
6713,0,0,0,0,0,0
6714,0,0,0,0,0,0
6715,0,0,0,0,0,0
6716,0,0,0,0,0,0
6717,0,0,0,0,0,0
6718,0,0,0,0,0,0
6719,0,0,0,0,0,0
6720,0,0,0,0,0,0
6721,0,0,0,0,0,0
6722,0,0,0,0,0,0
6723,0,0,0,0,0,0
6724,0,0,0,0,0,0
6725,0,0,0,0,0,0
6726,0,0,0,0,0,0
6727,0,0,0,0,0,0
6728,0,0,0,0,0,0
6729,0,0,0,0,0,0
6730,0,0,0,0,0,0
6731,0,0,0,0,0,0
6732,0,0,0,0,0,0
6733,0,0,0,0,0,0
6734,0,0,0,0,0,0
6735,0,0,0,0,0,0
6736,0,0,0,0,0,0
6737,0,0,0,0,0,0
6738,0,0,0,0,0,0
6739,0,0,0,0,0,0
6740,0,0,0,0,0,0
6741,0,0,0,0,0,0
6742,0,0,0,0,0,0
6743,0,0,0,0,0,0
6744,0,0,0,0,0,0
6745,0,0,0,0,0,0
6746,0,0,0,0,0,0
6747,0,0,0,0,0,0
6748,0,0,0,0,0,0
6749,0,0,0,0,0,0
6750,0,0,0,0,0,0
6751,0,0,0,0,0,0
6752,0,0,0,0,0,0
6753,0,0,0,0,0,0
6754,0,0,0,0,0,0
6755,0,0,0,0,0,0
6756,0,0,0,0,0,0
6757,0,0,0,0,0,0
6758,0,0,0,0,0,0
6759,0,0,0,0,0,0
6760,0,0,0,0,0,0
6761,0,0,0,0,0,0
6762,0,0,0,0,0,0
6763,0,0,0,0,0,0
6764,0,0,0,0,0,0
6765,0,0,0,0,0,0
6766,0,0,0,0,0,0
6767,0,0,0,0,0,0
6768,0,0,0,0,0,0
6769,0,0,0,0,0,0
6770,0,0,0,0,0,0
6771,0,0,0,0,0,0
6772,0,0,0,0,0,0
6773,0,0,0,0,0,0
6774,0,0,0,0,0,0
6775,0,0,0,0,0,0
6776,0,0,0,0,0,0
6777,0,0,0,0,0,0
6778,0,0,0,0,0,0
6779,0,0,0,0,0,0
6780,0,0,0,0,0,0
6781,0,0,0,0,0,0
6782,0,0,0,0,0,0
6783,0,0,0,0,0,0
6784,0,0,0,0,0,0
6785,0,0,0,0,0,0
6786,0,0,0,0,0,0
6787,0,0,0,0,0,0
6788,0,0,0,0,0,0
6789,0,0,0,0,0,0
6790,0,0,0,0,0,0
6791,0,0,0,0,0,0
6792,0,0,0,0,0,0
6793,0,0,0,0,0,0
6794,0,0,0,0,0,0
6795,0,0,0,0,0,0
6796,0,0,0,0,0,0
6797,0,0,0,0,0,0
6798,0,0,0,0,0,0
6799,0,0,0,0,0,0
6800,0,0,0,0,0,0
6801,0,0,0,0,0,0
6802,0,0,0,0,0,0
6803,0,0,0,0,0,0
6804,0,0,0,0,0,0
6805,0,0,0,0,0,0
6806,0,0,0,0,0,0
6807,0,0,0,0,0,0
6808,0,0,0,0,0,0
6809,0,0,0,0,0,0
6810,0,0,0,0,0,0
6811,0,0,0,0,0,0
6812,0,0,0,0,0,0
6813,0,0,0,0,0,0
6814,0,0,0,0,0,0
6815,0,0,0,0,0,0
6816,0,0,0,0,0,0
6817,0,0,0,0,0,0
6818,0,0,0,0,0,0
6819,0,0,0,0,0,0
6820,0,0,0,0,0,0
6821,0,0,0,0,0,0
6822,0,0,0,0,0,0
6823,0,0,0,0,0,0
6824,0,0,0,0,0,0
6825,0,0,0,0,0,0
6826,0,0,0,0,0,0
6827,0,0,0,0,0,0
6828,0,0,0,0,0,0
6829,0,0,0,0,0,0
6830,0,0,0,0,0,0
6831,0,0,0,0,0,0
6832,0,0,0,0,0,0
6833,0,0,0,0,0,0
6834,0,0,0,0,0,0
6835,0,0,0,0,0,0
6836,0,0,0,0,0,0
6837,0,0,0,0,0,0
6838,0,0,0,0,0,0
6839,0,0,0,0,0,0
6840,0,0,0,0,0,0
6841,0,0,0,0,0,0
6842,0,0,0,0,0,0
6843,0,0,0,0,0,0
6844,0,0,0,0,0,0
6845,0,0,0,0,0,0
6846,0,0,0,0,0,0
6847,0,0,0,0,0,0
6848,0,0,0,0,0,0
6849,0,0,0,0,0,0
6850,0,0,0,0,0,0
6851,0,0,0,0,0,0
6852,0,0,0,0,0,0
6853,0,0,0,0,0,0
6854,0,0,0,0,0,0
6855,0,0,0,0,0,0
6856,0,0,0,0,0,0
6857,0,0,0,0,0,0
6858,0,0,0,0,0,0
6859,0,0,0,0,0,0
6860,0,0,0,0,0,0
6861,0,0,0,0,0,0
6862,0,0,0,0,0,0
6863,0,0,0,0,0,0
6864,0,0,0,0,0,0
6865,0,0,0,0,0,0
6866,0,0,0,0,0,0
6867,0,0,0,0,0,0
6868,0,0,0,0,0,0
6869,0,0,0,0,0,0
6870,0,0,0,0,0,0
6871,0,0,0,0,0,0
6872,0,0,0,0,0,0
6873,0,0,0,0,0,0
6874,0,0,0,0,0,0
6875,0,0,0,0,0,0
6876,0,0,0,0,0,0
6877,0,0,0,0,0,0
6878,0,0,0,0,0,0
6879,0,0,0,0,0,0
6880,0,0,0,0,0,0
6881,0,0,0,0,0,0
6882,0,0,0,0,0,0
6883,0,0,0,0,0,0
6884,0,0,0,0,0,0
6885,0,0,0,0,0,0
6886,0,0,0,0,0,0
6887,0,0,0,0,0,0
6888,0,0,0,0,0,0
6889,0,0,0,0,0,0
6890,0,0,0,0,0,0
6891,0,0,0,0,0,0
6892,0,0,0,0,0,0
6893,0,0,0,0,0,0
6894,0,0,0,0,0,0
6895,0,0,0,0,0,0
6896,0,0,0,0,0,0
6897,0,0,0,0,0,0
6898,0,0,0,0,0,0
6899,0,0,0,0,0,0
6900,0,0,0,0,0,0
6901,0,0,0,0,0,0
6902,0,0,0,0,0,0
6903,0,0,0,0,0,0
6904,0,0,0,0,0,0
6905,0,0,0,0,0,0
6906,0,0,0,0,0,0
6907,0,0,0,0,0,0
6908,0,0,0,0,0,0
6909,0,0,0,0,0,0
6910,0,0,0,0,0,0
6911,0,0,0,0,0,0
6912,0,0,0,0,0,0
6913,0,0,0,0,0,0
6914,0,0,0,0,0,0
6915,0,0,0,0,0,0
6916,0,0,0,0,0,0
6917,0,0,0,0,0,0
6918,0,0,0,0,0,0
6919,0,0,0,0,0,0
6920,0,0,0,0,0,0
6921,0,0,0,0,0,0
6922,0,0,0,0,0,0
6923,0,0,0,0,0,0
6924,0,0,0,0,0,0
6925,0,0,0,0,0,0
6926,0,0,0,0,0,0
6927,0,0,0,0,0,0
6928,0,0,0,0,0,0
6929,0,0,0,0,0,0
6930,0,0,0,0,0,0
6931,0,0,0,0,0,0
6932,0,0,0,0,0,0
6933,0,0,0,0,0,0
6934,0,0,0,0,0,0
6935,0,0,0,0,0,0
6936,0,0,0,0,0,0
6937,0,0,0,0,0,0
6938,0,0,0,0,0,0
6939,0,0,0,0,0,0
6940,0,0,0,0,0,0
6941,0,0,0,0,0,0
6942,0,0,0,0,0,0
6943,0,0,0,0,0,0
6944,0,0,0,0,0,0
6945,0,0,0,0,0,0
6946,0,0,0,0,0,0
6947,0,0,0,0,0,0
6948,0,0,0,0,0,0
6949,0,0,0,0,0,0
6950,0,0,0,0,0,0
6951,0,0,0,0,0,0
6952,0,0,0,0,0,0
6953,0,0,0,0,0,0
6954,0,0,0,0,0,0
6955,0,0,0,0,0,0
6956,0,0,0,0,0,0
6957,0,0,0,0,0,0
6958,0,0,0,0,0,0
6959,0,0,0,0,0,0
6960,0,0,0,0,0,0
6961,0,0,0,0,0,0
6962,0,0,0,0,0,0
6963,0,0,0,0,0,0
6964,0,0,0,0,0,0
6965,0,0,0,0,0,0
6966,0,0,0,0,0,0
6967,0,0,0,0,0,0
6968,0,0,0,0,0,0
6969,0,0,0,0,0,0
6970,0,0,0,0,0,0
6971,0,0,0,0,0,0
6972,0,0,0,0,0,0
6973,0,0,0,0,0,0
6974,0,0,0,0,0,0
6975,0,0,0,0,0,0
6976,0,0,0,0,0,0
6977,0,0,0,0,0,0
6978,0,0,0,0,0,0
6979,0,0,0,0,0,0
6980,0,0,0,0,0,0
6981,0,0,0,0,0,0
6982,0,0,0,0,0,0
6983,0,0,0,0,0,0
6984,0,0,0,0,0,0
6985,0,0,0,0,0,0
6986,0,0,0,0,0,0
6987,0,0,0,0,0,0
6988,0,0,0,0,0,0
6989,0,0,0,0,0,0
6990,0,0,0,0,0,0
6991,0,0,0,0,0,0
6992,0,0,0,0,0,0
6993,0,0,0,0,0,0
6994,0,0,0,0,0,0
6995,0,0,0,0,0,0
6996,0,0,0,0,0,0
6997,0,0,0,0,0,0
6998,0,0,0,0,0,0
6999,0,0,0,0,0,0
7000,0,0,0,0,0,0
7001,0,0,0,0,0,0
7002,0,0,0,0,0,0
7003,0,0,0,0,0,0
7004,0,0,0,0,0,0
7005,0,0,0,0,0,0
7006,0,0,0,0,0,0
7007,0,0,0,0,0,0
7008,0,0,0,0,0,0
7009,0,0,0,0,0,0
7010,0,0,0,0,0,0
7011,0,0,0,0,0,0
7012,0,0,0,0,0,0
7013,0,0,0,0,0,0
7014,0,0,0,0,0,0
7015,0,0,0,0,0,0
7016,0,0,0,0,0,0
7017,0,0,0,0,0,0
7018,0,0,0,0,0,0
7019,0,0,0,0,0,0
7020,0,0,0,0,0,0
7021,0,0,0,0,0,0
7022,0,0,0,0,0,0
7023,0,0,0,0,0,0
7024,0,0,0,0,0,0
7025,0,0,0,0,0,0
7026,0,0,0,0,0,0
7027,0,0,0,0,0,0
7028,0,0,0,0,0,0
7029,0,0,0,0,0,0
7030,0,0,0,0,0,0
7031,0,0,0,0,0,0
7032,0,0,0,0,0,0
7033,0,0,0,0,0,0
7034,0,0,0,0,0,0
7035,0,0,0,0,0,0
7036,0,0,0,0,0,0
7037,0,0,0,0,0,0
7038,0,0,0,0,0,0
7039,0,0,0,0,0,0
7040,0,0,0,0,0,0
7041,0,0,0,0,0,0
7042,0,0,0,0,0,0
7043,0,0,0,0,0,0
7044,0,0,0,0,0,0
7045,0,0,0,0,0,0
7046,0,0,0,0,0,0
7047,0,0,0,0,0,0
7048,0,0,0,0,0,0
7049,0,0,0,0,0,0
7050,0,0,0,0,0,0
7051,0,0,0,0,0,0
7052,0,0,0,0,0,0
7053,0,0,0,0,0,0
7054,0,0,0,0,0,0
7055,0,0,0,0,0,0
7056,0,0,0,0,0,0
7057,0,0,0,0,0,0
7058,0,0,0,0,0,0
7059,0,0,0,0,0,0
7060,0,0,0,0,0,0
7061,0,0,0,0,0,0
7062,0,0,0,0,0,0
7063,0,0,0,0,0,0
7064,0,0,0,0,0,0
7065,0,0,0,0,0,0
7066,0,0,0,0,0,0
7067,0,0,0,0,0,0
7068,0,0,0,0,0,0
7069,0,0,0,0,0,0
7070,0,0,0,0,0,0
7071,0,0,0,0,0,0
7072,0,0,0,0,0,0
7073,0,0,0,0,0,0
7074,0,0,0,0,0,0
7075,0,0,0,0,0,0
7076,0,0,0,0,0,0
7077,0,0,0,0,0,0
7078,0,0,0,0,0,0
7079,0,0,0,0,0,0
7080,0,0,0,0,0,0
7081,0,0,0,0,0,0
7082,0,0,0,0,0,0
7083,0,0,0,0,0,0
7084,0,0,0,0,0,0
7085,0,0,0,0,0,0
7086,0,0,0,0,0,0
7087,0,0,0,0,0,0
7088,0,0,0,0,0,0
7089,0,0,0,0,0,0
7090,0,0,0,0,0,0
7091,0,0,0,0,0,0
7092,0,0,0,0,0,0
7093,0,0,0,0,0,0
7094,0,0,0,0,0,0
7095,0,0,0,0,0,0
7096,0,0,0,0,0,0
7097,0,0,0,0,0,0
7098,0,0,0,0,0,0
7099,0,0,0,0,0,0
7100,0,0,0,0,0,0
7101,0,0,0,0,0,0
7102,0,0,0,0,0,0
7103,0,0,0,0,0,0
7104,0,0,0,0,0,0
7105,0,0,0,0,0,0
7106,0,0,0,0,0,0
7107,0,0,0,0,0,0
7108,0,0,0,0,0,0
7109,0,0,0,0,0,0
7110,0,0,0,0,0,0
7111,0,0,0,0,0,0
7112,0,0,0,0,0,0
7113,0,0,0,0,0,0
7114,0,0,0,0,0,0
7115,0,0,0,0,0,0
7116,0,0,0,0,0,0
7117,0,0,0,0,0,0
7118,0,0,0,0,0,0
7119,0,0,0,0,0,0
7120,0,0,0,0,0,0
7121,0,0,0,0,0,0
7122,0,0,0,0,0,0
7123,0,0,0,0,0,0
7124,0,0,0,0,0,0
7125,0,0,0,0,0,0
7126,0,0,0,0,0,0
7127,0,0,0,0,0,0
7128,0,0,0,0,0,0
7129,0,0,0,0,0,0
7130,0,0,0,0,0,0
7131,0,0,0,0,0,0
7132,0,0,0,0,0,0
7133,0,0,0,0,0,0
7134,0,0,0,0,0,0
7135,0,0,0,0,0,0
7136,0,0,0,0,0,0
7137,0,0,0,0,0,0
7138,0,0,0,0,0,0
7139,0,0,0,0,0,0
7140,0,0,0,0,0,0
7141,0,0,0,0,0,0
7142,0,0,0,0,0,0
7143,0,0,0,0,0,0
7144,0,0,0,0,0,0
7145,0,0,0,0,0,0
7146,0,0,0,0,0,0
7147,0,0,0,0,0,0
7148,0,0,0,0,0,0
7149,0,0,0,0,0,0
7150,0,0,0,0,0,0
7151,0,0,0,0,0,0
7152,0,0,0,0,0,0
7153,0,0,0,0,0,0
7154,0,0,0,0,0,0
7155,0,0,0,0,0,0
7156,0,0,0,0,0,0
7157,0,0,0,0,0,0
7158,0,0,0,0,0,0
7159,0,0,0,0,0,0
7160,0,0,0,0,0,0
7161,0,0,0,0,0,0
7162,0,0,0,0,0,0
7163,0,0,0,0,0,0
7164,0,0,0,0,0,0
7165,0,0,0,0,0,0
7166,0,0,0,0,0,0
7167,0,0,0,0,0,0
7168,0,0,0,0,0,0
7169,0,0,0,0,0,0
7170,0,0,0,0,0,0
7171,0,0,0,0,0,0
7172,0,0,0,0,0,0
7173,0,0,0,0,0,0
7174,0,0,0,0,0,0
7175,0,0,0,0,0,0
7176,0,0,0,0,0,0
7177,0,0,0,0,0,0
7178,0,0,0,0,0,0
7179,0,0,0,0,0,0
7180,0,0,0,0,0,0
7181,0,0,0,0,0,0
7182,0,0,0,0,0,0
7183,0,0,0,0,0,0
7184,0,0,0,0,0,0
7185,0,0,0,0,0,0
7186,0,0,0,0,0,0
7187,0,0,0,0,0,0
7188,0,0,0,0,0,0
7189,0,0,0,0,0,0
7190,0,0,0,0,0,0
7191,0,0,0,0,0,0
7192,0,0,0,0,0,0
7193,0,0,0,0,0,0
7194,0,0,0,0,0,0
7195,0,0,0,0,0,0
7196,0,0,0,0,0,0
7197,0,0,0,0,0,0
7198,0,0,0,0,0,0
7199,0,0,0,0,0,0
7200,0,0,0,0,0,0
7201,0,0,0,0,0,0
7202,0,0,0,0,0,0
7203,0,0,0,0,0,0
7204,0,0,0,0,0,0
7205,0,0,0,0,0,0
7206,0,0,0,0,0,0
7207,0,0,0,0,0,0
7208,0,0,0,0,0,0
7209,0,0,0,0,0,0
7210,0,0,0,0,0,0
7211,0,0,0,0,0,0
7212,0,0,0,0,0,0
7213,0,0,0,0,0,0
7214,0,0,0,0,0,0
7215,0,0,0,0,0,0
7216,0,0,0,0,0,0
7217,0,0,0,0,0,0
7218,0,0,0,0,0,0
7219,0,0,0,0,0,0
7220,0,0,0,0,0,0
7221,0,0,0,0,0,0
7222,0,0,0,0,0,0
7223,0,0,0,0,0,0
7224,0,0,0,0,0,0
7225,0,0,0,0,0,0
7226,0,0,0,0,0,0
7227,0,0,0,0,0,0
7228,0,0,0,0,0,0
7229,0,0,0,0,0,0
7230,0,0,0,0,0,0
7231,0,0,0,0,0,0
7232,0,0,0,0,0,0
7233,0,0,0,0,0,0
7234,0,0,0,0,0,0
7235,0,0,0,0,0,0
7236,0,0,0,0,0,0
7237,0,0,0,0,0,0
7238,0,0,0,0,0,0
7239,0,0,0,0,0,0
7240,0,0,0,0,0,0
7241,0,0,0,0,0,0
7242,0,0,0,0,0,0
7243,0,0,0,0,0,0
7244,0,0,0,0,0,0
7245,0,0,0,0,0,0
7246,0,0,0,0,0,0
7247,0,0,0,0,0,0
7248,0,0,0,0,0,0
7249,0,0,0,0,0,0
7250,0,0,0,0,0,0
7251,0,0,0,0,0,0
7252,0,0,0,0,0,0
7253,0,0,0,0,0,0
7254,0,0,0,0,0,0
7255,0,0,0,0,0,0
7256,0,0,0,0,0,0
7257,0,0,0,0,0,0
7258,0,0,0,0,0,0
7259,0,0,0,0,0,0
7260,0,0,0,0,0,0
7261,0,0,0,0,0,0
7262,0,0,0,0,0,0
7263,0,0,0,0,0,0
7264,0,0,0,0,0,0
7265,0,0,0,0,0,0
7266,0,0,0,0,0,0
7267,0,0,0,0,0,0
7268,0,0,0,0,0,0
7269,0,0,0,0,0,0
7270,0,0,0,0,0,0
7271,0,0,0,0,0,0
7272,0,0,0,0,0,0
7273,0,0,0,0,0,0
7274,0,0,0,0,0,0
7275,0,0,0,0,0,0
7276,0,0,0,0,0,0
7277,0,0,0,0,0,0
7278,0,0,0,0,0,0
7279,0,0,0,0,0,0
7280,0,0,0,0,0,0
7281,0,0,0,0,0,0
7282,0,0,0,0,0,0
7283,0,0,0,0,0,0
7284,0,0,0,0,0,0
7285,0,0,0,0,0,0
7286,0,0,0,0,0,0
7287,0,0,0,0,0,0
7288,0,0,0,0,0,0
7289,0,0,0,0,0,0
7290,0,0,0,0,0,0
7291,0,0,0,0,0,0
7292,0,0,0,0,0,0
7293,0,0,0,0,0,0
7294,0,0,0,0,0,0
7295,0,0,0,0,0,0
7296,0,0,0,0,0,0
7297,0,0,0,0,0,0
7298,0,0,0,0,0,0
7299,0,0,0,0,0,0
7300,0,0,0,0,0,0
7301,0,0,0,0,0,0
7302,0,0,0,0,0,0
7303,0,0,0,0,0,0
7304,0,0,0,0,0,0
7305,0,0,0,0,0,0
7306,0,0,0,0,0,0
7307,0,0,0,0,0,0
7308,0,0,0,0,0,0
7309,0,0,0,0,0,0
7310,0,0,0,0,0,0
7311,0,0,0,0,0,0
7312,0,0,0,0,0,0
7313,0,0,0,0,0,0
7314,0,0,0,0,0,0
7315,0,0,0,0,0,0
7316,0,0,0,0,0,0
7317,0,0,0,0,0,0
7318,0,0,0,0,0,0
7319,0,0,0,0,0,0
7320,0,0,0,0,0,0
7321,0,0,0,0,0,0
7322,0,0,0,0,0,0
7323,0,0,0,0,0,0
7324,0,0,0,0,0,0
7325,0,0,0,0,0,0
7326,0,0,0,0,0,0
7327,0,0,0,0,0,0
7328,0,0,0,0,0,0
7329,0,0,0,0,0,0
7330,0,0,0,0,0,0
7331,0,0,0,0,0,0
7332,0,0,0,0,0,0
7333,0,0,0,0,0,0
7334,0,0,0,0,0,0
7335,0,0,0,0,0,0
7336,0,0,0,0,0,0
7337,0,0,0,0,0,0
7338,0,0,0,0,0,0
7339,0,0,0,0,0,0
7340,0,0,0,0,0,0
7341,0,0,0,0,0,0
7342,0,0,0,0,0,0
7343,0,0,0,0,0,0
7344,0,0,0,0,0,0
7345,0,0,0,0,0,0
7346,0,0,0,0,0,0
7347,0,0,0,0,0,0
7348,0,0,0,0,0,0
7349,0,0,0,0,0,0
7350,0,0,0,0,0,0
7351,0,0,0,0,0,0
7352,0,0,0,0,0,0
7353,0,0,0,0,0,0
7354,0,0,0,0,0,0
7355,0,0,0,0,0,0
7356,0,0,0,0,0,0
7357,0,0,0,0,0,0
7358,0,0,0,0,0,0
7359,0,0,0,0,0,0
7360,0,0,0,0,0,0
7361,0,0,0,0,0,0
7362,0,0,0,0,0,0
7363,0,0,0,0,0,0
7364,0,0,0,0,0,0
7365,0,0,0,0,0,0
7366,0,0,0,0,0,0
7367,0,0,0,0,0,0
7368,0,0,0,0,0,0
7369,0,0,0,0,0,0
7370,0,0,0,0,0,0
7371,0,0,0,0,0,0
7372,0,0,0,0,0,0
7373,0,0,0,0,0,0
7374,0,0,0,0,0,0
7375,0,0,0,0,0,0
7376,0,0,0,0,0,0
7377,0,0,0,0,0,0
7378,0,0,0,0,0,0
7379,0,0,0,0,0,0
7380,0,0,0,0,0,0
7381,0,0,0,0,0,0
7382,0,0,0,0,0,0
7383,0,0,0,0,0,0
7384,0,0,0,0,0,0
7385,0,0,0,0,0,0
7386,0,0,0,0,0,0
7387,0,0,0,0,0,0
7388,0,0,0,0,0,0
7389,0,0,0,0,0,0
7390,0,0,0,0,0,0
7391,0,0,0,0,0,0
7392,0,0,0,0,0,0
7393,0,0,0,0,0,0
7394,0,0,0,0,0,0
7395,0,0,0,0,0,0
7396,0,0,0,0,0,0
7397,0,0,0,0,0,0
7398,0,0,0,0,0,0
7399,0,0,0,0,0,0
7400,0,0,0,0,0,0
7401,0,0,0,0,0,0
7402,0,0,0,0,0,0
7403,0,0,0,0,0,0
7404,0,0,0,0,0,0
7405,0,0,0,0,0,0
7406,0,0,0,0,0,0
7407,0,0,0,0,0,0
7408,0,0,0,0,0,0
7409,0,0,0,0,0,0
7410,0,0,0,0,0,0
7411,0,0,0,0,0,0
7412,0,0,0,0,0,0
7413,0,0,0,0,0,0
7414,0,0,0,0,0,0
7415,0,0,0,0,0,0
7416,0,0,0,0,0,0
7417,0,0,0,0,0,0
7418,0,0,0,0,0,0
7419,0,0,0,0,0,0
7420,0,0,0,0,0,0
7421,0,0,0,0,0,0
7422,0,0,0,0,0,0
7423,0,0,0,0,0,0
7424,0,0,0,0,0,0
7425,0,0,0,0,0,0
7426,0,0,0,0,0,0
7427,0,0,0,0,0,0
7428,0,0,0,0,0,0
7429,0,0,0,0,0,0
7430,0,0,0,0,0,0
7431,0,0,0,0,0,0
7432,0,0,0,0,0,0
7433,0,0,0,0,0,0
7434,0,0,0,0,0,0
7435,0,0,0,0,0,0
7436,0,0,0,0,0,0
7437,0,0,0,0,0,0
7438,0,0,0,0,0,0
7439,0,0,0,0,0,0
7440,0,0,0,0,0,0
7441,0,0,0,0,0,0
7442,0,0,0,0,0,0
7443,0,0,0,0,0,0
7444,0,0,0,0,0,0
7445,0,0,0,0,0,0
7446,0,0,0,0,0,0
7447,0,0,0,0,0,0
7448,0,0,0,0,0,0
7449,0,0,0,0,0,0
7450,0,0,0,0,0,0
7451,0,0,0,0,0,0
7452,0,0,0,0,0,0
7453,0,0,0,0,0,0
7454,0,0,0,0,0,0
7455,0,0,0,0,0,0
7456,0,0,0,0,0,0
7457,0,0,0,0,0,0
7458,0,0,0,0,0,0
7459,0,0,0,0,0,0
7460,0,0,0,0,0,0
7461,0,0,0,0,0,0
7462,0,0,0,0,0,0
7463,0,0,0,0,0,0
7464,0,0,0,0,0,0
7465,0,0,0,0,0,0
7466,0,0,0,0,0,0
7467,0,0,0,0,0,0
7468,0,0,0,0,0,0
7469,0,0,0,0,0,0
7470,0,0,0,0,0,0
7471,0,0,0,0,0,0
7472,0,0,0,0,0,0
7473,0,0,0,0,0,0
7474,0,0,0,0,0,0
7475,0,0,0,0,0,0
7476,0,0,0,0,0,0
7477,0,0,0,0,0,0
7478,0,0,0,0,0,0
7479,0,0,0,0,0,0
7480,0,0,0,0,0,0
7481,0,0,0,0,0,0
7482,0,0,0,0,0,0
7483,0,0,0,0,0,0
7484,0,0,0,0,0,0
7485,0,0,0,0,0,0
7486,0,0,0,0,0,0
7487,0,0,0,0,0,0
7488,0,0,0,0,0,0
7489,0,0,0,0,0,0
7490,0,0,0,0,0,0
7491,0,0,0,0,0,0
7492,0,0,0,0,0,0
7493,0,0,0,0,0,0
7494,0,0,0,0,0,0
7495,0,0,0,0,0,0
7496,0,0,0,0,0,0
7497,0,0,0,0,0,0
7498,0,0,0,0,0,0
7499,0,0,0,0,0,0
7500,0,0,0,0,0,0
7501,0,0,0,0,0,0
7502,0,0,0,0,0,0
7503,0,0,0,0,0,0
7504,0,0,0,0,0,0
7505,0,0,0,0,0,0
7506,0,0,0,0,0,0
7507,0,0,0,0,0,0
7508,0,0,0,0,0,0
7509,0,0,0,0,0,0
7510,0,0,0,0,0,0
7511,0,0,0,0,0,0
7512,0,0,0,0,0,0
7513,0,0,0,0,0,0
7514,0,0,0,0,0,0
7515,0,0,0,0,0,0
7516,0,0,0,0,0,0
7517,0,0,0,0,0,0
7518,0,0,0,0,0,0
7519,0,0,0,0,0,0
7520,0,0,0,0,0,0
7521,0,0,0,0,0,0
7522,0,0,0,0,0,0
7523,0,0,0,0,0,0
7524,0,0,0,0,0,0
7525,0,0,0,0,0,0
7526,0,0,0,0,0,0
7527,0,0,0,0,0,0
7528,0,0,0,0,0,0
7529,0,0,0,0,0,0
7530,0,0,0,0,0,0
7531,0,0,0,0,0,0
7532,0,0,0,0,0,0
7533,0,0,0,0,0,0
7534,0,0,0,0,0,0
7535,0,0,0,0,0,0
7536,0,0,0,0,0,0
7537,0,0,0,0,0,0
7538,0,0,0,0,0,0
7539,0,0,0,0,0,0
7540,0,0,0,0,0,0
7541,0,0,0,0,0,0
7542,0,0,0,0,0,0
7543,0,0,0,0,0,0
7544,0,0,0,0,0,0
7545,0,0,0,0,0,0
7546,0,0,0,0,0,0
7547,0,0,0,0,0,0
7548,0,0,0,0,0,0
7549,0,0,0,0,0,0
7550,0,0,0,0,0,0
7551,0,0,0,0,0,0
7552,0,0,0,0,0,0
7553,0,0,0,0,0,0
7554,0,0,0,0,0,0
7555,0,0,0,0,0,0
7556,0,0,0,0,0,0
7557,0,0,0,0,0,0
7558,0,0,0,0,0,0
7559,0,0,0,0,0,0
7560,0,0,0,0,0,0
7561,0,0,0,0,0,0
7562,0,0,0,0,0,0
7563,0,0,0,0,0,0
7564,0,0,0,0,0,0
7565,0,0,0,0,0,0
7566,0,0,0,0,0,0
7567,0,0,0,0,0,0
7568,0,0,0,0,0,0
7569,0,0,0,0,0,0
7570,0,0,0,0,0,0
7571,0,0,0,0,0,0
7572,0,0,0,0,0,0
7573,0,0,0,0,0,0
7574,0,0,0,0,0,0
7575,0,0,0,0,0,0
7576,0,0,0,0,0,0
7577,0,0,0,0,0,0
7578,0,0,0,0,0,0
7579,0,0,0,0,0,0
7580,0,0,0,0,0,0
7581,0,0,0,0,0,0
7582,0,0,0,0,0,0
7583,0,0,0,0,0,0
7584,0,0,0,0,0,0
7585,0,0,0,0,0,0
7586,0,0,0,0,0,0
7587,0,0,0,0,0,0
7588,0,0,0,0,0,0
7589,0,0,0,0,0,0
7590,0,0,0,0,0,0
7591,0,0,0,0,0,0
7592,0,0,0,0,0,0
7593,0,0,0,0,0,0
7594,0,0,0,0,0,0
7595,0,0,0,0,0,0
7596,0,0,0,0,0,0
7597,0,0,0,0,0,0
7598,0,0,0,0,0,0
7599,0,0,0,0,0,0
7600,0,0,0,0,0,0
7601,0,0,0,0,0,0
7602,0,0,0,0,0,0
7603,0,0,0,0,0,0
7604,0,0,0,0,0,0
7605,0,0,0,0,0,0
7606,0,0,0,0,0,0
7607,0,0,0,0,0,0
7608,0,0,0,0,0,0
7609,0,0,0,0,0,0
7610,0,0,0,0,0,0
7611,0,0,0,0,0,0
7612,0,0,0,0,0,0
7613,0,0,0,0,0,0
7614,0,0,0,0,0,0
7615,0,0,0,0,0,0
7616,0,0,0,0,0,0
7617,0,0,0,0,0,0
7618,0,0,0,0,0,0
7619,0,0,0,0,0,0
7620,0,0,0,0,0,0
7621,0,0,0,0,0,0
7622,0,0,0,0,0,0
7623,0,0,0,0,0,0
7624,0,0,0,0,0,0
7625,0,0,0,0,0,0
7626,0,0,0,0,0,0
7627,0,0,0,0,0,0
7628,0,0,0,0,0,0
7629,0,0,0,0,0,0
7630,0,0,0,0,0,0
7631,0,0,0,0,0,0
7632,0,0,0,0,0,0
7633,0,0,0,0,0,0
7634,0,0,0,0,0,0
7635,0,0,0,0,0,0
7636,0,0,0,0,0,0
7637,0,0,0,0,0,0
7638,0,0,0,0,0,0
7639,0,0,0,0,0,0
7640,0,0,0,0,0,0
7641,0,0,0,0,0,0
7642,0,0,0,0,0,0
7643,0,0,0,0,0,0
7644,0,0,0,0,0,0
7645,0,0,0,0,0,0
7646,0,0,0,0,0,0
7647,0,0,0,0,0,0
7648,0,0,0,0,0,0
7649,0,0,0,0,0,0
7650,0,0,0,0,0,0
7651,0,0,0,0,0,0
7652,0,0,0,0,0,0
7653,0,0,0,0,0,0
7654,0,0,0,0,0,0
7655,0,0,0,0,0,0
7656,0,0,0,0,0,0
7657,0,0,0,0,0,0
7658,0,0,0,0,0,0
7659,0,0,0,0,0,0
7660,0,0,0,0,0,0
7661,0,0,0,0,0,0
7662,0,0,0,0,0,0
7663,0,0,0,0,0,0
7664,0,0,0,0,0,0
7665,0,0,0,0,0,0
7666,0,0,0,0,0,0
7667,0,0,0,0,0,0
7668,0,0,0,0,0,0
7669,0,0,0,0,0,0
7670,0,0,0,0,0,0
7671,0,0,0,0,0,0
7672,0,0,0,0,0,0
7673,0,0,0,0,0,0
7674,0,0,0,0,0,0
7675,0,0,0,0,0,0
7676,0,0,0,0,0,0
7677,0,0,0,0,0,0
7678,0,0,0,0,0,0
7679,0,0,0,0,0,0
7680,0,0,0,0,0,0
7681,0,0,0,0,0,0
7682,0,0,0,0,0,0
7683,0,0,0,0,0,0
7684,0,0,0,0,0,0
7685,0,0,0,0,0,0
7686,0,0,0,0,0,0
7687,0,0,0,0,0,0
7688,0,0,0,0,0,0
7689,0,0,0,0,0,0
7690,0,0,0,0,0,0
7691,0,0,0,0,0,0
7692,0,0,0,0,0,0
7693,0,0,0,0,0,0
7694,0,0,0,0,0,0
7695,0,0,0,0,0,0
7696,0,0,0,0,0,0
7697,0,0,0,0,0,0
7698,0,0,0,0,0,0
7699,0,0,0,0,0,0
7700,0,0,0,0,0,0
7701,0,0,0,0,0,0
7702,0,0,0,0,0,0
7703,0,0,0,0,0,0
7704,0,0,0,0,0,0
7705,0,0,0,0,0,0
7706,0,0,0,0,0,0
7707,0,0,0,0,0,0
7708,0,0,0,0,0,0
7709,0,0,0,0,0,0
7710,0,0,0,0,0,0
7711,0,0,0,0,0,0
7712,0,0,0,0,0,0
7713,0,0,0,0,0,0
7714,0,0,0,0,0,0
7715,0,0,0,0,0,0
7716,0,0,0,0,0,0
7717,0,0,0,0,0,0
7718,0,0,0,0,0,0
7719,0,0,0,0,0,0
7720,0,0,0,0,0,0
7721,0,0,0,0,0,0
7722,0,0,0,0,0,0
7723,0,0,0,0,0,0
7724,0,0,0,0,0,0
7725,0,0,0,0,0,0
7726,0,0,0,0,0,0
7727,0,0,0,0,0,0
7728,0,0,0,0,0,0
7729,0,0,0,0,0,0
7730,0,0,0,0,0,0
7731,0,0,0,0,0,0
7732,0,0,0,0,0,0
7733,0,0,0,0,0,0
7734,0,0,0,0,0,0
7735,0,0,0,0,0,0
7736,0,0,0,0,0,0
7737,0,0,0,0,0,0
7738,0,0,0,0,0,0
7739,0,0,0,0,0,0
7740,0,0,0,0,0,0
7741,0,0,0,0,0,0
7742,0,0,0,0,0,0
7743,0,0,0,0,0,0
7744,0,0,0,0,0,0
7745,0,0,0,0,0,0
7746,0,0,0,0,0,0
7747,0,0,0,0,0,0
7748,0,0,0,0,0,0
7749,0,0,0,0,0,0
7750,0,0,0,0,0,0
7751,0,0,0,0,0,0
7752,0,0,0,0,0,0
7753,0,0,0,0,0,0
7754,0,0,0,0,0,0
7755,0,0,0,0,0,0
7756,0,0,0,0,0,0
7757,0,0,0,0,0,0
7758,0,0,0,0,0,0
7759,0,0,0,0,0,0
7760,0,0,0,0,0,0
7761,0,0,0,0,0,0
7762,0,0,0,0,0,0
7763,0,0,0,0,0,0
7764,0,0,0,0,0,0
7765,0,0,0,0,0,0
7766,0,0,0,0,0,0
7767,0,0,0,0,0,0
7768,0,0,0,0,0,0
7769,0,0,0,0,0,0
7770,0,0,0,0,0,0
7771,0,0,0,0,0,0
7772,0,0,0,0,0,0
7773,0,0,0,0,0,0
7774,0,0,0,0,0,0
7775,0,0,0,0,0,0
7776,0,0,0,0,0,0
7777,0,0,0,0,0,0
7778,0,0,0,0,0,0
7779,0,0,0,0,0,0
7780,0,0,0,0,0,0
7781,0,0,0,0,0,0
7782,0,0,0,0,0,0
7783,0,0,0,0,0,0
7784,0,0,0,0,0,0
7785,0,0,0,0,0,0
7786,0,0,0,0,0,0
7787,0,0,0,0,0,0
7788,0,0,0,0,0,0
7789,0,0,0,0,0,0
7790,0,0,0,0,0,0
7791,0,0,0,0,0,0
7792,0,0,0,0,0,0
7793,0,0,0,0,0,0
7794,0,0,0,0,0,0
7795,0,0,0,0,0,0
7796,0,0,0,0,0,0
7797,0,0,0,0,0,0
7798,0,0,0,0,0,0
7799,0,0,0,0,0,0
7800,0,0,0,0,0,0
7801,0,0,0,0,0,0
7802,0,0,0,0,0,0
7803,0,0,0,0,0,0
7804,0,0,0,0,0,0
7805,0,0,0,0,0,0
7806,0,0,0,0,0,0
7807,0,0,0,0,0,0
7808,0,0,0,0,0,0
7809,0,0,0,0,0,0
7810,0,0,0,0,0,0
7811,0,0,0,0,0,0
7812,0,0,0,0,0,0
7813,0,0,0,0,0,0
7814,0,0,0,0,0,0
7815,0,0,0,0,0,0
7816,0,0,0,0,0,0
7817,0,0,0,0,0,0
7818,0,0,0,0,0,0
7819,0,0,0,0,0,0
7820,0,0,0,0,0,0
7821,0,0,0,0,0,0
7822,0,0,0,0,0,0
7823,0,0,0,0,0,0
7824,0,0,0,0,0,0
7825,0,0,0,0,0,0
7826,0,0,0,0,0,0
7827,0,0,0,0,0,0
7828,0,0,0,0,0,0
7829,0,0,0,0,0,0
7830,0,0,0,0,0,0
7831,0,0,0,0,0,0
7832,0,0,0,0,0,0
7833,0,0,0,0,0,0
7834,0,0,0,0,0,0
7835,0,0,0,0,0,0
7836,0,0,0,0,0,0
7837,0,0,0,0,0,0
7838,0,0,0,0,0,0
7839,0,0,0,0,0,0
7840,0,0,0,0,0,0
7841,0,0,0,0,0,0
7842,0,0,0,0,0,0
7843,0,0,0,0,0,0
7844,0,0,0,0,0,0
7845,0,0,0,0,0,0
7846,0,0,0,0,0,0
7847,0,0,0,0,0,0
7848,0,0,0,0,0,0
7849,0,0,0,0,0,0
7850,0,0,0,0,0,0
7851,0,0,0,0,0,0
7852,0,0,0,0,0,0
7853,0,0,0,0,0,0
7854,0,0,0,0,0,0
7855,0,0,0,0,0,0
7856,0,0,0,0,0,0
7857,0,0,0,0,0,0
7858,0,0,0,0,0,0
7859,0,0,0,0,0,0
7860,0,0,0,0,0,0
7861,0,0,0,0,0,0
7862,0,0,0,0,0,0
7863,0,0,0,0,0,0
7864,0,0,0,0,0,0
7865,0,0,0,0,0,0
7866,0,0,0,0,0,0
7867,0,0,0,0,0,0
7868,0,0,0,0,0,0
7869,0,0,0,0,0,0
7870,0,0,0,0,0,0
7871,0,0,0,0,0,0
7872,0,0,0,0,0,0
7873,0,0,0,0,0,0
7874,0,0,0,0,0,0
7875,0,0,0,0,0,0
7876,0,0,0,0,0,0
7877,0,0,0,0,0,0
7878,0,0,0,0,0,0
7879,0,0,0,0,0,0
7880,0,0,0,0,0,0
7881,0,0,0,0,0,0
7882,0,0,0,0,0,0
7883,0,0,0,0,0,0
7884,0,0,0,0,0,0
7885,0,0,0,0,0,0
7886,0,0,0,0,0,0
7887,0,0,0,0,0,0
7888,0,0,0,0,0,0
7889,0,0,0,0,0,0
7890,0,0,0,0,0,0
7891,0,0,0,0,0,0
7892,0,0,0,0,0,0
7893,0,0,0,0,0,0
7894,0,0,0,0,0,0
7895,0,0,0,0,0,0
7896,0,0,0,0,0,0
7897,0,0,0,0,0,0
7898,0,0,0,0,0,0
7899,0,0,0,0,0,0
7900,0,0,0,0,0,0
7901,0,0,0,0,0,0
7902,0,0,0,0,0,0
7903,0,0,0,0,0,0
7904,0,0,0,0,0,0
7905,0,0,0,0,0,0
7906,0,0,0,0,0,0
7907,0,0,0,0,0,0
7908,0,0,0,0,0,0
7909,0,0,0,0,0,0
7910,0,0,0,0,0,0
7911,0,0,0,0,0,0
7912,0,0,0,0,0,0
7913,0,0,0,0,0,0
7914,0,0,0,0,0,0
7915,0,0,0,0,0,0
7916,0,0,0,0,0,0
7917,0,0,0,0,0,0
7918,0,0,0,0,0,0
7919,0,0,0,0,0,0
7920,0,0,0,0,0,0
7921,0,0,0,0,0,0
7922,0,0,0,0,0,0
7923,0,0,0,0,0,0
7924,0,0,0,0,0,0
7925,0,0,0,0,0,0
7926,0,0,0,0,0,0
7927,0,0,0,0,0,0
7928,0,0,0,0,0,0
7929,0,0,0,0,0,0
7930,0,0,0,0,0,0
7931,0,0,0,0,0,0
7932,0,0,0,0,0,0
7933,0,0,0,0,0,0
7934,0,0,0,0,0,0
7935,0,0,0,0,0,0
7936,0,0,0,0,0,0
7937,0,0,0,0,0,0
7938,0,0,0,0,0,0
7939,0,0,0,0,0,0
7940,0,0,0,0,0,0
7941,0,0,0,0,0,0
7942,0,0,0,0,0,0
7943,0,0,0,0,0,0
7944,0,0,0,0,0,0
7945,0,0,0,0,0,0
7946,0,0,0,0,0,0
7947,0,0,0,0,0,0
7948,0,0,0,0,0,0
7949,0,0,0,0,0,0
7950,0,0,0,0,0,0
7951,0,0,0,0,0,0
7952,0,0,0,0,0,0
7953,0,0,0,0,0,0
7954,0,0,0,0,0,0
7955,0,0,0,0,0,0
7956,0,0,0,0,0,0
7957,0,0,0,0,0,0
7958,0,0,0,0,0,0
7959,0,0,0,0,0,0
7960,0,0,0,0,0,0
7961,0,0,0,0,0,0
7962,0,0,0,0,0,0
7963,0,0,0,0,0,0
7964,0,0,0,0,0,0
7965,0,0,0,0,0,0
7966,0,0,0,0,0,0
7967,0,0,0,0,0,0
7968,0,0,0,0,0,0
7969,0,0,0,0,0,0
7970,0,0,0,0,0,0
7971,0,0,0,0,0,0
7972,0,0,0,0,0,0
7973,0,0,0,0,0,0
7974,0,0,0,0,0,0
7975,0,0,0,0,0,0
7976,0,0,0,0,0,0
7977,0,0,0,0,0,0
7978,0,0,0,0,0,0
7979,0,0,0,0,0,0
7980,0,0,0,0,0,0
7981,0,0,0,0,0,0
7982,0,0,0,0,0,0
7983,0,0,0,0,0,0
7984,0,0,0,0,0,0
7985,0,0,0,0,0,0
7986,0,0,0,0,0,0
7987,0,0,0,0,0,0
7988,0,0,0,0,0,0
7989,0,0,0,0,0,0
7990,0,0,0,0,0,0
7991,0,0,0,0,0,0
7992,0,0,0,0,0,0
7993,0,0,0,0,0,0
7994,0,0,0,0,0,0
7995,0,0,0,0,0,0
7996,0,0,0,0,0,0
7997,0,0,0,0,0,0
7998,0,0,0,0,0,0
7999,0,0,0,0,0,0
8000,0,0,0,0,0,0
8001,0,0,0,0,0,0
8002,0,0,0,0,0,0
8003,0,0,0,0,0,0
8004,0,0,0,0,0,0
8005,0,0,0,0,0,0
8006,0,0,0,0,0,0
8007,0,0,0,0,0,0
8008,0,0,0,0,0,0
8009,0,0,0,0,0,0
8010,0,0,0,0,0,0
8011,0,0,0,0,0,0
8012,0,0,0,0,0,0
8013,0,0,0,0,0,0
8014,0,0,0,0,0,0
8015,0,0,0,0,0,0
8016,0,0,0,0,0,0
8017,0,0,0,0,0,0
8018,0,0,0,0,0,0
8019,0,0,0,0,0,0
8020,0,0,0,0,0,0
8021,0,0,0,0,0,0
8022,0,0,0,0,0,0
8023,0,0,0,0,0,0
8024,0,0,0,0,0,0
8025,0,0,0,0,0,0
8026,0,0,0,0,0,0
8027,0,0,0,0,0,0
8028,0,0,0,0,0,0
8029,0,0,0,0,0,0
8030,0,0,0,0,0,0
8031,0,0,0,0,0,0
8032,0,0,0,0,0,0
8033,0,0,0,0,0,0
8034,0,0,0,0,0,0
8035,0,0,0,0,0,0
8036,0,0,0,0,0,0
8037,0,0,0,0,0,0
8038,0,0,0,0,0,0
8039,0,0,0,0,0,0
8040,0,0,0,0,0,0
8041,0,0,0,0,0,0
8042,0,0,0,0,0,0
8043,0,0,0,0,0,0
8044,0,0,0,0,0,0
8045,0,0,0,0,0,0
8046,0,0,0,0,0,0
8047,0,0,0,0,0,0
8048,0,0,0,0,0,0
8049,0,0,0,0,0,0
8050,0,0,0,0,0,0
8051,0,0,0,0,0,0
8052,0,0,0,0,0,0
8053,0,0,0,0,0,0
8054,0,0,0,0,0,0
8055,0,0,0,0,0,0
8056,0,0,0,0,0,0
8057,0,0,0,0,0,0
8058,0,0,0,0,0,0
8059,0,0,0,0,0,0
8060,0,0,0,0,0,0
8061,0,0,0,0,0,0
8062,0,0,0,0,0,0
8063,0,0,0,0,0,0
8064,0,0,0,0,0,0
8065,0,0,0,0,0,0
8066,0,0,0,0,0,0
8067,0,0,0,0,0,0
8068,0,0,0,0,0,0
8069,0,0,0,0,0,0
8070,0,0,0,0,0,0
8071,0,0,0,0,0,0
8072,0,0,0,0,0,0
8073,0,0,0,0,0,0
8074,0,0,0,0,0,0
8075,0,0,0,0,0,0
8076,0,0,0,0,0,0
8077,0,0,0,0,0,0
8078,0,0,0,0,0,0
8079,0,0,0,0,0,0
8080,0,0,0,0,0,0
8081,0,0,0,0,0,0
8082,0,0,0,0,0,0
8083,0,0,0,0,0,0
8084,0,0,0,0,0,0
8085,0,0,0,0,0,0
8086,0,0,0,0,0,0
8087,0,0,0,0,0,0
8088,0,0,0,0,0,0
8089,0,0,0,0,0,0
8090,0,0,0,0,0,0
8091,0,0,0,0,0,0
8092,0,0,0,0,0,0
8093,0,0,0,0,0,0
8094,0,0,0,0,0,0
8095,0,0,0,0,0,0
8096,0,0,0,0,0,0
8097,0,0,0,0,0,0
8098,0,0,0,0,0,0
8099,0,0,0,0,0,0
8100,0,0,0,0,0,0
8101,0,0,0,0,0,0
8102,0,0,0,0,0,0
8103,0,0,0,0,0,0
8104,0,0,0,0,0,0
8105,0,0,0,0,0,0
8106,0,0,0,0,0,0
8107,0,0,0,0,0,0
8108,0,0,0,0,0,0
8109,0,0,0,0,0,0
8110,0,0,0,0,0,0
8111,0,0,0,0,0,0
8112,0,0,0,0,0,0
8113,0,0,0,0,0,0
8114,0,0,0,0,0,0
8115,0,0,0,0,0,0
8116,0,0,0,0,0,0
8117,0,0,0,0,0,0
8118,0,0,0,0,0,0
8119,0,0,0,0,0,0
8120,0,0,0,0,0,0
8121,0,0,0,0,0,0
8122,0,0,0,0,0,0
8123,0,0,0,0,0,0
8124,0,0,0,0,0,0
8125,0,0,0,0,0,0
8126,0,0,0,0,0,0
8127,0,0,0,0,0,0
8128,0,0,0,0,0,0
8129,0,0,0,0,0,0
8130,0,0,0,0,0,0
8131,0,0,0,0,0,0
8132,0,0,0,0,0,0
8133,0,0,0,0,0,0
8134,0,0,0,0,0,0
8135,0,0,0,0,0,0
8136,0,0,0,0,0,0
8137,0,0,0,0,0,0
8138,0,0,0,0,0,0
8139,0,0,0,0,0,0
8140,0,0,0,0,0,0
8141,0,0,0,0,0,0
8142,0,0,0,0,0,0
8143,0,0,0,0,0,0
8144,0,0,0,0,0,0
8145,0,0,0,0,0,0
8146,0,0,0,0,0,0
8147,0,0,0,0,0,0
8148,0,0,0,0,0,0
8149,0,0,0,0,0,0
8150,0,0,0,0,0,0
8151,0,0,0,0,0,0
8152,0,0,0,0,0,0
8153,0,0,0,0,0,0
8154,0,0,0,0,0,0
8155,0,0,0,0,0,0
8156,0,0,0,0,0,0
8157,0,0,0,0,0,0
8158,0,0,0,0,0,0
8159,0,0,0,0,0,0
8160,0,0,0,0,0,0
8161,0,0,0,0,0,0
8162,0,0,0,0,0,0
8163,0,0,0,0,0,0
8164,0,0,0,0,0,0
8165,0,0,0,0,0,0
8166,0,0,0,0,0,0
8167,0,0,0,0,0,0
8168,0,0,0,0,0,0
8169,0,0,0,0,0,0
8170,0,0,0,0,0,0
8171,0,0,0,0,0,0
8172,0,0,0,0,0,0
8173,0,0,0,0,0,0
8174,0,0,0,0,0,0
8175,0,0,0,0,0,0
8176,0,0,0,0,0,0
8177,0,0,0,0,0,0
8178,0,0,0,0,0,0
8179,0,0,0,0,0,0
8180,0,0,0,0,0,0
8181,0,0,0,0,0,0
8182,0,0,0,0,0,0
8183,0,0,0,0,0,0
8184,0,0,0,0,0,0
8185,0,0,0,0,0,0
8186,0,0,0,0,0,0
8187,0,0,0,0,0,0
8188,0,0,0,0,0,0
8189,0,0,0,0,0,0
8190,0,0,0,0,0,0
8191,0,0,0,0,0,0
8192,0,0,0,0,0,0
8193,0,0,0,0,0,0
8194,0,0,0,0,0,0
8195,0,0,0,0,0,0
8196,0,0,0,0,0,0
8197,0,0,0,0,0,0
8198,0,0,0,0,0,0
8199,0,0,0,0,0,0
8200,0,0,0,0,0,0
8201,0,0,0,0,0,0
8202,0,0,0,0,0,0
8203,0,0,0,0,0,0
8204,0,0,0,0,0,0
8205,0,0,0,0,0,0
8206,0,0,0,0,0,0
8207,0,0,0,0,0,0
8208,0,0,0,0,0,0
8209,0,0,0,0,0,0
8210,0,0,0,0,0,0
8211,0,0,0,0,0,0
8212,0,0,0,0,0,0
8213,0,0,0,0,0,0
8214,0,0,0,0,0,0
8215,0,0,0,0,0,0
8216,0,0,0,0,0,0
8217,0,0,0,0,0,0
8218,0,0,0,0,0,0
8219,0,0,0,0,0,0
8220,0,0,0,0,0,0
8221,0,0,0,0,0,0
8222,0,0,0,0,0,0
8223,0,0,0,0,0,0
8224,0,0,0,0,0,0
8225,0,0,0,0,0,0
8226,0,0,0,0,0,0
8227,0,0,0,0,0,0
8228,0,0,0,0,0,0
8229,0,0,0,0,0,0
8230,0,0,0,0,0,0
8231,0,0,0,0,0,0
8232,0,0,0,0,0,0
8233,0,0,0,0,0,0
8234,0,0,0,0,0,0
8235,0,0,0,0,0,0
8236,0,0,0,0,0,0
8237,0,0,0,0,0,0
8238,0,0,0,0,0,0
8239,0,0,0,0,0,0
8240,0,0,0,0,0,0
8241,0,0,0,0,0,0
8242,0,0,0,0,0,0
8243,0,0,0,0,0,0
8244,0,0,0,0,0,0
8245,0,0,0,0,0,0
8246,0,0,0,0,0,0
8247,0,0,0,0,0,0
8248,0,0,0,0,0,0
8249,0,0,0,0,0,0
8250,0,0,0,0,0,0
8251,0,0,0,0,0,0
8252,0,0,0,0,0,0
8253,0,0,0,0,0,0
8254,0,0,0,0,0,0
8255,0,0,0,0,0,0
8256,0,0,0,0,0,0
8257,0,0,0,0,0,0
8258,0,0,0,0,0,0
8259,0,0,0,0,0,0
8260,0,0,0,0,0,0
8261,0,0,0,0,0,0
8262,0,0,0,0,0,0
8263,0,0,0,0,0,0
8264,0,0,0,0,0,0
8265,0,0,0,0,0,0
8266,0,0,0,0,0,0
8267,0,0,0,0,0,0
8268,0,0,0,0,0,0
8269,0,0,0,0,0,0
8270,0,0,0,0,0,0
8271,0,0,0,0,0,0
8272,0,0,0,0,0,0
8273,0,0,0,0,0,0
8274,0,0,0,0,0,0
8275,0,0,0,0,0,0
8276,0,0,0,0,0,0
8277,0,0,0,0,0,0
8278,0,0,0,0,0,0
8279,0,0,0,0,0,0
8280,0,0,0,0,0,0
8281,0,0,0,0,0,0
8282,0,0,0,0,0,0
8283,0,0,0,0,0,0
8284,0,0,0,0,0,0
8285,0,0,0,0,0,0
8286,0,0,0,0,0,0
8287,0,0,0,0,0,0
8288,0,0,0,0,0,0
8289,0,0,0,0,0,0
8290,0,0,0,0,0,0
8291,0,0,0,0,0,0
8292,0,0,0,0,0,0
8293,0,0,0,0,0,0
8294,0,0,0,0,0,0
8295,0,0,0,0,0,0
8296,0,0,0,0,0,0
8297,0,0,0,0,0,0
8298,0,0,0,0,0,0
8299,0,0,0,0,0,0
8300,0,0,0,0,0,0
8301,0,0,0,0,0,0
8302,0,0,0,0,0,0
8303,0,0,0,0,0,0
8304,0,0,0,0,0,0
8305,0,0,0,0,0,0
8306,0,0,0,0,0,0
8307,0,0,0,0,0,0
8308,0,0,0,0,0,0
8309,0,0,0,0,0,0
8310,0,0,0,0,0,0
8311,0,0,0,0,0,0
8312,0,0,0,0,0,0
8313,0,0,0,0,0,0
8314,0,0,0,0,0,0
8315,0,0,0,0,0,0
8316,0,0,0,0,0,0
8317,0,0,0,0,0,0
8318,0,0,0,0,0,0
8319,0,0,0,0,0,0
8320,0,0,0,0,0,0
8321,0,0,0,0,0,0
8322,0,0,0,0,0,0
8323,0,0,0,0,0,0
8324,0,0,0,0,0,0
8325,0,0,0,0,0,0
8326,0,0,0,0,0,0
8327,0,0,0,0,0,0
8328,0,0,0,0,0,0
8329,0,0,0,0,0,0
8330,0,0,0,0,0,0
8331,0,0,0,0,0,0
8332,0,0,0,0,0,0
8333,0,0,0,0,0,0
8334,0,0,0,0,0,0
8335,0,0,0,0,0,0
8336,0,0,0,0,0,0
8337,0,0,0,0,0,0
8338,0,0,0,0,0,0
8339,0,0,0,0,0,0
8340,0,0,0,0,0,0
8341,0,0,0,0,0,0
8342,0,0,0,0,0,0
8343,0,0,0,0,0,0
8344,0,0,0,0,0,0
8345,0,0,0,0,0,0
8346,0,0,0,0,0,0
8347,0,0,0,0,0,0
8348,0,0,0,0,0,0
8349,0,0,0,0,0,0
8350,0,0,0,0,0,0
8351,0,0,0,0,0,0
8352,0,0,0,0,0,0
8353,0,0,0,0,0,0
8354,0,0,0,0,0,0
8355,0,0,0,0,0,0
8356,0,0,0,0,0,0
8357,0,0,0,0,0,0
8358,0,0,0,0,0,0
8359,0,0,0,0,0,0
8360,0,0,0,0,0,0
8361,0,0,0,0,0,0
8362,0,0,0,0,0,0
8363,0,0,0,0,0,0
8364,0,0,0,0,0,0
8365,0,0,0,0,0,0
8366,0,0,0,0,0,0
8367,0,0,0,0,0,0
8368,0,0,0,0,0,0
8369,0,0,0,0,0,0
8370,0,0,0,0,0,0
8371,0,0,0,0,0,0
8372,0,0,0,0,0,0
8373,0,0,0,0,0,0
8374,0,0,0,0,0,0
8375,0,0,0,0,0,0
8376,0,0,0,0,0,0
8377,0,0,0,0,0,0
8378,0,0,0,0,0,0
8379,0,0,0,0,0,0
8380,0,0,0,0,0,0
8381,0,0,0,0,0,0
8382,0,0,0,0,0,0
8383,0,0,0,0,0,0
8384,0,0,0,0,0,0
8385,0,0,0,0,0,0
8386,0,0,0,0,0,0
8387,0,0,0,0,0,0
8388,0,0,0,0,0,0
8389,0,0,0,0,0,0
8390,0,0,0,0,0,0
8391,0,0,0,0,0,0
8392,0,0,0,0,0,0
8393,0,0,0,0,0,0
8394,0,0,0,0,0,0
8395,0,0,0,0,0,0
8396,0,0,0,0,0,0
8397,0,0,0,0,0,0
8398,0,0,0,0,0,0
8399,0,0,0,0,0,0
8400,0,0,0,0,0,0
8401,0,0,0,0,0,0
8402,0,0,0,0,0,0
8403,0,0,0,0,0,0
8404,0,0,0,0,0,0
8405,0,0,0,0,0,0
8406,0,0,0,0,0,0
8407,0,0,0,0,0,0
8408,0,0,0,0,0,0
8409,0,0,0,0,0,0
8410,0,0,0,0,0,0
8411,0,0,0,0,0,0
8412,0,0,0,0,0,0
8413,0,0,0,0,0,0
8414,0,0,0,0,0,0
8415,0,0,0,0,0,0
8416,0,0,0,0,0,0
8417,0,0,0,0,0,0
8418,0,0,0,0,0,0
8419,0,0,0,0,0,0
8420,0,0,0,0,0,0
8421,0,0,0,0,0,0
8422,0,0,0,0,0,0
8423,0,0,0,0,0,0
8424,0,0,0,0,0,0
8425,0,0,0,0,0,0
8426,0,0,0,0,0,0
8427,0,0,0,0,0,0
8428,0,0,0,0,0,0
8429,0,0,0,0,0,0
8430,0,0,0,0,0,0
8431,0,0,0,0,0,0
8432,0,0,0,0,0,0
8433,0,0,0,0,0,0
8434,0,0,0,0,0,0
8435,0,0,0,0,0,0
8436,0,0,0,0,0,0
8437,0,0,0,0,0,0
8438,0,0,0,0,0,0
8439,0,0,0,0,0,0
8440,0,0,0,0,0,0
8441,0,0,0,0,0,0
8442,0,0,0,0,0,0
8443,0,0,0,0,0,0
8444,0,0,0,0,0,0
8445,0,0,0,0,0,0
8446,0,0,0,0,0,0
8447,0,0,0,0,0,0
8448,0,0,0,0,0,0
8449,0,0,0,0,0,0
8450,0,0,0,0,0,0
8451,0,0,0,0,0,0
8452,0,0,0,0,0,0
8453,0,0,0,0,0,0
8454,0,0,0,0,0,0
8455,0,0,0,0,0,0
8456,0,0,0,0,0,0
8457,0,0,0,0,0,0
8458,0,0,0,0,0,0
8459,0,0,0,0,0,0
8460,0,0,0,0,0,0
8461,0,0,0,0,0,0
8462,0,0,0,0,0,0
8463,0,0,0,0,0,0
8464,0,0,0,0,0,0
8465,0,0,0,0,0,0
8466,0,0,0,0,0,0
8467,0,0,0,0,0,0
8468,0,0,0,0,0,0
8469,0,0,0,0,0,0
8470,0,0,0,0,0,0
8471,0,0,0,0,0,0
8472,0,0,0,0,0,0
8473,0,0,0,0,0,0
8474,0,0,0,0,0,0
8475,0,0,0,0,0,0
8476,0,0,0,0,0,0
8477,0,0,0,0,0,0
8478,0,0,0,0,0,0
8479,0,0,0,0,0,0
8480,0,0,0,0,0,0
8481,0,0,0,0,0,0
8482,0,0,0,0,0,0
8483,0,0,0,0,0,0
8484,0,0,0,0,0,0
8485,0,0,0,0,0,0
8486,0,0,0,0,0,0
8487,0,0,0,0,0,0
8488,0,0,0,0,0,0
8489,0,0,0,0,0,0
8490,0,0,0,0,0,0
8491,0,0,0,0,0,0
8492,0,0,0,0,0,0
8493,0,0,0,0,0,0
8494,0,0,0,0,0,0
8495,0,0,0,0,0,0
8496,0,0,0,0,0,0
8497,0,0,0,0,0,0
8498,0,0,0,0,0,0
8499,0,0,0,0,0,0
8500,0,0,0,0,0,0
8501,0,0,0,0,0,0
8502,0,0,0,0,0,0
8503,0,0,0,0,0,0
8504,0,0,0,0,0,0
8505,0,0,0,0,0,0
8506,0,0,0,0,0,0
8507,0,0,0,0,0,0
8508,0,0,0,0,0,0
8509,0,0,0,0,0,0
8510,0,0,0,0,0,0
8511,0,0,0,0,0,0
8512,0,0,0,0,0,0
8513,0,0,0,0,0,0
8514,0,0,0,0,0,0
8515,0,0,0,0,0,0
8516,0,0,0,0,0,0
8517,0,0,0,0,0,0
8518,0,0,0,0,0,0
8519,0,0,0,0,0,0
8520,0,0,0,0,0,0
8521,0,0,0,0,0,0
8522,0,0,0,0,0,0
8523,0,0,0,0,0,0
8524,0,0,0,0,0,0
8525,0,0,0,0,0,0
8526,0,0,0,0,0,0
8527,0,0,0,0,0,0
8528,0,0,0,0,0,0
8529,0,0,0,0,0,0
8530,0,0,0,0,0,0
8531,0,0,0,0,0,0
8532,0,0,0,0,0,0
8533,0,0,0,0,0,0
8534,0,0,0,0,0,0
8535,0,0,0,0,0,0
8536,0,0,0,0,0,0
8537,0,0,0,0,0,0
8538,0,0,0,0,0,0
8539,0,0,0,0,0,0
8540,0,0,0,0,0,0
8541,0,0,0,0,0,0
8542,0,0,0,0,0,0
8543,0,0,0,0,0,0
8544,0,0,0,0,0,0
8545,0,0,0,0,0,0
8546,0,0,0,0,0,0
8547,0,0,0,0,0,0
8548,0,0,0,0,0,0
8549,0,0,0,0,0,0
8550,0,0,0,0,0,0
8551,0,0,0,0,0,0
8552,0,0,0,0,0,0
8553,0,0,0,0,0,0
8554,0,0,0,0,0,0
8555,0,0,0,0,0,0
8556,0,0,0,0,0,0
8557,0,0,0,0,0,0
8558,0,0,0,0,0,0
8559,0,0,0,0,0,0
8560,0,0,0,0,0,0
8561,0,0,0,0,0,0
8562,0,0,0,0,0,0
8563,0,0,0,0,0,0
8564,0,0,0,0,0,0
8565,0,0,0,0,0,0
8566,0,0,0,0,0,0
8567,0,0,0,0,0,0
8568,0,0,0,0,0,0
8569,0,0,0,0,0,0
8570,0,0,0,0,0,0
8571,0,0,0,0,0,0
8572,0,0,0,0,0,0
8573,0,0,0,0,0,0
8574,0,0,0,0,0,0
8575,0,0,0,0,0,0
8576,0,0,0,0,0,0
8577,0,0,0,0,0,0
8578,0,0,0,0,0,0
8579,0,0,0,0,0,0
8580,0,0,0,0,0,0
8581,0,0,0,0,0,0
8582,0,0,0,0,0,0
8583,0,0,0,0,0,0
8584,0,0,0,0,0,0
8585,0,0,0,0,0,0
8586,0,0,0,0,0,0
8587,0,0,0,0,0,0
8588,0,0,0,0,0,0
8589,0,0,0,0,0,0
8590,0,0,0,0,0,0
8591,0,0,0,0,0,0
8592,0,0,0,0,0,0
8593,0,0,0,0,0,0
8594,0,0,0,0,0,0
8595,0,0,0,0,0,0
8596,0,0,0,0,0,0
8597,0,0,0,0,0,0
8598,0,0,0,0,0,0
8599,0,0,0,0,0,0
8600,0,0,0,0,0,0
8601,0,0,0,0,0,0
8602,0,0,0,0,0,0
8603,0,0,0,0,0,0
8604,0,0,0,0,0,0
8605,0,0,0,0,0,0
8606,0,0,0,0,0,0
8607,0,0,0,0,0,0
8608,0,0,0,0,0,0
8609,0,0,0,0,0,0
8610,0,0,0,0,0,0
8611,0,0,0,0,0,0
8612,0,0,0,0,0,0
8613,0,0,0,0,0,0
8614,0,0,0,0,0,0
8615,0,0,0,0,0,0
8616,0,0,0,0,0,0
8617,0,0,0,0,0,0
8618,0,0,0,0,0,0
8619,0,0,0,0,0,0
8620,0,0,0,0,0,0
8621,0,0,0,0,0,0
8622,0,0,0,0,0,0
8623,0,0,0,0,0,0
8624,0,0,0,0,0,0
8625,0,0,0,0,0,0
8626,0,0,0,0,0,0
8627,0,0,0,0,0,0
8628,0,0,0,0,0,0
8629,0,0,0,0,0,0
8630,0,0,0,0,0,0
8631,0,0,0,0,0,0
8632,0,0,0,0,0,0
8633,0,0,0,0,0,0
8634,0,0,0,0,0,0
8635,0,0,0,0,0,0
8636,0,0,0,0,0,0
8637,0,0,0,0,0,0
8638,0,0,0,0,0,0
8639,0,0,0,0,0,0
8640,0,0,0,0,0,0
8641,0,0,0,0,0,0
8642,0,0,0,0,0,0
8643,0,0,0,0,0,0
8644,0,0,0,0,0,0
8645,0,0,0,0,0,0
8646,0,0,0,0,0,0
8647,0,0,0,0,0,0
8648,0,0,0,0,0,0
8649,0,0,0,0,0,0
8650,0,0,0,0,0,0
8651,0,0,0,0,0,0
8652,0,0,0,0,0,0
8653,0,0,0,0,0,0
8654,0,0,0,0,0,0
8655,0,0,0,0,0,0
8656,0,0,0,0,0,0
8657,0,0,0,0,0,0
8658,0,0,0,0,0,0
8659,0,0,0,0,0,0
8660,0,0,0,0,0,0
8661,0,0,0,0,0,0
8662,0,0,0,0,0,0
8663,0,0,0,0,0,0
8664,0,0,0,0,0,0
8665,0,0,0,0,0,0
8666,0,0,0,0,0,0
8667,0,0,0,0,0,0
8668,0,0,0,0,0,0
8669,0,0,0,0,0,0
8670,0,0,0,0,0,0
8671,0,0,0,0,0,0
8672,0,0,0,0,0,0
8673,0,0,0,0,0,0
8674,0,0,0,0,0,0
8675,0,0,0,0,0,0
8676,0,0,0,0,0,0
8677,0,0,0,0,0,0
8678,0,0,0,0,0,0
8679,0,0,0,0,0,0
8680,0,0,0,0,0,0
8681,0,0,0,0,0,0
8682,0,0,0,0,0,0
8683,0,0,0,0,0,0
8684,0,0,0,0,0,0
8685,0,0,0,0,0,0
8686,0,0,0,0,0,0
8687,0,0,0,0,0,0
8688,0,0,0,0,0,0
8689,0,0,0,0,0,0
8690,0,0,0,0,0,0
8691,0,0,0,0,0,0
8692,0,0,0,0,0,0
8693,0,0,0,0,0,0
8694,0,0,0,0,0,0
8695,0,0,0,0,0,0
8696,0,0,0,0,0,0
8697,0,0,0,0,0,0
8698,0,0,0,0,0,0
8699,0,0,0,0,0,0
8700,0,0,0,0,0,0
8701,0,0,0,0,0,0
8702,0,0,0,0,0,0
8703,0,0,0,0,0,0
8704,0,0,0,0,0,0
8705,0,0,0,0,0,0
8706,0,0,0,0,0,0
8707,0,0,0,0,0,0
8708,0,0,0,0,0,0
8709,0,0,0,0,0,0
8710,0,0,0,0,0,0
8711,0,0,0,0,0,0
8712,0,0,0,0,0,0
8713,0,0,0,0,0,0
8714,0,0,0,0,0,0
8715,0,0,0,0,0,0
8716,0,0,0,0,0,0
8717,0,0,0,0,0,0
8718,0,0,0,0,0,0
8719,0,0,0,0,0,0
8720,0,0,0,0,0,0
8721,0,0,0,0,0,0
8722,0,0,0,0,0,0
8723,0,0,0,0,0,0
8724,0,0,0,0,0,0
8725,0,0,0,0,0,0
8726,0,0,0,0,0,0
8727,0,0,0,0,0,0
8728,0,0,0,0,0,0
8729,0,0,0,0,0,0
8730,0,0,0,0,0,0
8731,0,0,0,0,0,0
8732,0,0,0,0,0,0
8733,0,0,0,0,0,0
8734,0,0,0,0,0,0
8735,0,0,0,0,0,0
8736,0,0,0,0,0,0
8737,0,0,0,0,0,0
8738,0,0,0,0,0,0
8739,0,0,0,0,0,0
8740,0,0,0,0,0,0
8741,0,0,0,0,0,0
8742,0,0,0,0,0,0
8743,0,0,0,0,0,0
8744,0,0,0,0,0,0
8745,0,0,0,0,0,0
8746,0,0,0,0,0,0
8747,0,0,0,0,0,0
8748,0,0,0,0,0,0
8749,0,0,0,0,0,0
8750,0,0,0,0,0,0
8751,0,0,0,0,0,0
8752,0,0,0,0,0,0
8753,0,0,0,0,0,0
8754,0,0,0,0,0,0
8755,0,0,0,0,0,0
8756,0,0,0,0,0,0
8757,0,0,0,0,0,0
8758,0,0,0,0,0,0
8759,0,0,0,0,0,0
8760,0,0,0,0,0,0
8761,0,0,0,0,0,0
8762,0,0,0,0,0,0
8763,0,0,0,0,0,0
8764,0,0,0,0,0,0
8765,0,0,0,0,0,0
8766,0,0,0,0,0,0
8767,0,0,0,0,0,0
8768,0,0,0,0,0,0
8769,0,0,0,0,0,0
8770,0,0,0,0,0,0
8771,0,0,0,0,0,0
8772,0,0,0,0,0,0
8773,0,0,0,0,0,0
8774,0,0,0,0,0,0
8775,0,0,0,0,0,0
8776,0,0,0,0,0,0
8777,0,0,0,0,0,0
8778,0,0,0,0,0,0
8779,0,0,0,0,0,0
8780,0,0,0,0,0,0
8781,0,0,0,0,0,0
8782,0,0,0,0,0,0
8783,0,0,0,0,0,0
8784,0,0,0,0,0,0
8785,0,0,0,0,0,0
8786,0,0,0,0,0,0
8787,0,0,0,0,0,0
8788,0,0,0,0,0,0
8789,0,0,0,0,0,0
8790,0,0,0,0,0,0
8791,0,0,0,0,0,0
8792,0,0,0,0,0,0
8793,0,0,0,0,0,0
8794,0,0,0,0,0,0
8795,0,0,0,0,0,0
8796,0,0,0,0,0,0
8797,0,0,0,0,0,0
8798,0,0,0,0,0,0
8799,0,0,0,0,0,0
8800,0,0,0,0,0,0
8801,0,0,0,0,0,0
8802,0,0,0,0,0,0
8803,0,0,0,0,0,0
8804,0,0,0,0,0,0
8805,0,0,0,0,0,0
8806,0,0,0,0,0,0
8807,0,0,0,0,0,0
8808,0,0,0,0,0,0
8809,0,0,0,0,0,0
8810,0,0,0,0,0,0
8811,0,0,0,0,0,0
8812,0,0,0,0,0,0
8813,0,0,0,0,0,0
8814,0,0,0,0,0,0
8815,0,0,0,0,0,0
8816,0,0,0,0,0,0
8817,0,0,0,0,0,0
8818,0,0,0,0,0,0
8819,0,0,0,0,0,0
8820,0,0,0,0,0,0
8821,0,0,0,0,0,0
8822,0,0,0,0,0,0
8823,0,0,0,0,0,0
8824,0,0,0,0,0,0
8825,0,0,0,0,0,0
8826,0,0,0,0,0,0
8827,0,0,0,0,0,0
8828,0,0,0,0,0,0
8829,0,0,0,0,0,0
8830,0,0,0,0,0,0
8831,0,0,0,0,0,0
8832,0,0,0,0,0,0
8833,0,0,0,0,0,0
8834,0,0,0,0,0,0
8835,0,0,0,0,0,0
8836,0,0,0,0,0,0
8837,0,0,0,0,0,0
8838,0,0,0,0,0,0
8839,0,0,0,0,0,0
8840,0,0,0,0,0,0
8841,0,0,0,0,0,0
8842,0,0,0,0,0,0
8843,0,0,0,0,0,0
8844,0,0,0,0,0,0
8845,0,0,0,0,0,0
8846,0,0,0,0,0,0
8847,0,0,0,0,0,0
8848,0,0,0,0,0,0
8849,0,0,0,0,0,0
8850,0,0,0,0,0,0
8851,0,0,0,0,0,0
8852,0,0,0,0,0,0
8853,0,0,0,0,0,0
8854,0,0,0,0,0,0
8855,0,0,0,0,0,0
8856,0,0,0,0,0,0
8857,0,0,0,0,0,0
8858,0,0,0,0,0,0
8859,0,0,0,0,0,0
8860,0,0,0,0,0,0
8861,0,0,0,0,0,0
8862,0,0,0,0,0,0
8863,0,0,0,0,0,0
8864,0,0,0,0,0,0
8865,0,0,0,0,0,0
8866,0,0,0,0,0,0
8867,0,0,0,0,0,0
8868,0,0,0,0,0,0
8869,0,0,0,0,0,0
8870,0,0,0,0,0,0
8871,0,0,0,0,0,0
8872,0,0,0,0,0,0
8873,0,0,0,0,0,0
8874,0,0,0,0,0,0
8875,0,0,0,0,0,0
8876,0,0,0,0,0,0
8877,0,0,0,0,0,0
8878,0,0,0,0,0,0
8879,0,0,0,0,0,0
8880,0,0,0,0,0,0
8881,0,0,0,0,0,0
8882,0,0,0,0,0,0
8883,0,0,0,0,0,0
8884,0,0,0,0,0,0
8885,0,0,0,0,0,0
8886,0,0,0,0,0,0
8887,0,0,0,0,0,0
8888,0,0,0,0,0,0
8889,0,0,0,0,0,0
8890,0,0,0,0,0,0
8891,0,0,0,0,0,0
8892,0,0,0,0,0,0
8893,0,0,0,0,0,0
8894,0,0,0,0,0,0
8895,0,0,0,0,0,0
8896,0,0,0,0,0,0
8897,0,0,0,0,0,0
8898,0,0,0,0,0,0
8899,0,0,0,0,0,0
8900,0,0,0,0,0,0
8901,0,0,0,0,0,0
8902,0,0,0,0,0,0
8903,0,0,0,0,0,0
8904,0,0,0,0,0,0
8905,0,0,0,0,0,0
8906,0,0,0,0,0,0
8907,0,0,0,0,0,0
8908,0,0,0,0,0,0
8909,0,0,0,0,0,0
8910,0,0,0,0,0,0
8911,0,0,0,0,0,0
8912,0,0,0,0,0,0
8913,0,0,0,0,0,0
8914,0,0,0,0,0,0
8915,0,0,0,0,0,0
8916,0,0,0,0,0,0
8917,0,0,0,0,0,0
8918,0,0,0,0,0,0
8919,0,0,0,0,0,0
8920,0,0,0,0,0,0
8921,0,0,0,0,0,0
8922,0,0,0,0,0,0
8923,0,0,0,0,0,0
8924,0,0,0,0,0,0
8925,0,0,0,0,0,0
8926,0,0,0,0,0,0
8927,0,0,0,0,0,0
8928,0,0,0,0,0,0
8929,0,0,0,0,0,0
8930,0,0,0,0,0,0
8931,0,0,0,0,0,0
8932,0,0,0,0,0,0
8933,0,0,0,0,0,0
8934,0,0,0,0,0,0
8935,0,0,0,0,0,0
8936,0,0,0,0,0,0
8937,0,0,0,0,0,0
8938,0,0,0,0,0,0
8939,0,0,0,0,0,0
8940,0,0,0,0,0,0
8941,0,0,0,0,0,0
8942,0,0,0,0,0,0
8943,0,0,0,0,0,0
8944,0,0,0,0,0,0
8945,0,0,0,0,0,0
8946,0,0,0,0,0,0
8947,0,0,0,0,0,0
8948,0,0,0,0,0,0
8949,0,0,0,0,0,0
8950,0,0,0,0,0,0
8951,0,0,0,0,0,0
8952,0,0,0,0,0,0
8953,0,0,0,0,0,0
8954,0,0,0,0,0,0
8955,0,0,0,0,0,0
8956,0,0,0,0,0,0
8957,0,0,0,0,0,0
8958,0,0,0,0,0,0
8959,0,0,0,0,0,0
8960,0,0,0,0,0,0
8961,0,0,0,0,0,0
8962,0,0,0,0,0,0
8963,0,0,0,0,0,0
8964,0,0,0,0,0,0
8965,0,0,0,0,0,0
8966,0,0,0,0,0,0
8967,0,0,0,0,0,0
8968,0,0,0,0,0,0
8969,0,0,0,0,0,0
8970,0,0,0,0,0,0
8971,0,0,0,0,0,0
8972,0,0,0,0,0,0
8973,0,0,0,0,0,0
8974,0,0,0,0,0,0
8975,0,0,0,0,0,0
8976,0,0,0,0,0,0
8977,0,0,0,0,0,0
8978,0,0,0,0,0,0
8979,0,0,0,0,0,0
8980,0,0,0,0,0,0
8981,0,0,0,0,0,0
8982,0,0,0,0,0,0
8983,0,0,0,0,0,0
8984,0,0,0,0,0,0
8985,0,0,0,0,0,0
8986,0,0,0,0,0,0
8987,0,0,0,0,0,0
8988,0,0,0,0,0,0
8989,0,0,0,0,0,0
8990,0,0,0,0,0,0
8991,0,0,0,0,0,0
8992,0,0,0,0,0,0
8993,0,0,0,0,0,0
8994,0,0,0,0,0,0
8995,0,0,0,0,0,0
8996,0,0,0,0,0,0
8997,0,0,0,0,0,0
8998,0,0,0,0,0,0
8999,0,0,0,0,0,0
9000,0,0,0,0,0,0
9001,0,0,0,0,0,0
9002,0,0,0,0,0,0
9003,0,0,0,0,0,0
9004,0,0,0,0,0,0
9005,0,0,0,0,0,0
9006,0,0,0,0,0,0
9007,0,0,0,0,0,0
9008,0,0,0,0,0,0
9009,0,0,0,0,0,0
9010,0,0,0,0,0,0
9011,0,0,0,0,0,0
9012,0,0,0,0,0,0
9013,0,0,0,0,0,0
9014,0,0,0,0,0,0
9015,0,0,0,0,0,0
9016,0,0,0,0,0,0
9017,0,0,0,0,0,0
9018,0,0,0,0,0,0
9019,0,0,0,0,0,0
9020,0,0,0,0,0,0
9021,0,0,0,0,0,0
9022,0,0,0,0,0,0
9023,0,0,0,0,0,0
9024,0,0,0,0,0,0
9025,0,0,0,0,0,0
9026,0,0,0,0,0,0
9027,0,0,0,0,0,0
9028,0,0,0,0,0,0
9029,0,0,0,0,0,0
9030,0,0,0,0,0,0
9031,0,0,0,0,0,0
9032,0,0,0,0,0,0
9033,0,0,0,0,0,0
9034,0,0,0,0,0,0
9035,0,0,0,0,0,0
9036,0,0,0,0,0,0
9037,0,0,0,0,0,0
9038,0,0,0,0,0,0
9039,0,0,0,0,0,0
9040,0,0,0,0,0,0
9041,0,0,0,0,0,0
9042,0,0,0,0,0,0
9043,0,0,0,0,0,0
9044,0,0,0,0,0,0
9045,0,0,0,0,0,0
9046,0,0,0,0,0,0
9047,0,0,0,0,0,0
9048,0,0,0,0,0,0
9049,0,0,0,0,0,0
9050,0,0,0,0,0,0
9051,0,0,0,0,0,0
9052,0,0,0,0,0,0
9053,0,0,0,0,0,0
9054,0,0,0,0,0,0
9055,0,0,0,0,0,0
9056,0,0,0,0,0,0
9057,0,0,0,0,0,0
9058,0,0,0,0,0,0
9059,0,0,0,0,0,0
9060,0,0,0,0,0,0
9061,0,0,0,0,0,0
9062,0,0,0,0,0,0
9063,0,0,0,0,0,0
9064,0,0,0,0,0,0
9065,0,0,0,0,0,0
9066,0,0,0,0,0,0
9067,0,0,0,0,0,0
9068,0,0,0,0,0,0
9069,0,0,0,0,0,0
9070,0,0,0,0,0,0
9071,0,0,0,0,0,0
9072,0,0,0,0,0,0
9073,0,0,0,0,0,0
9074,0,0,0,0,0,0
9075,0,0,0,0,0,0
9076,0,0,0,0,0,0
9077,0,0,0,0,0,0
9078,0,0,0,0,0,0
9079,0,0,0,0,0,0
9080,0,0,0,0,0,0
9081,0,0,0,0,0,0
9082,0,0,0,0,0,0
9083,0,0,0,0,0,0
9084,0,0,0,0,0,0
9085,0,0,0,0,0,0
9086,0,0,0,0,0,0
9087,0,0,0,0,0,0
9088,0,0,0,0,0,0
9089,0,0,0,0,0,0
9090,0,0,0,0,0,0
9091,0,0,0,0,0,0
9092,0,0,0,0,0,0
9093,0,0,0,0,0,0
9094,0,0,0,0,0,0
9095,0,0,0,0,0,0
9096,0,0,0,0,0,0
9097,0,0,0,0,0,0
9098,0,0,0,0,0,0
9099,0,0,0,0,0,0
9100,0,0,0,0,0,0
9101,0,0,0,0,0,0
9102,0,0,0,0,0,0
9103,0,0,0,0,0,0
9104,0,0,0,0,0,0
9105,0,0,0,0,0,0
9106,0,0,0,0,0,0
9107,0,0,0,0,0,0
9108,0,0,0,0,0,0
9109,0,0,0,0,0,0
9110,0,0,0,0,0,0
9111,0,0,0,0,0,0
9112,0,0,0,0,0,0
9113,0,0,0,0,0,0
9114,0,0,0,0,0,0
9115,0,0,0,0,0,0
9116,0,0,0,0,0,0
9117,0,0,0,0,0,0
9118,0,0,0,0,0,0
9119,0,0,0,0,0,0
9120,0,0,0,0,0,0
9121,0,0,0,0,0,0
9122,0,0,0,0,0,0
9123,0,0,0,0,0,0
9124,0,0,0,0,0,0
9125,0,0,0,0,0,0
9126,0,0,0,0,0,0
9127,0,0,0,0,0,0
9128,0,0,0,0,0,0
9129,0,0,0,0,0,0
9130,0,0,0,0,0,0
9131,0,0,0,0,0,0
9132,0,0,0,0,0,0
9133,0,0,0,0,0,0
9134,0,0,0,0,0,0
9135,0,0,0,0,0,0
9136,0,0,0,0,0,0
9137,0,0,0,0,0,0
9138,0,0,0,0,0,0
9139,0,0,0,0,0,0
9140,0,0,0,0,0,0
9141,0,0,0,0,0,0
9142,0,0,0,0,0,0
9143,0,0,0,0,0,0
9144,0,0,0,0,0,0
9145,0,0,0,0,0,0
9146,0,0,0,0,0,0
9147,0,0,0,0,0,0
9148,0,0,0,0,0,0
9149,0,0,0,0,0,0
9150,0,0,0,0,0,0
9151,0,0,0,0,0,0
9152,0,0,0,0,0,0
9153,0,0,0,0,0,0
9154,0,0,0,0,0,0
9155,0,0,0,0,0,0
9156,0,0,0,0,0,0
9157,0,0,0,0,0,0
9158,0,0,0,0,0,0
9159,0,0,0,0,0,0
9160,0,0,0,0,0,0
9161,0,0,0,0,0,0
9162,0,0,0,0,0,0
9163,0,0,0,0,0,0
9164,0,0,0,0,0,0
9165,0,0,0,0,0,0
9166,0,0,0,0,0,0
9167,0,0,0,0,0,0
9168,0,0,0,0,0,0
9169,0,0,0,0,0,0
9170,0,0,0,0,0,0
9171,0,0,0,0,0,0
9172,0,0,0,0,0,0
9173,0,0,0,0,0,0
9174,0,0,0,0,0,0
9175,0,0,0,0,0,0
9176,0,0,0,0,0,0
9177,0,0,0,0,0,0
9178,0,0,0,0,0,0
9179,0,0,0,0,0,0
9180,0,0,0,0,0,0
9181,0,0,0,0,0,0
9182,0,0,0,0,0,0
9183,0,0,0,0,0,0
9184,0,0,0,0,0,0
9185,0,0,0,0,0,0
9186,0,0,0,0,0,0
9187,0,0,0,0,0,0
9188,0,0,0,0,0,0
9189,0,0,0,0,0,0
9190,0,0,0,0,0,0
9191,0,0,0,0,0,0
9192,0,0,0,0,0,0
9193,0,0,0,0,0,0
9194,0,0,0,0,0,0
9195,0,0,0,0,0,0
9196,0,0,0,0,0,0
9197,0,0,0,0,0,0
9198,0,0,0,0,0,0
9199,0,0,0,0,0,0
9200,0,0,0,0,0,0
9201,0,0,0,0,0,0
9202,0,0,0,0,0,0
9203,0,0,0,0,0,0
9204,0,0,0,0,0,0
9205,0,0,0,0,0,0
9206,0,0,0,0,0,0
9207,0,0,0,0,0,0
9208,0,0,0,0,0,0
9209,0,0,0,0,0,0
9210,0,0,0,0,0,0
9211,0,0,0,0,0,0
9212,0,0,0,0,0,0
9213,0,0,0,0,0,0
9214,0,0,0,0,0,0
9215,0,0,0,0,0,0
9216,0,0,0,0,0,0
9217,0,0,0,0,0,0
9218,0,0,0,0,0,0
9219,0,0,0,0,0,0
9220,0,0,0,0,0,0
9221,0,0,0,0,0,0
9222,0,0,0,0,0,0
9223,0,0,0,0,0,0
9224,0,0,0,0,0,0
9225,0,0,0,0,0,0
9226,0,0,0,0,0,0
9227,0,0,0,0,0,0
9228,0,0,0,0,0,0
9229,0,0,0,0,0,0
9230,0,0,0,0,0,0
9231,0,0,0,0,0,0
9232,0,0,0,0,0,0
9233,0,0,0,0,0,0
9234,0,0,0,0,0,0
9235,0,0,0,0,0,0
9236,0,0,0,0,0,0
9237,0,0,0,0,0,0
9238,0,0,0,0,0,0
9239,0,0,0,0,0,0
9240,0,0,0,0,0,0
9241,0,0,0,0,0,0
9242,0,0,0,0,0,0
9243,0,0,0,0,0,0
9244,0,0,0,0,0,0
9245,0,0,0,0,0,0
9246,0,0,0,0,0,0
9247,0,0,0,0,0,0
9248,0,0,0,0,0,0
9249,0,0,0,0,0,0
9250,0,0,0,0,0,0
9251,0,0,0,0,0,0
9252,0,0,0,0,0,0
9253,0,0,0,0,0,0
9254,0,0,0,0,0,0
9255,0,0,0,0,0,0
9256,0,0,0,0,0,0
9257,0,0,0,0,0,0
9258,0,0,0,0,0,0
9259,0,0,0,0,0,0
9260,0,0,0,0,0,0
9261,0,0,0,0,0,0
9262,0,0,0,0,0,0
9263,0,0,0,0,0,0
9264,0,0,0,0,0,0
9265,0,0,0,0,0,0
9266,0,0,0,0,0,0
9267,0,0,0,0,0,0
9268,0,0,0,0,0,0
9269,0,0,0,0,0,0
9270,0,0,0,0,0,0
9271,0,0,0,0,0,0
9272,0,0,0,0,0,0
9273,0,0,0,0,0,0
9274,0,0,0,0,0,0
9275,0,0,0,0,0,0
9276,0,0,0,0,0,0
9277,0,0,0,0,0,0
9278,0,0,0,0,0,0
9279,0,0,0,0,0,0
9280,0,0,0,0,0,0
9281,0,0,0,0,0,0
9282,0,0,0,0,0,0
9283,0,0,0,0,0,0
9284,0,0,0,0,0,0
9285,0,0,0,0,0,0
9286,0,0,0,0,0,0
9287,0,0,0,0,0,0
9288,0,0,0,0,0,0
9289,0,0,0,0,0,0
9290,0,0,0,0,0,0
9291,0,0,0,0,0,0
9292,0,0,0,0,0,0
9293,0,0,0,0,0,0
9294,0,0,0,0,0,0
9295,0,0,0,0,0,0
9296,0,0,0,0,0,0
9297,0,0,0,0,0,0
9298,0,0,0,0,0,0
9299,0,0,0,0,0,0
9300,0,0,0,0,0,0
9301,0,0,0,0,0,0
9302,0,0,0,0,0,0
9303,0,0,0,0,0,0
9304,0,0,0,0,0,0
9305,0,0,0,0,0,0
9306,0,0,0,0,0,0
9307,0,0,0,0,0,0
9308,0,0,0,0,0,0
9309,0,0,0,0,0,0
9310,0,0,0,0,0,0
9311,0,0,0,0,0,0
9312,0,0,0,0,0,0
9313,0,0,0,0,0,0
9314,0,0,0,0,0,0
9315,0,0,0,0,0,0
9316,0,0,0,0,0,0
9317,0,0,0,0,0,0
9318,0,0,0,0,0,0
9319,0,0,0,0,0,0
9320,0,0,0,0,0,0
9321,0,0,0,0,0,0
9322,0,0,0,0,0,0
9323,0,0,0,0,0,0
9324,0,0,0,0,0,0
9325,0,0,0,0,0,0
9326,0,0,0,0,0,0
9327,0,0,0,0,0,0
9328,0,0,0,0,0,0
9329,0,0,0,0,0,0
9330,0,0,0,0,0,0
9331,0,0,0,0,0,0
9332,0,0,0,0,0,0
9333,0,0,0,0,0,0
9334,0,0,0,0,0,0
9335,0,0,0,0,0,0
9336,0,0,0,0,0,0
9337,0,0,0,0,0,0
9338,0,0,0,0,0,0
9339,0,0,0,0,0,0
9340,0,0,0,0,0,0
9341,0,0,0,0,0,0
9342,0,0,0,0,0,0
9343,0,0,0,0,0,0
9344,0,0,0,0,0,0
9345,0,0,0,0,0,0
9346,0,0,0,0,0,0
9347,0,0,0,0,0,0
9348,0,0,0,0,0,0
9349,0,0,0,0,0,0
9350,0,0,0,0,0,0
9351,0,0,0,0,0,0
9352,0,0,0,0,0,0
9353,0,0,0,0,0,0
9354,0,0,0,0,0,0
9355,0,0,0,0,0,0
9356,0,0,0,0,0,0
9357,0,0,0,0,0,0
9358,0,0,0,0,0,0
9359,0,0,0,0,0,0
9360,0,0,0,0,0,0
9361,0,0,0,0,0,0
9362,0,0,0,0,0,0
9363,0,0,0,0,0,0
9364,0,0,0,0,0,0
9365,0,0,0,0,0,0
9366,0,0,0,0,0,0
9367,0,0,0,0,0,0
9368,0,0,0,0,0,0
9369,0,0,0,0,0,0
9370,0,0,0,0,0,0
9371,0,0,0,0,0,0
9372,0,0,0,0,0,0
9373,0,0,0,0,0,0
9374,0,0,0,0,0,0
9375,0,0,0,0,0,0
9376,0,0,0,0,0,0
9377,0,0,0,0,0,0
9378,0,0,0,0,0,0
9379,0,0,0,0,0,0
9380,0,0,0,0,0,0
9381,0,0,0,0,0,0
9382,0,0,0,0,0,0
9383,0,0,0,0,0,0
9384,0,0,0,0,0,0
9385,0,0,0,0,0,0
9386,0,0,0,0,0,0
9387,0,0,0,0,0,0
9388,0,0,0,0,0,0
9389,0,0,0,0,0,0
9390,0,0,0,0,0,0
9391,0,0,0,0,0,0
9392,0,0,0,0,0,0
9393,0,0,0,0,0,0
9394,0,0,0,0,0,0
9395,0,0,0,0,0,0
9396,0,0,0,0,0,0
9397,0,0,0,0,0,0
9398,0,0,0,0,0,0
9399,0,0,0,0,0,0
9400,0,0,0,0,0,0
9401,0,0,0,0,0,0
9402,0,0,0,0,0,0
9403,0,0,0,0,0,0
9404,0,0,0,0,0,0
9405,0,0,0,0,0,0
9406,0,0,0,0,0,0
9407,0,0,0,0,0,0
9408,0,0,0,0,0,0
9409,0,0,0,0,0,0
9410,0,0,0,0,0,0
9411,0,0,0,0,0,0
9412,0,0,0,0,0,0
9413,0,0,0,0,0,0
9414,0,0,0,0,0,0
9415,0,0,0,0,0,0
9416,0,0,0,0,0,0
9417,0,0,0,0,0,0
9418,0,0,0,0,0,0
9419,0,0,0,0,0,0
9420,0,0,0,0,0,0
9421,0,0,0,0,0,0
9422,0,0,0,0,0,0
9423,0,0,0,0,0,0
9424,0,0,0,0,0,0
9425,0,0,0,0,0,0
9426,0,0,0,0,0,0
9427,0,0,0,0,0,0
9428,0,0,0,0,0,0
9429,0,0,0,0,0,0
9430,0,0,0,0,0,0
9431,0,0,0,0,0,0
9432,0,0,0,0,0,0
9433,0,0,0,0,0,0
9434,0,0,0,0,0,0
9435,0,0,0,0,0,0
9436,0,0,0,0,0,0
9437,0,0,0,0,0,0
9438,0,0,0,0,0,0
9439,0,0,0,0,0,0
9440,0,0,0,0,0,0
9441,0,0,0,0,0,0
9442,0,0,0,0,0,0
9443,0,0,0,0,0,0
9444,0,0,0,0,0,0
9445,0,0,0,0,0,0
9446,0,0,0,0,0,0
9447,0,0,0,0,0,0
9448,0,0,0,0,0,0
9449,0,0,0,0,0,0
9450,0,0,0,0,0,0
9451,0,0,0,0,0,0
9452,0,0,0,0,0,0
9453,0,0,0,0,0,0
9454,0,0,0,0,0,0
9455,0,0,0,0,0,0
9456,0,0,0,0,0,0
9457,0,0,0,0,0,0
9458,0,0,0,0,0,0
9459,0,0,0,0,0,0
9460,0,0,0,0,0,0
9461,0,0,0,0,0,0
9462,0,0,0,0,0,0
9463,0,0,0,0,0,0
9464,0,0,0,0,0,0
9465,0,0,0,0,0,0
9466,0,0,0,0,0,0
9467,0,0,0,0,0,0
9468,0,0,0,0,0,0
9469,0,0,0,0,0,0
9470,0,0,0,0,0,0
9471,0,0,0,0,0,0
9472,0,0,0,0,0,0
9473,0,0,0,0,0,0
9474,0,0,0,0,0,0
9475,0,0,0,0,0,0
9476,0,0,0,0,0,0
9477,0,0,0,0,0,0
9478,0,0,0,0,0,0
9479,0,0,0,0,0,0
9480,0,0,0,0,0,0
9481,0,0,0,0,0,0
9482,0,0,0,0,0,0
9483,0,0,0,0,0,0
9484,0,0,0,0,0,0
9485,0,0,0,0,0,0
9486,0,0,0,0,0,0
9487,0,0,0,0,0,0
9488,0,0,0,0,0,0
9489,0,0,0,0,0,0
9490,0,0,0,0,0,0
9491,0,0,0,0,0,0
9492,0,0,0,0,0,0
9493,0,0,0,0,0,0
9494,0,0,0,0,0,0
9495,0,0,0,0,0,0
9496,0,0,0,0,0,0
9497,0,0,0,0,0,0
9498,0,0,0,0,0,0
9499,0,0,0,0,0,0
9500,0,0,0,0,0,0
9501,0,0,0,0,0,0
9502,0,0,0,0,0,0
9503,0,0,0,0,0,0
9504,0,0,0,0,0,0
9505,0,0,0,0,0,0
9506,0,0,0,0,0,0
9507,0,0,0,0,0,0
9508,0,0,0,0,0,0
9509,0,0,0,0,0,0
9510,0,0,0,0,0,0
9511,0,0,0,0,0,0
9512,0,0,0,0,0,0
9513,0,0,0,0,0,0
9514,0,0,0,0,0,0
9515,0,0,0,0,0,0
9516,0,0,0,0,0,0
9517,0,0,0,0,0,0
9518,0,0,0,0,0,0
9519,0,0,0,0,0,0
9520,0,0,0,0,0,0
9521,0,0,0,0,0,0
9522,0,0,0,0,0,0
9523,0,0,0,0,0,0
9524,0,0,0,0,0,0
9525,0,0,0,0,0,0
9526,0,0,0,0,0,0
9527,0,0,0,0,0,0
9528,0,0,0,0,0,0
9529,0,0,0,0,0,0
9530,0,0,0,0,0,0
9531,0,0,0,0,0,0
9532,0,0,0,0,0,0
9533,0,0,0,0,0,0
9534,0,0,0,0,0,0
9535,0,0,0,0,0,0
9536,0,0,0,0,0,0
9537,0,0,0,0,0,0
9538,0,0,0,0,0,0
9539,0,0,0,0,0,0
9540,0,0,0,0,0,0
9541,0,0,0,0,0,0
9542,0,0,0,0,0,0
9543,0,0,0,0,0,0
9544,0,0,0,0,0,0
9545,0,0,0,0,0,0
9546,0,0,0,0,0,0
9547,0,0,0,0,0,0
9548,0,0,0,0,0,0
9549,0,0,0,0,0,0
9550,0,0,0,0,0,0
9551,0,0,0,0,0,0
9552,0,0,0,0,0,0
9553,0,0,0,0,0,0
9554,0,0,0,0,0,0
9555,0,0,0,0,0,0
9556,0,0,0,0,0,0
9557,0,0,0,0,0,0
9558,0,0,0,0,0,0
9559,0,0,0,0,0,0
9560,0,0,0,0,0,0
9561,0,0,0,0,0,0
9562,0,0,0,0,0,0
9563,0,0,0,0,0,0
9564,0,0,0,0,0,0
9565,0,0,0,0,0,0
9566,0,0,0,0,0,0
9567,0,0,0,0,0,0
9568,0,0,0,0,0,0
9569,0,0,0,0,0,0
9570,0,0,0,0,0,0
9571,0,0,0,0,0,0
9572,0,0,0,0,0,0
9573,0,0,0,0,0,0
9574,0,0,0,0,0,0
9575,0,0,0,0,0,0
9576,0,0,0,0,0,0
9577,0,0,0,0,0,0
9578,0,0,0,0,0,0
9579,0,0,0,0,0,0
9580,0,0,0,0,0,0
9581,0,0,0,0,0,0
9582,0,0,0,0,0,0
9583,0,0,0,0,0,0
9584,0,0,0,0,0,0
9585,0,0,0,0,0,0
9586,0,0,0,0,0,0
9587,0,0,0,0,0,0
9588,0,0,0,0,0,0
9589,0,0,0,0,0,0
9590,0,0,0,0,0,0
9591,0,0,0,0,0,0
9592,0,0,0,0,0,0
9593,0,0,0,0,0,0
9594,0,0,0,0,0,0
9595,0,0,0,0,0,0
9596,0,0,0,0,0,0
9597,0,0,0,0,0,0
9598,0,0,0,0,0,0
9599,0,0,0,0,0,0
9600,0,0,0,0,0,0
9601,0,0,0,0,0,0
9602,0,0,0,0,0,0
9603,0,0,0,0,0,0
9604,0,0,0,0,0,0
9605,0,0,0,0,0,0
9606,0,0,0,0,0,0
9607,0,0,0,0,0,0
9608,0,0,0,0,0,0
9609,0,0,0,0,0,0
9610,0,0,0,0,0,0
9611,0,0,0,0,0,0
9612,0,0,0,0,0,0
9613,0,0,0,0,0,0
9614,0,0,0,0,0,0
9615,0,0,0,0,0,0
9616,0,0,0,0,0,0
9617,0,0,0,0,0,0
9618,0,0,0,0,0,0
9619,0,0,0,0,0,0
9620,0,0,0,0,0,0
9621,0,0,0,0,0,0
9622,0,0,0,0,0,0
9623,0,0,0,0,0,0
9624,0,0,0,0,0,0
9625,0,0,0,0,0,0
9626,0,0,0,0,0,0
9627,0,0,0,0,0,0
9628,0,0,0,0,0,0
9629,0,0,0,0,0,0
9630,0,0,0,0,0,0
9631,0,0,0,0,0,0
9632,0,0,0,0,0,0
9633,0,0,0,0,0,0
9634,0,0,0,0,0,0
9635,0,0,0,0,0,0
9636,0,0,0,0,0,0
9637,0,0,0,0,0,0
9638,0,0,0,0,0,0
9639,0,0,0,0,0,0
9640,0,0,0,0,0,0
9641,0,0,0,0,0,0
9642,0,0,0,0,0,0
9643,0,0,0,0,0,0
9644,0,0,0,0,0,0
9645,0,0,0,0,0,0
9646,0,0,0,0,0,0
9647,0,0,0,0,0,0
9648,0,0,0,0,0,0
9649,0,0,0,0,0,0
9650,0,0,0,0,0,0
9651,0,0,0,0,0,0
9652,0,0,0,0,0,0
9653,0,0,0,0,0,0
9654,0,0,0,0,0,0
9655,0,0,0,0,0,0
9656,0,0,0,0,0,0
9657,0,0,0,0,0,0
9658,0,0,0,0,0,0
9659,0,0,0,0,0,0
9660,0,0,0,0,0,0
9661,0,0,0,0,0,0
9662,0,0,0,0,0,0
9663,0,0,0,0,0,0
9664,0,0,0,0,0,0
9665,0,0,0,0,0,0
9666,0,0,0,0,0,0
9667,0,0,0,0,0,0
9668,0,0,0,0,0,0
9669,0,0,0,0,0,0
9670,0,0,0,0,0,0
9671,0,0,0,0,0,0
9672,0,0,0,0,0,0
9673,0,0,0,0,0,0
9674,0,0,0,0,0,0
9675,0,0,0,0,0,0
9676,0,0,0,0,0,0
9677,0,0,0,0,0,0
9678,0,0,0,0,0,0
9679,0,0,0,0,0,0
9680,0,0,0,0,0,0
9681,0,0,0,0,0,0
9682,0,0,0,0,0,0
9683,0,0,0,0,0,0
9684,0,0,0,0,0,0
9685,0,0,0,0,0,0
9686,0,0,0,0,0,0
9687,0,0,0,0,0,0
9688,0,0,0,0,0,0
9689,0,0,0,0,0,0
9690,0,0,0,0,0,0
9691,0,0,0,0,0,0
9692,0,0,0,0,0,0
9693,0,0,0,0,0,0
9694,0,0,0,0,0,0
9695,0,0,0,0,0,0
9696,0,0,0,0,0,0
9697,0,0,0,0,0,0
9698,0,0,0,0,0,0
9699,0,0,0,0,0,0
9700,0,0,0,0,0,0
9701,0,0,0,0,0,0
9702,0,0,0,0,0,0
9703,0,0,0,0,0,0
9704,0,0,0,0,0,0
9705,0,0,0,0,0,0
9706,0,0,0,0,0,0
9707,0,0,0,0,0,0
9708,0,0,0,0,0,0
9709,0,0,0,0,0,0
9710,0,0,0,0,0,0
9711,0,0,0,0,0,0
9712,0,0,0,0,0,0
9713,0,0,0,0,0,0
9714,0,0,0,0,0,0
9715,0,0,0,0,0,0
9716,0,0,0,0,0,0
9717,0,0,0,0,0,0
9718,0,0,0,0,0,0
9719,0,0,0,0,0,0
9720,0,0,0,0,0,0
9721,0,0,0,0,0,0
9722,0,0,0,0,0,0
9723,0,0,0,0,0,0
9724,0,0,0,0,0,0
9725,0,0,0,0,0,0
9726,0,0,0,0,0,0
9727,0,0,0,0,0,0
9728,0,0,0,0,0,0
9729,0,0,0,0,0,0
9730,0,0,0,0,0,0
9731,0,0,0,0,0,0
9732,0,0,0,0,0,0
9733,0,0,0,0,0,0
9734,0,0,0,0,0,0
9735,0,0,0,0,0,0
9736,0,0,0,0,0,0
9737,0,0,0,0,0,0
9738,0,0,0,0,0,0
9739,0,0,0,0,0,0
9740,0,0,0,0,0,0
9741,0,0,0,0,0,0
9742,0,0,0,0,0,0
9743,0,0,0,0,0,0
9744,0,0,0,0,0,0
9745,0,0,0,0,0,0
9746,0,0,0,0,0,0
9747,0,0,0,0,0,0
9748,0,0,0,0,0,0
9749,0,0,0,0,0,0
9750,0,0,0,0,0,0
9751,0,0,0,0,0,0
9752,0,0,0,0,0,0
9753,0,0,0,0,0,0
9754,0,0,0,0,0,0
9755,0,0,0,0,0,0
9756,0,0,0,0,0,0
9757,0,0,0,0,0,0
9758,0,0,0,0,0,0
9759,0,0,0,0,0,0
9760,0,0,0,0,0,0
9761,0,0,0,0,0,0
9762,0,0,0,0,0,0
9763,0,0,0,0,0,0
9764,0,0,0,0,0,0
9765,0,0,0,0,0,0
9766,0,0,0,0,0,0
9767,0,0,0,0,0,0
9768,0,0,0,0,0,0
9769,0,0,0,0,0,0
9770,0,0,0,0,0,0
9771,0,0,0,0,0,0
9772,0,0,0,0,0,0
9773,0,0,0,0,0,0
9774,0,0,0,0,0,0
9775,0,0,0,0,0,0
9776,0,0,0,0,0,0
9777,0,0,0,0,0,0
9778,0,0,0,0,0,0
9779,0,0,0,0,0,0
9780,0,0,0,0,0,0
9781,0,0,0,0,0,0
9782,0,0,0,0,0,0
9783,0,0,0,0,0,0
9784,0,0,0,0,0,0
9785,0,0,0,0,0,0
9786,0,0,0,0,0,0
9787,0,0,0,0,0,0
9788,0,0,0,0,0,0
9789,0,0,0,0,0,0
9790,0,0,0,0,0,0
9791,0,0,0,0,0,0
9792,0,0,0,0,0,0
9793,0,0,0,0,0,0
9794,0,0,0,0,0,0
9795,0,0,0,0,0,0
9796,0,0,0,0,0,0
9797,0,0,0,0,0,0
9798,0,0,0,0,0,0
9799,0,0,0,0,0,0
9800,0,0,0,0,0,0
9801,0,0,0,0,0,0
9802,0,0,0,0,0,0
9803,0,0,0,0,0,0
9804,0,0,0,0,0,0
9805,0,0,0,0,0,0
9806,0,0,0,0,0,0
9807,0,0,0,0,0,0
9808,0,0,0,0,0,0
9809,0,0,0,0,0,0
9810,0,0,0,0,0,0
9811,0,0,0,0,0,0
9812,0,0,0,0,0,0
9813,0,0,0,0,0,0
9814,0,0,0,0,0,0
9815,0,0,0,0,0,0
9816,0,0,0,0,0,0
9817,0,0,0,0,0,0
9818,0,0,0,0,0,0
9819,0,0,0,0,0,0
9820,0,0,0,0,0,0
9821,0,0,0,0,0,0
9822,0,0,0,0,0,0
9823,0,0,0,0,0,0
9824,0,0,0,0,0,0
9825,0,0,0,0,0,0
9826,0,0,0,0,0,0
9827,0,0,0,0,0,0
9828,0,0,0,0,0,0
9829,0,0,0,0,0,0
9830,0,0,0,0,0,0
9831,0,0,0,0,0,0
9832,0,0,0,0,0,0
9833,0,0,0,0,0,0
9834,0,0,0,0,0,0
9835,0,0,0,0,0,0
9836,0,0,0,0,0,0
9837,0,0,0,0,0,0
9838,0,0,0,0,0,0
9839,0,0,0,0,0,0
9840,0,0,0,0,0,0
9841,0,0,0,0,0,0
9842,0,0,0,0,0,0
9843,0,0,0,0,0,0
9844,0,0,0,0,0,0
9845,0,0,0,0,0,0
9846,0,0,0,0,0,0
9847,0,0,0,0,0,0
9848,0,0,0,0,0,0
9849,0,0,0,0,0,0
9850,0,0,0,0,0,0
9851,0,0,0,0,0,0
9852,0,0,0,0,0,0
9853,0,0,0,0,0,0
9854,0,0,0,0,0,0
9855,0,0,0,0,0,0
9856,0,0,0,0,0,0
9857,0,0,0,0,0,0
9858,0,0,0,0,0,0
9859,0,0,0,0,0,0
9860,0,0,0,0,0,0
9861,0,0,0,0,0,0
9862,0,0,0,0,0,0
9863,0,0,0,0,0,0
9864,0,0,0,0,0,0
9865,0,0,0,0,0,0
9866,0,0,0,0,0,0
9867,0,0,0,0,0,0
9868,0,0,0,0,0,0
9869,0,0,0,0,0,0
9870,0,0,0,0,0,0
9871,0,0,0,0,0,0
9872,0,0,0,0,0,0
9873,0,0,0,0,0,0
9874,0,0,0,0,0,0
9875,0,0,0,0,0,0
9876,0,0,0,0,0,0
9877,0,0,0,0,0,0
9878,0,0,0,0,0,0
9879,0,0,0,0,0,0
9880,0,0,0,0,0,0
