CombID,Idx1,Idx2,Idx3,TripleProduct,MeanDis_km,Converged
1,8,9,10,8.33078584509635e-06,0,0
2,8,9,11,0.000230685098692215,41.3111512661812,1
3,8,9,12,0.00023101815698704,41.3111512660996,1
4,8,9,13,0.000231507550427956,41.3111512664111,1
5,8,9,14,0.000231955147755191,0,0
6,8,9,15,0.000318181300916185,41.3111512664111,1
7,8,9,16,0.000317787239992977,41.3111512664111,1
8,8,9,17,0.000317518653549521,41.3111512664111,1
9,8,9,18,0.000317158392957952,41.3111512660646,1
10,8,9,19,0.00488971162435957,41.311151266017,1
11,8,9,20,0.0049205133488188,0,0
12,8,9,21,0.0049490774953484,0,0
13,8,9,22,0.00497493879996935,0,0
14,8,9,23,0.00512353942631439,0,0
15,8,9,24,0.00511888557859445,0,0
16,8,9,25,0.00511232555541803,0,0
17,8,9,26,0.00510276457277685,0,0
18,8,9,27,0.00767690013130259,0,0
19,8,9,28,0.00768233961198795,0,0
20,8,9,29,0.00768748064573297,0,0
21,8,9,30,0.00769241768195984,0,0
22,8,9,31,0.00769706577926473,0,0
23,8,9,32,0.00770144861814161,0,0
24,8,9,33,0.00770585535092069,0,0
25,8,9,34,0.00705015480189886,0,0
26,8,9,35,0.0070409210651996,0,0
27,8,9,36,0.00703082476797285,0,0
28,8,9,37,0.00702067260513625,0,0
29,8,9,38,0.0070105245631915,0,0
30,8,9,39,0.00700034037502755,0,0
31,8,9,40,0.0069911297414697,0,0
32,8,10,11,0.000237881242784135,41.3111512658302,1
33,8,10,12,0.00023821737578305,41.3111512663371,1
34,8,10,13,0.000238719659715113,41.311151266498,1
35,8,10,14,0.000239177903496229,41.3111512661061,1
36,8,10,15,0.000318688118775396,41.3111512661061,1
37,8,10,16,0.000318253008271035,41.3111512661061,1
38,8,10,17,0.000317952325627551,41.3111512661061,1
39,8,10,18,0.000317554184738158,41.3111512661061,1
40,8,10,19,0.00519122169686755,41.311151265876,1
41,8,10,20,0.00522424508302013,41.3111512650729,1
42,8,10,21,0.00525491243432476,41.3111512664417,1
43,8,10,22,0.00528273027952517,41.3111512660858,1
44,8,10,23,0.00544775643550236,0,0
45,8,10,24,0.00544354633840484,0,0
46,8,10,25,0.0054373010486899,0,0
47,8,10,26,0.00542797319066509,0,0
48,8,10,27,0.00828611692135983,676.54434361097,1
49,8,10,28,0.00829222817103753,676.544343613498,1
50,8,10,29,0.00829802771028278,676.544343611403,1
51,8,10,30,0.00830361194750661,676.544343601924,1
52,8,10,31,0.00830889240140561,676.544343608105,1
53,8,10,32,0.00831390365647162,676.544343606077,1
54,8,10,33,0.00831897510617102,676.544343608079,1
55,8,10,34,0.00761579227961386,41.3111512660972,1
56,8,10,35,0.00760596265322094,41.3111512661629,1
57,8,10,36,0.00759521456393295,41.3111512662573,1
58,8,10,37,0.00758440850968314,41.3111512662928,1
59,8,10,38,0.0075736066933539,41.311151266174,1
60,8,10,39,0.00756276604820154,41.311151266128,1
61,8,10,40,0.00755296210554181,41.3111512662957,1
62,8,11,12,2.02555568653824e-07,0,0
63,8,11,13,2.68347860789647e-07,0,0
64,8,11,14,3.60175524108948e-07,0,0
65,8,11,15,0.000260811308954174,41.3111512663607,1
66,8,11,16,0.000261607609281461,41.3111512663397,1
67,8,11,17,0.000262264369450871,41.3111512663546,1
68,8,11,18,0.000263002106949927,41.3111512663339,1
69,8,11,19,0.00412527846176732,41.3111512661078,1
70,8,11,20,0.00416019120648452,41.3111512660892,1
71,8,11,21,0.00419375662180161,41.311151266018,1
72,8,11,22,0.00422559552477428,41.3111512660855,1
73,8,11,23,0.00455206813558307,41.3111512663399,1
74,8,11,24,0.00456837589062905,41.311151266386,1
75,8,11,25,0.00458275763010445,41.3111512660976,1
76,8,11,26,0.00459747179827035,41.3111512658716,1
77,8,11,27,0.010238308534288,41.3111512664161,1
78,8,11,28,0.0102522116415882,41.3111512662802,1
79,8,11,29,0.0102660052726861,41.3111512664375,1
80,8,11,30,0.0102796620877685,41.3111512664166,1
81,8,11,31,0.0102931574371214,41.3111512662421,1
82,8,11,32,0.0103067728045821,41.3111512663365,1
83,8,11,33,0.0103213727242746,41.3111512661074,1
84,8,11,34,0.00957295134322057,41.3111512664966,1
85,8,11,35,0.00956442686854082,41.3111512667076,1
86,8,11,36,0.00955509950041746,41.3111512665904,1
87,8,11,37,0.00954576225660622,41.3111512666468,1
88,8,11,38,0.00953642469376698,41.3111512664692,1
89,8,11,39,0.0095270440709639,41.3111512666094,1
90,8,11,40,0.00951857109809268,41.3111512666268,1
91,8,12,13,6.54575644115494e-08,0,0
92,8,12,14,1.57024788861804e-07,0,0
93,8,12,15,0.000260908480273934,41.3111512661842,1
94,8,12,16,0.000261706276292384,41.3111512661686,1
95,8,12,17,0.000262364220513576,41.3111512659519,1
96,8,12,18,0.000263103339473265,41.3111512663459,1
97,8,12,19,0.0041355279167264,41.3111512661285,1
98,8,12,20,0.00417051811352065,41.3111512660889,1
99,8,12,21,0.0042041570709392,41.3111512659581,1
100,8,12,22,0.00423606465005127,41.3111512661784,1
101,8,12,23,0.00456313909555256,41.3111512659294,1
102,8,12,24,0.00457946630903059,41.3111512662058,1
103,8,12,25,0.00459386305245909,41.3111512660906,1
104,8,12,26,0.00460859006950642,41.3111512661937,1
105,8,12,27,0.0102598311748142,41.311151265065,1
106,8,12,28,0.0102737591313238,41.3111512648693,1
107,8,12,29,0.010287577191517,41.3111512650034,1
108,8,12,30,0.0103012580590404,41.3111512647764,1
109,8,12,31,0.0103147769740075,41.3111512649119,1
110,8,12,32,0.010328415847449,41.3111512650334,1
111,8,12,33,0.0103430407155783,41.3111512647673,1
112,8,12,34,0.00959296303444805,41.3111512662572,1
113,8,12,35,0.00958441814452771,41.3111512662173,1
114,8,12,36,0.0095750684445824,41.3111512663113,1
115,8,12,37,0.0095657088056375,41.3111512662511,1
116,8,12,38,0.00955634885082238,41.3111512663772,1
117,8,12,39,0.00954694574213578,41.3111512662422,1
118,8,12,40,0.00953845244866718,41.3111512663644,1
119,8,13,14,9.16343783414082e-08,41.3111512663644,1
120,8,13,15,0.000261371039266353,41.3111512669746,1
121,8,13,16,0.000262170637006417,41.3111512661228,1
122,8,13,17,0.000262830051131988,41.3111512658472,1
123,8,13,18,0.000263570837933534,41.3111512661623,1
124,8,13,19,0.00414567417051592,41.3111512661551,1
125,8,13,20,0.00418074721871423,41.3111512660836,1
126,8,13,21,0.00421446553104072,41.3111512663066,1
127,8,13,22,0.00424644803144112,41.31115126614,1
128,8,13,23,0.00457425746299547,41.3111512663064,1
129,8,13,24,0.00459061794572708,41.3111512659531,1
130,8,13,25,0.00460504332876015,41.3111512658873,1
131,8,13,26,0.00461979883476695,41.3111512662709,1
132,8,13,27,0.0102837410065726,41.3111512662226,1
133,8,13,28,0.0102977000095843,41.3111512661756,1
134,8,13,29,0.0103115487989101,41.3111512660962,1
135,8,13,30,0.010325260047133,41.3111512660177,1
136,8,13,31,0.010338808917847,41.3111512661192,1
137,8,13,32,0.0103524779259985,41.3111512661168,1
138,8,13,33,0.0103671350243586,41.3111512661731,1
139,8,13,34,0.00961528257511669,41.3111512663672,1
140,8,13,35,0.00960671696721013,41.3111512662227,1
141,8,13,36,0.0095973445999519,41.3111512663615,1
142,8,13,37,0.00958796225680994,41.3111512662388,1
143,8,13,38,0.00957857959829622,41.3111512662615,1
144,8,13,39,0.00956915368425123,41.311151266201,1
145,8,13,40,0.00956063978864547,41.3111512663022,1
146,8,14,15,0.000261750433513844,41.3111512660348,1
147,8,14,16,0.000262551733173946,41.3111512661514,1
148,8,14,17,0.000263212528523375,41.3111512659704,1
149,8,14,18,0.000263954890161022,41.3111512660159,1
150,8,14,19,0.00415562485402072,41.311151266331,1
151,8,14,20,0.00419077790435922,41.3111512660418,1
152,8,14,21,0.00422457271390688,41.3111512663652,1
153,8,14,22,0.00425662728567703,41.3111512661305,1
154,8,14,23,0.00458512932337372,41.3111512663874,1
155,8,14,24,0.00460151959544,41.3111512659458,1
156,8,14,25,0.00461597027198611,41.3111512662057,1
157,8,14,26,0.00463075052193901,41.311151266256,1
158,8,14,27,0.0103066622588161,41.3111512661405,1
159,8,14,28,0.0103206504032354,41.3111512661178,1
160,8,14,29,0.0103345280027512,41.3111512661598,1
161,8,14,30,0.0103482677144963,41.3111512661427,1
162,8,14,31,0.0103618446204247,41.3111512662189,1
163,8,14,32,0.0103755417910712,41.3111512664117,1
164,8,14,33,0.0103902289717603,41.3111512661743,1
165,8,14,34,0.00963666335222123,41.3111512663166,1
166,8,14,35,0.00962807752868491,41.3111512663495,1
167,8,14,36,0.00961868304459099,41.3111512662467,1
168,8,14,37,0.00960927854321344,41.3111512662369,1
169,8,14,38,0.0095998737274855,41.3111512662281,1
170,8,14,39,0.00959042555828868,41.3111512662859,1
171,8,14,40,0.00958189155617845,41.3111512661417,1
172,8,15,16,1.54385099542591e-06,0,0
173,8,15,17,2.75337509802211e-06,41.3111512662267,1
174,8,15,18,4.17823658885859e-06,41.3111512659953,1
175,8,15,19,0.0112182302690349,41.3111512662734,1
176,8,15,20,0.0113012092768488,41.3111512661003,1
177,8,15,21,0.0113798001353815,41.3111512663618,1
178,8,15,22,0.0114529538170571,41.3111512661985,1
179,8,15,23,0.0120712607848574,41.3111512658934,1
180,8,15,24,0.0120884922689133,41.3111512660731,1
181,8,15,25,0.0121009121103359,41.3111512662476,1
182,8,15,26,0.0121103975984918,41.31115126571,1
183,8,15,27,0.0228010423317127,41.31115126586,1
184,8,15,28,0.0228263685746224,41.3111512658244,1
185,8,15,29,0.0228512063957907,41.311151265809,1
186,8,15,30,0.0228756248697274,41.3111512659959,1
187,8,15,31,0.0228994939630795,41.311151265899,1
188,8,15,32,0.0229232286963006,41.3111512662392,1
189,8,15,33,0.0229483484253953,41.311151266438,1
190,8,15,34,0.021174727981556,41.3111512662332,1
191,8,15,35,0.0211525306596339,41.3111512662283,1
192,8,15,36,0.0211282507098206,41.3111512661457,1
193,8,15,37,0.0211038939772323,41.3111512661532,1
194,8,15,38,0.0210795414636701,41.3111512662076,1
195,8,15,39,0.021055088691278,41.3111512661464,1
196,8,15,40,0.0210329885254926,41.3111512662091,1
197,8,16,17,1.20932934339362e-06,41.3111512661249,1
198,8,16,18,2.63417419729463e-06,0,0
199,8,16,19,0.0112280621478191,41.3111512661598,1
200,8,16,20,0.0113110878412443,41.3111512660982,1
201,8,16,21,0.0113897199630435,41.3111512660498,1
202,8,16,22,0.0114629085273269,41.3111512661272,1
203,8,16,23,0.0120811707615442,41.3111512660225,1
204,8,16,24,0.0120983583237797,41.3111512662479,1
205,8,16,25,0.0121107309535263,41.3111512660041,1
206,8,16,26,0.0121201583031532,41.3111512660694,1
207,8,16,27,0.0228100528867324,41.3111512663415,1
208,8,16,28,0.0228353741565812,41.3111512662267,1
209,8,16,29,0.022860206161491,41.3111512663036,1
210,8,16,30,0.0228846183487035,41.3111512662414,1
211,8,16,31,0.0229084804337641,41.3111512662739,1
212,8,16,32,0.0229322070380326,41.3111512664156,1
213,8,16,33,0.022957317038822,41.3111512663251,1
214,8,16,34,0.0211827116551547,41.3111512662141,1
215,8,16,35,0.0211604970210385,41.3111512661716,1
216,8,16,36,0.0211361981530831,41.311151266114,1
217,8,16,37,0.0211118223263803,41.3111512662635,1
218,8,16,38,0.0210874507334735,41.3111512664219,1
219,8,16,39,0.0210629788305198,41.311151266212,1
220,8,16,40,0.0210408613443136,41.3111512662874,1
221,8,17,18,1.42501156825046e-06,0,0
222,8,17,19,0.0112371800924822,41.3111512659851,1
223,8,17,20,0.0113202528295002,41.3111512663302,1
224,8,17,21,0.011398927193205,41.3111512661951,1
225,8,17,22,0.0114721523145836,41.3111512661344,1
226,8,17,23,0.0120904575028329,41.3111512660753,1
227,8,17,24,0.0121076128284662,41.3111512659619,1
228,8,17,25,0.0121199500371898,41.3111512663332,1
229,8,17,26,0.0121293330350197,41.3111512662065,1
230,8,17,27,0.0228199885582064,41.3111512664537,1
231,8,17,28,0.0228453091268748,41.3111512659785,1
232,8,17,29,0.0228701397083891,41.3111512661569,1
233,8,17,30,0.0228945500507202,41.3111512664295,1
234,8,17,31,0.0229184096562851,41.3111512664193,1
235,8,17,32,0.0229421328861305,41.3111512663192,1
236,8,17,33,0.0229672384342094,41.3111512663625,1
237,8,17,34,0.0211916376582606,41.3111512671029,1
238,8,17,35,0.0211694066607462,41.3111512668926,1
239,8,17,36,0.0211450899084919,41.3111512667455,1
240,8,17,37,0.0211206960499392,41.3111512669423,1
241,8,17,38,0.0210963064372861,41.3111512668146,1
242,8,17,39,0.0210718164618126,41.3111512667735,1
243,8,17,40,0.0210496826180192,41.3111512668865,1
244,8,18,19,0.0112463750876417,41.3111512661872,1
245,8,18,20,0.0113294918062656,41.3111512662022,1
246,8,18,21,0.011408205099861,41.3111512661234,1
247,8,18,22,0.0114814632036568,41.3111512664184,1
248,8,18,23,0.0120997337691172,41.3111512659961,1
249,8,18,24,0.0121168487438154,41.311151266007,1
250,8,18,25,0.0121291425134563,41.3111512661016,1
251,8,18,26,0.0121384719558966,41.3111512662312,1
252,8,18,27,0.0228285503509938,41.3111512662074,1
253,8,18,28,0.022853866602813,41.3111512662601,1
254,8,18,29,0.0228786920840051,41.3111512663466,1
255,8,18,30,0.0229030968872896,41.3111512663465,1
256,8,18,31,0.0229269502819338,41.3111512662282,1
257,8,18,32,0.0229506662651223,41.3111512664003,1
258,8,18,33,0.022975763105384,41.3111512658451,1
259,8,18,34,0.0211992341890616,41.3111512670144,1
260,8,18,35,0.0211769869744549,41.3111512667831,1
261,8,18,36,0.0211526525004928,41.3111512670165,1
262,8,18,37,0.0211282407569954,41.3111512662956,1
263,8,18,38,0.0211038332730745,41.3111512662734,1
264,8,18,39,0.0210793253779833,41.3111512662941,1
265,8,18,40,0.0210571753105518,41.3111512661754,1
266,8,19,20,0.000189208420624013,0,0
267,8,19,21,0.000389872196730644,0,0
268,8,19,22,0.000602274173728919,0,0
269,8,19,23,0.00486495937713021,0,0
270,8,19,24,0.00529384983316676,0,0
271,8,19,25,0.005716003156298,0,0
272,8,19,26,0.0061988681333511,0,0
273,8,19,27,0.0797321785991333,0,0
274,8,19,28,0.0799296027636077,0,0
275,8,19,29,0.0801300434630894,0,0
276,8,19,30,0.0803312321766731,0,0
277,8,19,31,0.0805341654011018,0,0
278,8,19,32,0.0807443861305616,0,0
279,8,19,33,0.0809750486116507,0,0
280,8,19,34,0.0768368646542906,41.3111512661347,1
281,8,19,35,0.076821300199428,41.3111512664628,1
282,8,19,36,0.0768041421650912,41.3111512666806,1
283,8,19,37,0.0767877738303588,41.3111512665237,1
284,8,19,38,0.0767713250405756,41.3111512664887,1
285,8,19,39,0.0767546099241576,41.3111512665405,1
286,8,19,40,0.0767397239790951,41.3111512663621,1
287,8,20,21,0.000200822520292153,0,0
288,8,20,22,0.000413561770875084,0,0
289,8,20,23,0.0046973487432975,0,0
290,8,20,24,0.00512912098744538,0,0
291,8,20,25,0.00555418741937677,0,0
292,8,20,26,0.0060404640684631,0,0
293,8,20,27,0.0799373756585292,0,0
294,8,20,28,0.0801358329737402,0,0
295,8,20,29,0.0803373373744624,0,0
296,8,20,30,0.0805396023949732,0,0
297,8,20,31,0.0807436340960659,0,0
298,8,20,32,0.080955009472547,0,0
299,8,20,33,0.0811869544446536,0,0
300,8,20,34,0.0770480753263118,41.3111512661336,1
301,8,20,35,0.0770327701277785,41.311151266264,1
302,8,20,36,0.0770158946883087,41.3111512663494,1
303,8,20,37,0.0769998160847239,41.3111512664402,1
304,8,20,38,0.0769836563598195,41.3111512665753,1
305,8,20,39,0.0769672300292965,41.3111512661466,1
306,8,20,40,0.0769526067207142,41.3111512663769,1
307,8,21,22,0.000212918740544974,0,0
308,8,21,23,0.00451550870361561,0,0
309,8,21,24,0.00494997737436309,0,0
310,8,21,25,0.00537777910224427,0,0
311,8,21,26,0.00586726885877856,0,0
312,8,21,27,0.0800881014927108,460.35067342373,1
313,8,21,28,0.0802874888721827,460.350673403323,1
314,8,21,29,0.0804899532064606,460.350673372931,1
315,8,21,30,0.0806931909018301,460.350673355279,1
316,8,21,31,0.0808982173261242,460.350673333924,1
317,8,21,32,0.081110640882767,460.350673313131,1
318,8,21,33,0.0813437524687165,460.350673278067,1
319,8,21,34,0.0772076080014675,41.3111512662939,1
320,8,21,35,0.0771925908140099,41.3111512663268,1
321,8,21,36,0.0771760294741512,41.3111512661686,1
322,8,21,37,0.0771602718759628,41.3111512663636,1
323,8,21,38,0.077144432517349,41.3111512660758,1
324,8,21,39,0.0771283264806877,41.3111512664743,1
325,8,21,40,0.0771139941987147,41.3111512663187,1
326,8,22,23,0.00431867997814179,0,0
327,8,22,24,0.00475561917355758,0,0
328,8,22,25,0.00518593859543053,0,0
329,8,22,26,0.00567839750249816,0,0
330,8,22,27,0.0801763253854223,460.350673683069,1
331,8,22,28,0.0803765206428039,460.350673680816,1
332,8,22,29,0.0805798217733124,460.350673669538,1
333,8,22,30,0.0807839090824571,460.350673663853,1
334,8,22,31,0.0809898068981963,460.350673654706,1
335,8,22,32,0.0812031519117728,460.350673646132,1
336,8,22,33,0.0814372920315746,460.350673635913,1
337,8,22,34,0.0773077437114014,41.3111512661503,1
338,8,22,35,0.0772930453048742,41.3111512661458,1
339,8,22,36,0.0772768317860056,41.3111512660613,1
340,8,22,37,0.0772614286121882,41.3111512660054,1
341,8,22,38,0.0772459430734193,41.311151266136,1
342,8,22,39,0.0772301910181613,41.3111512662481,1
343,8,22,40,0.0772161801021375,41.3111512663093,1
344,8,23,24,0.000454030444273659,0,0
345,8,23,25,0.000902898109668208,0,0
346,8,23,26,0.00141836645081048,0,0
347,8,23,27,0.0759069617661021,41.3111512662148,1
348,8,23,28,0.0761084148810298,41.3111512658347,1
349,8,23,29,0.076313325718944,41.3111512661366,1
350,8,23,30,0.0765192233061294,41.311151266073,1
351,8,23,31,0.07672723630359,41.3111512660071,1
352,8,23,32,0.0769431492129042,41.3111512658633,1
353,8,23,33,0.0771804576329539,41.3111512661956,1
354,8,23,34,0.0734967655242844,41.311151266188,1
355,8,23,35,0.0734896437660148,41.3111512662464,1
356,8,23,36,0.0734817104168697,41.3111512662829,1
357,8,23,37,0.0734746601138656,41.3111512662305,1
358,8,23,38,0.0734675214083892,41.3111512660643,1
359,8,23,39,0.0734601396036838,41.3111512660958,1
360,8,23,40,0.0734537058156109,41.3111512661138,1
361,8,24,25,0.000449041273598192,0,0
362,8,24,26,0.000964888662478864,0,0
363,8,24,27,0.0751577129560927,41.3111512650742,1
364,8,24,28,0.0753585010577028,41.3111512648182,1
365,8,24,29,0.0755627701888987,41.3111512659078,1
366,8,24,30,0.0757680432506337,41.311151266004,1
367,8,24,31,0.0759754554059337,41.3111512660899,1
368,8,24,32,0.0761907838036762,41.3111512661142,1
369,8,24,33,0.0764274861606447,41.3111512661272,1
370,8,24,34,0.072805245975637,41.3111512660404,1
371,8,24,35,0.0727989489482424,41.3111512660628,1
372,8,24,36,0.0727919175043096,41.3111512660907,1
373,8,24,37,0.0727857732550417,41.3111512659928,1
374,8,24,38,0.0727795403184205,41.3111512660682,1
375,8,24,39,0.0727730677065375,41.3111512660716,1
376,8,24,40,0.072767455977117,41.3111512660794,1
377,8,25,26,0.000516025026177214,0,0
378,8,25,27,0.0743879592097691,41.311151265691,1
379,8,25,28,0.0745880128300399,41.3111512656662,1
380,8,25,29,0.0747915691993428,41.3111512659695,1
381,8,25,30,0.0749961461077798,41.3111512658286,1
382,8,25,31,0.0752028847148971,41.3111512656865,1
383,8,25,32,0.0754175526886509,41.3111512659294,1
384,8,25,33,0.0756535651341547,41.3111512658148,1
385,8,25,34,0.07209348664124,41.3111512662544,1
386,8,25,35,0.0720880076898639,41.3111512661471,1
387,8,25,36,0.0720818709290668,41.3111512660661,1
388,8,25,37,0.072076625126634,41.3111512660457,1
389,8,25,38,0.072071290389009,41.3111512659231,1
390,8,25,39,0.0720657194541095,41.3111512659571,1
391,8,25,40,0.0720609228958106,41.3111512660582,1
392,8,26,27,0.073473953533237,41.311151266053,1
393,8,26,28,0.0736730839694691,41.3111512660196,1
394,8,26,29,0.0738757407284212,41.3111512659118,1
395,8,26,30,0.0740794367088989,41.3111512661926,1
396,8,26,31,0.0742853195100391,41.3111512659729,1
397,8,26,32,0.0744991436229569,41.3111512658646,1
398,8,26,33,0.0747342698777745,41.3111512662188,1
399,8,26,34,0.071247034113205,41.3111512663543,1
400,8,26,35,0.0712424974381626,41.3111512661571,1
401,8,26,36,0.0712373912485697,41.3111512661293,1
402,8,26,37,0.0712331799900176,41.3111512661621,1
403,8,26,38,0.0712288795466461,41.3111512661149,1
404,8,26,39,0.0712243469962388,41.3111512661114,1
405,8,26,40,0.0712204891061021,41.3111512661073,1
406,8,27,28,0.000221261299601989,0,0
407,8,27,29,0.000452125100608894,0,0
408,8,27,30,0.000687489697940593,0,0
409,8,27,31,0.000930304666187163,0,0
410,8,27,32,0.00118888642941226,0,0
411,8,27,33,0.00147917234715597,0,0
412,8,27,34,0.00567410446019924,41.3111512663583,1
413,8,27,35,0.00580023442970327,41.3111512658525,1
414,8,27,36,0.00593792746956813,41.3111512661295,1
415,8,27,37,0.00607777129716564,41.3111512662228,1
416,8,27,38,0.00621742161374493,41.3111512662435,1
417,8,27,39,0.0063572431988759,41.3111512662458,1
418,8,27,40,0.00648406171372498,41.3111512658959,1
419,8,28,29,0.000230879206623288,0,0
420,8,28,30,0.0004662682781733,0,0
421,8,28,31,0.000709121327321568,0,0
422,8,28,32,0.000967759988236343,0,0
423,8,28,33,0.00125812457903957,0,0
424,8,28,34,0.00547492742179925,41.3111512661418,1
425,8,28,35,0.00560141289288184,41.3111512660962,1
426,8,28,36,0.00573949448781781,41.3111512660547,1
427,8,28,37,0.00587973000457252,41.3111512661093,1
428,8,28,38,0.00601977175442533,41.3111512661682,1
429,8,28,39,0.00615998593597782,41.3111512661807,1
430,8,28,40,0.00628715977440365,41.3111512662944,1
431,8,29,30,0.000235398220345346,0,0
432,8,29,31,0.000478274096745685,0,0
433,8,29,32,0.000736954120544267,0,0
434,8,29,33,0.00102738058718426,0,0
435,8,29,34,0.00526671124789942,41.3111512662705,1
436,8,29,35,0.00539355886697587,41.3111512659645,1
437,8,29,36,0.00553203629278977,41.31115126626,1
438,8,29,37,0.00567267076077278,41.3111512660609,1
439,8,29,38,0.00581311120833873,41.3111512659662,1
440,8,29,39,0.00595372528930688,41.311151266086,1
441,8,29,40,0.00608126104205885,41.3111512661177,1
442,8,30,31,0.000242889526277572,0,0
443,8,30,32,0.000501601472130753,0,0
444,8,30,33,0.000792079517298453,0,0
445,8,30,34,0.00505421094714023,41.3111512663097,1
446,8,30,35,0.00518142277610621,41.3111512659883,1
447,8,30,36,0.00532029829312947,41.3111512663356,1
448,8,30,37,0.00546133394827246,41.3111512662243,1
449,8,30,38,0.00560217533220926,41.3111512660305,1
450,8,30,39,0.00574319156789153,41.3111512662839,1
451,8,30,40,0.00587109126502375,41.3111512660558,1
452,8,31,32,0.000258729882039877,0,0
453,8,31,33,0.000549244303414999,0,0
454,8,31,34,0.00483465496804981,41.3111512658376,1
455,8,31,35,0.00496223522096381,41.3111512660096,1
456,8,31,36,0.00510151344515859,41.3111512660174,1
457,8,31,37,0.0052429548766907,41.311151266177,1
458,8,31,38,0.00538420178951149,41.3111512663308,1
459,8,31,39,0.00552562480105452,41.3111512658299,1
460,8,31,40,0.00565389260828889,41.3111512660606,1
461,8,32,33,0.000290531716855302,0,0
462,8,32,34,0.0046004233454795,41.311151266023,1
463,8,32,35,0.00472838662841867,41.3111512660949,1
464,8,32,36,0.0048680835378499,41.3111512659464,1
465,8,32,37,0.00500994676425702,41.3111512662745,1
466,8,32,38,0.00515161522267052,41.311151266318,1
467,8,32,39,0.00529346109510222,41.3111512661063,1
468,8,32,40,0.00542211154727566,41.311151266075,1
469,8,33,34,0.00433709356910986,41.311151266164,1
470,8,33,35,0.00446547840824331,41.311151266254,1
471,8,33,36,0.00460563612728233,41.3111512663755,1
472,8,33,37,0.00474796351034443,41.3111512662489,1
473,8,33,38,0.00489009585850973,41.3111512660262,1
474,8,33,39,0.00503240708579938,41.3111512662149,1
475,8,33,40,0.00516147861581243,41.3111512660032,1
476,8,34,35,0.00012265745035715,41.311151265931,1
477,8,34,36,0.000256571487759494,41.311151266537,1
478,8,34,37,0.000392502012741713,41.3111512664072,1
479,8,34,38,0.000528251779217089,41.3111512662799,1
480,8,34,39,0.000664185547985208,41.3111512659602,1
481,8,34,40,0.000787458254702622,41.3111512661066,1
482,8,35,36,0.000133914301100694,41.3111512658524,1
483,8,35,37,0.000269843420685741,41.311151266188,1
484,8,35,38,0.000405591946812498,41.3111512661066,1
485,8,35,39,0.000541524863106419,41.3111512659089,1
486,8,35,40,0.000664796362064888,41.3111512660448,1
487,8,36,37,0.000135927292977097,41.3111512662754,1
488,8,36,38,0.000271674173080141,41.3111512661032,1
489,8,36,39,0.000407605866425278,41.311151266129,1
490,8,36,40,0.000530875781764597,41.3111512663926,1
491,8,37,38,0.000135747060940866,41.3111512663547,1
492,8,37,39,0.000271679367079389,41.3111512658987,1
493,8,37,40,0.000394949356411821,41.3111512663072,1
494,8,38,39,0.000135932737274838,41.3111512660399,1
495,8,38,40,0.000259202636503745,41.3111512659658,1
496,8,39,40,0.000123269417493644,41.3111512663831,1
497,9,10,11,1.5546135769763e-05,0,0
498,9,10,12,1.55492213742281e-05,0,0
499,9,10,13,1.55621348932536e-05,0,0
500,9,10,14,1.55728013477242e-05,0,0
501,9,10,15,8.83226981434303e-06,41.3111512663831,1
502,9,10,16,8.79111798807782e-06,0,0
503,9,10,17,8.75893419034638e-06,41.3111512661699,1
504,9,10,18,8.72095875141749e-06,0,0
505,9,10,19,0.000293607917820344,41.3111512663203,1
506,9,10,20,0.000295831981432236,41.3111512662777,1
507,9,10,21,0.000297937370726581,41.3111512662486,1
508,9,10,22,0.000299895837845789,41.3111512662457,1
509,9,10,23,0.000316332064693422,41.3111512657228,1
510,9,10,24,0.000316775831987446,41.3111512658237,1
511,9,10,25,0.000317090542282159,41.3111512659147,1
512,9,10,26,0.000317323626777597,41.3111512656717,1
513,9,10,27,0.000604552008098239,41.3111512662255,1
514,9,10,28,0.000605244634317957,41.3111512660022,1
515,9,10,29,0.000605924420451723,41.3111512660557,1
516,9,10,30,0.000606593104970916,41.3111512657293,1
517,9,10,31,0.000607247248511328,41.3111512659579,1
518,9,10,32,0.000607898352428263,41.3111512658145,1
519,9,10,33,0.00060858811433389,41.3111512658037,1
520,9,10,34,0.000571446452441872,41.3111512659213,1
521,9,10,35,0.000570851471125837,41.3111512663824,1
522,9,10,36,0.000570200684569443,41.3111512661676,1
523,9,10,37,0.00056954771672723,41.3111512665365,1
524,9,10,38,0.000568894872687707,41.311151266465,1
525,9,10,39,0.000568239368217767,41.3111512659484,1
526,9,10,40,0.000567646896931957,41.3111512659651,1
527,9,11,12,5.36079858866068e-07,0,0
528,9,11,13,1.09175618430556e-06,0,0
529,9,11,14,1.63165923796568e-06,41.3111512656776,1
530,9,11,15,0.000349188746864402,41.3111512661706,1
531,9,11,16,0.000349592909034961,41.3111512665035,1
532,9,11,17,0.00034998288920017,41.3111512660683,1
533,9,11,18,0.000350362170082783,41.3111512661503,1
534,9,11,19,0.0009945219385226,41.3111512661045,1
535,9,11,20,0.00099041541795454,41.3111512661978,1
536,9,11,21,0.000985419510265975,41.3111512662001,1
537,9,11,22,0.00097944818549732,41.3111512661152,1
538,9,11,23,0.000801622572477391,41.3111512662076,1
539,9,11,24,0.000780649779061134,41.3111512660301,1
540,9,11,25,0.000759693534404846,41.3111512664257,1
541,9,11,26,0.00073539745263906,41.3111512663905,1
542,9,11,27,0.00241453907165502,41.3111512657394,1
543,9,11,28,0.00242356770880865,41.3111512659214,1
544,9,11,29,0.00243279772914451,41.3111512657812,1
545,9,11,30,0.00244210101940526,41.3111512657548,1
546,9,11,31,0.002451540850997,41.3111512657188,1
547,9,11,32,0.00246139151390305,41.3111512656019,1
548,9,11,33,0.00247226805410881,41.311151265792,1
549,9,11,34,0.00266739752334198,41.3111512657011,1
550,9,11,35,0.0026681532264529,41.311151265774,1
551,9,11,36,0.00266897327471684,41.3111512658313,1
552,9,11,37,0.00266983717289217,41.311151265851,1
553,9,11,38,0.00267069680922342,41.3111512655205,1
554,9,11,39,0.00267155022914017,41.3111512657405,1
555,9,11,40,0.00267233232375851,41.3111512658058,1
556,9,12,13,5.55341317423067e-07,0,0
557,9,12,14,1.09498371826274e-06,0,0
558,9,12,15,0.000348953489456818,41.3111512658268,1
559,9,12,16,0.000349359150890612,0,0
560,9,12,17,0.00034975031825826,0,0
561,9,12,18,0.000350130983933792,41.3111512658456,1
562,9,12,19,0.000984594803439078,41.3111512661145,1
563,9,12,20,0.000980410775069517,0,0
564,9,12,21,0.000975341275318732,41.3111512661666,1
565,9,12,22,0.000969301231227212,41.311151266334,1
566,9,12,23,0.000790873550284238,41.3111512661737,1
567,9,12,24,0.00076988129168012,41.3111512662464,1
568,9,12,25,0.000748910035413492,41.3111512661965,1
569,9,12,26,0.000724601093860246,41.3111512661073,1
570,9,12,27,0.00243586517304951,41.3111512657013,1
571,9,12,28,0.00244491948615086,41.3111512653689,1
572,9,12,29,0.00245417477963836,41.3111512653966,1
573,9,12,30,0.00246350297477468,41.3111512654393,1
574,9,12,31,0.00247296723692386,41.3111512653,1
575,9,12,32,0.00248284230711357,41.3111512654832,1
576,9,12,33,0.00249374479126913,41.311151265275,1
577,9,12,34,0.00268763222809053,41.3111512654797,1
578,9,12,35,0.00268836756435895,41.3111512655323,1
579,9,12,36,0.00268916533421069,41.3111512655606,1
580,9,12,37,0.00269000688745955,41.3111512652721,1
581,9,12,38,0.00269084418228754,41.3111512654216,1
582,9,12,39,0.00269167516772716,41.3111512654323,1
583,9,12,40,0.00269243698729496,41.3111512657439,1
584,9,13,14,5.39709617037017e-07,0,0
585,9,13,15,0.000348927847862311,41.3111512657654,1
586,9,13,16,0.000349335315934866,41.3111512659277,1
587,9,13,17,0.000349727957610413,0,0
588,9,13,18,0.000350110295721053,41.3111512659788,1
589,9,13,19,0.000974926279173892,41.3111512659198,1
590,9,13,20,0.000970659343440984,41.3111512660575,1
591,9,13,21,0.000965510439409033,41.3111512663789,1
592,9,13,22,0.00095939543233986,41.3111512662339,1
593,9,13,23,0.000780232547694503,41.3111512662706,1
594,9,13,24,0.000759207005993296,41.311151266018,1
595,9,13,25,0.000738207093349881,41.311151266199,1
596,9,13,26,0.000713869638765705,41.3111512662295,1
597,9,13,27,0.00245947975097897,41.3111512654998,1
598,9,13,28,0.00246856632080816,41.3111512654739,1
599,9,13,29,0.00247785357935188,41.3111512656629,1
600,9,13,30,0.00248721340359394,41.3111512652798,1
601,9,13,31,0.00249670888851971,41.3111512655823,1
602,9,13,32,0.00250661541409886,41.3111512656789,1
603,9,13,33,0.00251755158757618,41.3111512656153,1
604,9,13,34,0.00271027353000362,41.3111512654745,1
605,9,13,35,0.0027109882271724,41.311151265478,1
606,9,13,36,0.00271176341668788,41.3111512658636,1
607,9,13,37,0.0027125823480575,41.3111512656963,1
608,9,13,38,0.00271339702189131,41.3111512659007,1
609,9,13,39,0.00271420528607943,41.3111512659086,1
610,9,13,40,0.00271494657818767,41.311151265644,1
611,9,14,15,0.000348860695253527,41.3111512661462,1
612,9,14,16,0.000349269869793493,41.3111512658916,1
613,9,14,17,0.000349663896754531,41.3111512659334,1
614,9,14,18,0.000350047813948108,41.3111512659162,1
615,9,14,19,0.000965411902699677,41.3111512661897,1
616,9,14,20,0.000961064909724978,41.3111512661416,1
617,9,14,21,0.000955839459678719,41.3111512660071,1
618,9,14,22,0.0009496523398184,41.3111512663123,1
619,9,14,23,0.000769796631050685,41.3111512661637,1
620,9,14,24,0.000748741287946091,41.3111512658163,1
621,9,14,25,0.000727716067285016,41.3111512660586,1
622,9,14,26,0.000703353847956303,41.3111512661679,1
623,9,14,27,0.00248213194259488,41.3111512658912,1
624,9,14,28,0.00249124876139173,41.311151265899,1
625,9,14,29,0.00250056596115095,41.3111512657401,1
626,9,14,30,0.00250995539133127,41.311151265495,1
627,9,14,31,0.00251948007088365,41.3111512654677,1
628,9,14,32,0.00252941596740405,41.3111512657966,1
629,9,14,33,0.00254038355825011,41.3111512657093,1
630,9,14,34,0.00273194948626083,41.3111512659787,1
631,9,14,35,0.00273264403877366,41.3111512660835,1
632,9,14,36,0.00273339718971654,41.3111512661567,1
633,9,14,37,0.00273419403684566,41.3111512659206,1
634,9,14,38,0.00273498662781439,41.3111512661323,1
635,9,14,39,0.00273577271247793,41.3111512659944,1
636,9,14,40,0.0027364939652089,41.3111512662001,1
637,9,15,16,1.15394746640283e-06,0,0
638,9,15,17,2.09840274829163e-06,0,0
639,9,15,18,3.16686807420517e-06,41.3111512664482,1
640,9,15,19,0.00602983893773521,41.3111512660106,1
641,9,15,20,0.00608212767979158,41.3111512662641,1
642,9,15,21,0.00613225611463667,41.3111512661431,1
643,9,15,22,0.00617963863088033,41.3111512663529,1
644,9,15,23,0.00664984867911717,41.3111512661814,1
645,9,15,24,0.00667173166795445,41.311151266109,1
646,9,15,25,0.00669070644759775,41.311151265944,1
647,9,15,26,0.00670974526450027,41.3111512663927,1
648,9,15,27,0.0149508934002994,41.3111512658324,1
649,9,15,28,0.0149715802543104,41.3111512657212,1
650,9,15,29,0.0149920931137703,41.3111512657362,1
651,9,15,30,0.0150123982419204,41.311151265592,1
652,9,15,31,0.0150324543322171,41.311151265742,1
653,9,15,32,0.0150526755549138,41.3111512659756,1
654,9,15,33,0.0150743479266334,41.3111512658427,1
655,9,15,34,0.0143509518095474,41.3111512662716,1
656,9,15,35,0.0143380170063682,41.311151266251,1
657,9,15,36,0.0143238652931815,41.3111512663694,1
658,9,15,37,0.0143096894977265,41.3111512661683,1
659,9,15,38,0.0142955140617657,41.3111512661666,1
660,9,15,39,0.0142812753369322,41.3111512662012,1
661,9,15,40,0.0142684119065519,41.3111512661329,1
662,9,16,17,9.44259675565574e-07,0,0
663,9,16,18,2.01270828573894e-06,41.3111512656628,1
664,9,16,19,0.00604010461466959,41.3111512660433,1
665,9,16,20,0.00609244030675693,41.311151265865,1
666,9,16,21,0.00614261025210929,41.3111512659762,1
667,9,16,22,0.00619002787723213,41.3111512659116,1
668,9,16,23,0.00666019450968874,41.3111512659336,1
669,9,16,24,0.00668203351879959,41.3111512658998,1
670,9,16,25,0.00670096100735047,41.3111512660269,1
671,9,16,26,0.00671994157027827,41.3111512663702,1
672,9,16,27,0.0149602188276319,41.3111512657552,1
673,9,16,28,0.0149808997887578,41.3111512657384,1
674,9,16,29,0.0150014058884443,41.3111512657012,1
675,9,16,30,0.0150217037742546,41.3111512657867,1
676,9,16,31,0.0150417518827455,41.3111512656394,1
677,9,16,32,0.0150619639571112,41.3111512658415,1
678,9,16,33,0.0150836254699378,41.3111512658656,1
679,9,16,34,0.0143587472360708,41.3111512662354,1
680,9,16,35,0.0143457949644025,41.3111512662691,1
681,9,16,36,0.0143316241615979,41.3111512662895,1
682,9,16,37,0.0143174291037427,41.3111512660978,1
683,9,16,38,0.0143032344198818,41.3111512663484,1
684,9,16,39,0.0142889763944387,41.3111512664085,1
685,9,16,40,0.0142760954909637,41.3111512661964,1
686,9,17,18,1.06861604526978e-06,41.3111512664116,1
687,9,17,19,0.00604952874162805,41.3111512660373,1
688,9,17,20,0.006101911723748,41.3111512662582,1
689,9,17,21,0.00615212414092693,41.3111512662023,1
690,9,17,22,0.00619957853296282,41.3111512661566,1
691,9,17,23,0.00666978933709725,41.3111512662722,1
692,9,17,24,0.00669159606013354,41.311151266285,1
693,9,17,25,0.00671048805943007,41.3111512660703,1
694,9,17,26,0.0067294241713212,41.3111512661945,1
695,9,17,27,0.0149703856148797,41.3111512656411,1
696,9,17,28,0.0149910652595792,41.3111512651906,1
697,9,17,29,0.0150115693038354,41.3111512652784,1
698,9,17,30,0.0150318647040433,41.3111512653949,1
699,9,17,31,0.0150519096794968,41.3111512654967,1
700,9,17,32,0.0150721176940672,41.3111512654165,1
701,9,17,33,0.0150937739930639,41.3111512655656,1
702,9,17,34,0.0143675600884477,41.3111512662396,1
703,9,17,35,0.0143545913270027,41.3111512662127,1
704,9,17,36,0.0143404025013196,41.311151266411,1
705,9,17,37,0.0143261892750889,41.3111512663109,1
706,9,17,38,0.0143119764347811,41.3111512663058,1
707,9,17,39,0.0142977001990226,41.3111512663402,1
708,9,17,40,0.0142848028140999,41.3111512662561,1
709,9,18,19,0.00605912130402181,41.3111512663664,1
710,9,18,20,0.00611154851564669,41.3111512660827,1
711,9,18,21,0.00616180009446241,41.3111512661299,1
712,9,18,22,0.00620928768095036,41.3111512660082,1
713,9,18,23,0.00667946509678242,41.3111512660447,1
714,9,18,24,0.00670123141501369,41.3111512661651,1
715,9,18,25,0.00672007990131119,41.3111512662066,1
716,9,18,26,0.00673896235035718,41.3111512658931,1
717,9,18,27,0.0149792368072402,41.3111512653868,1
718,9,18,28,0.0149999112952515,41.3111512657082,1
719,9,18,29,0.0150204093776282,41.3111512655829,1
720,9,18,30,0.0150406983661284,41.3111512656125,1
721,9,18,31,0.0150607362415791,41.3111512656139,1
722,9,18,32,0.0150809360784273,41.3111512655436,1
723,9,18,33,0.0151025826368758,41.3111512657127,1
724,9,18,34,0.0143749859288501,41.3111512661194,1
725,9,18,35,0.0143620008055774,41.3111512662033,1
726,9,18,36,0.0143477940994,41.3111512661874,1
727,9,18,37,0.0143335628323432,41.3111512661653,1
728,9,18,38,0.0143193319646404,41.3111512662236,1
729,9,18,39,0.0143050376517653,41.3111512663753,1
730,9,18,40,0.0142921239017842,41.3111512662588,1
731,9,19,20,0.000219835144809261,0,0
732,9,19,21,0.000448875592490558,0,0
733,9,19,22,0.00068693904457227,0,0
734,9,19,23,0.00509685782926175,0,0
735,9,19,24,0.00552134367018459,0,0
736,9,19,25,0.00593726089533927,0,0
737,9,19,26,0.0064110332675717,0,0
738,9,19,27,0.0842761213306988,0,0
739,9,19,28,0.0844909471482263,0,0
740,9,19,29,0.0847087549254096,0,0
741,9,19,30,0.0849272362996183,0,0
742,9,19,31,0.0851473662052604,0,0
743,9,19,32,0.0853750607144994,0,0
744,9,19,33,0.0856246032199721,0,0
745,9,19,34,0.0869338262888794,41.3111512665214,1
746,9,19,35,0.0869100363541719,41.3111512664956,1
747,9,19,36,0.0868838916677777,41.3111512665308,1
748,9,19,37,0.086858435599104,41.3111512662915,1
749,9,19,38,0.0868329069601981,41.311151266535,1
750,9,19,39,0.0868070907228189,41.3111512664313,1
751,9,19,40,0.0867839597966146,41.3111512665993,1
752,9,20,21,0.000229199033203387,0,0
753,9,20,22,0.000467599425647863,0,0
754,9,20,23,0.00489861668628188,0,0
755,9,20,24,0.00532598571874635,0,0
756,9,20,25,0.00574481785842094,0,0
757,9,20,26,0.00622200451095288,0,0
758,9,20,27,0.0844618577269201,0,0
759,9,20,28,0.0846777922430847,0,0
760,9,20,29,0.0848967409209322,0,0
761,9,20,30,0.0851163766104559,0,0
762,9,20,31,0.0853376842063173,0,0
763,9,20,32,0.0855666159831049,0,0
764,9,20,33,0.0858175323088092,0,0
765,9,20,34,0.0871644820101933,41.3111512665606,1
766,9,20,35,0.0871409573526495,41.3111512663368,1
767,9,20,36,0.0871151018897606,41.3111512666392,1
768,9,20,37,0.0870899418940428,41.311151266331,1
769,9,20,38,0.0870647086856818,41.311151266486,1
770,9,20,39,0.087039187692268,41.311151266405,1
771,9,20,40,0.0870163251558271,41.3111512661392,1
772,9,21,22,0.000238579706606118,0,0
773,9,21,23,0.00468839766949581,0,0
774,9,21,24,0.00511846440606606,0,0
775,9,21,25,0.00554003348244299,0,0
776,9,21,26,0.00602043561196303,0,0
777,9,21,27,0.0845945761540201,460.350673493902,1
778,9,21,28,0.0848115108222213,460.350673473704,1
779,9,21,29,0.0850314910514116,460.350673449251,1
780,9,21,30,0.0852521717827275,460.350673437899,1
781,9,21,31,0.0854745475848542,460.350673413678,1
782,9,21,32,0.0857046041829748,460.350673395366,1
783,9,21,33,0.0859567718398645,460.350673366581,1
784,9,21,34,0.0873420834736657,41.3111512663301,1
785,9,21,35,0.0873188523630868,41.3111512663132,1
786,9,21,36,0.0872933170949055,41.3111512664065,1
787,9,21,37,0.0872684839333996,41.3111512664077,1
788,9,21,38,0.0872435769422903,41.3111512662453,1
789,9,21,39,0.0872183821792049,41.3111512661522,1
790,9,21,40,0.0871958159572667,41.311151266146,1
791,9,22,23,0.00446590682067906,0,0
792,9,22,24,0.0048984452098991,0,0
793,9,22,25,0.00532253342539225,0,0
794,9,22,26,0.00580590679192752,0,0
795,9,22,27,0.0846665438131574,509.132190872922,1
796,9,22,28,0.084884349848565,509.132190886069,1
797,9,22,29,0.0851052317466823,509.132190870219,1
798,9,22,30,0.0853268276414739,509.132190879486,1
799,9,22,31,0.0855501413934856,465.310349704041,1
800,9,22,32,0.0857811888646236,460.350673730955,1
801,9,22,33,0.0860344617835711,460.350673680093,1
802,9,22,34,0.0874586216291743,41.3111512661571,1
803,9,22,35,0.0874357142547597,41.3111512659813,1
804,9,22,36,0.0874105322637867,41.3111512661997,1
805,9,22,37,0.0873860587414415,41.3111512663392,1
806,9,22,38,0.0873615108050423,41.3111512662233,1
807,9,22,39,0.0873366753354177,41.3111512662051,1
808,9,22,40,0.087314435210275,41.3111512664921,1
809,9,23,24,0.000449635911270312,0,0
810,9,23,25,0.000892280380499854,0,0
811,9,23,26,0.00139867474231168,0,0
812,9,23,27,0.0803041144266723,41.311151266176,1
813,9,23,28,0.0805235433763937,41.3111512662138,1
814,9,23,29,0.0807464079744272,41.3111512664741,1
815,9,23,30,0.0809701910207476,41.3111512660106,1
816,9,23,31,0.0811960026113183,41.3111512663702,1
817,9,23,32,0.0814300170433549,41.3111512660396,1
818,9,23,33,0.0816868993446765,41.3111512658769,1
819,9,23,34,0.0837422083813594,41.3111512663028,1
820,9,23,35,0.083726905715071,41.3111512664389,1
821,9,23,36,0.0837100347937774,41.3111512660576,1
822,9,23,37,0.0836939436524391,41.3111512661092,1
823,9,23,38,0.0836777721750656,41.311151266336,1
824,9,23,39,0.0836613370236606,41.3111512660063,1
825,9,23,40,0.0836467007980278,41.3111512663348,1
826,9,24,25,0.000442818103502845,0,0
827,9,24,26,0.000949591554599401,0,0
828,9,24,27,0.0795574561524238,41.3111512651307,1
829,9,24,28,0.0797762084264171,41.3111512650343,1
830,9,24,29,0.0799984194193906,41.311151264858,1
831,9,24,30,0.0802215659289868,41.3111512646779,1
832,9,24,31,0.080446764497199,41.3111512647251,1
833,9,24,32,0.0806801817347907,41.3111512660947,1
834,9,24,33,0.0809364439732696,41.3111512663623,1
835,9,24,34,0.0830474296418412,41.3111512658273,1
836,9,24,35,0.0830329512174571,41.3111512660467,1
837,9,24,36,0.083016981659873,41.3111512658896,1
838,9,24,37,0.0830017960766506,41.311151266027,1
839,9,24,38,0.0829865298687196,41.3111512661373,1
840,9,24,39,0.0829710033984099,41.3111512661238,1
841,9,24,40,0.0829571887818305,41.3111512660373,1
842,9,25,26,0.000506951093398271,0,0
843,9,25,27,0.0787913970067498,41.3111512660738,1
844,9,25,28,0.0790093983906422,41.311151265826,1
845,9,25,29,0.0792308798787225,41.311151265949,1
846,9,25,30,0.07945331333169,41.3111512656988,1
847,9,25,31,0.0796778212086558,41.3111512658291,1
848,9,25,32,0.0799105601691431,41.3111512656695,1
849,9,25,33,0.080166112786901,41.3111512656476,1
850,9,25,34,0.0823311156735617,41.3111512661133,1
851,9,25,35,0.0823174545842223,41.3111512661094,1
852,9,25,36,0.0823023788899192,41.3111512661563,1
853,9,25,37,0.0822880909980401,41.3111512661078,1
854,9,25,38,0.0822737222282909,41.311151266069,1
855,9,25,39,0.0822590966565894,41.3111512660911,1
856,9,25,40,0.0822460965257854,41.3111512660095,1
857,9,26,27,0.0778827819265529,41.3111512656562,1
858,9,26,28,0.0780998362154148,41.3111512658336,1
859,9,26,29,0.0783203936947852,41.311151266103,1
860,9,26,30,0.0785419215876028,41.3111512660285,1
861,9,26,31,0.0787655486767791,41.3111512658195,1
862,9,26,32,0.0789974177595418,41.3111512659388,1
863,9,26,33,0.0792520554644889,41.3111512658084,1
864,9,26,34,0.0814780303201435,41.3111512660943,1
865,9,26,35,0.0814653104201516,41.3111512663042,1
866,9,26,36,0.0814512640944426,41.31115126614,1
867,9,26,37,0.0814380096375981,41.311151266173,1
868,9,26,38,0.0814246740455017,41.3111512662288,1
869,9,26,39,0.0814110857160698,41.3111512661827,1
870,9,26,40,0.0813990232475344,41.3111512662307,1
871,9,27,28,0.000243527247422233,0,0
872,9,27,29,0.000496880055269837,0,0
873,9,27,30,0.000754806395955646,0,0
874,9,27,31,0.00102030092586561,0,0
875,9,27,32,0.00130224379956067,0,0
876,9,27,33,0.00161807644273221,0,0
877,9,27,34,0.0149748301314781,41.3111512662261,1
878,9,27,35,0.0150966267950188,41.3111512660571,1
879,9,27,36,0.0152295930461206,41.3111512660571,1
880,9,27,37,0.0153646033004581,41.3111512661322,1
881,9,27,38,0.0154994285935391,41.3111512661752,1
882,9,27,39,0.0156344253483469,41.3111512659969,1
883,9,27,40,0.015756858470549,41.3111512661684,1
884,9,28,29,0.000253369237123159,0,0
885,9,28,30,0.000511321718894894,0,0
886,9,28,31,0.00077685691808796,0,0
887,9,28,32,0.00105886053011761,0,0
888,9,28,33,0.00137477716631335,0,0
889,9,28,34,0.014761794991569,41.3111512660672,1
890,9,28,35,0.0148839708676864,41.3111512660496,1
891,9,28,36,0.0150173516078103,41.3111512661903,1
892,9,28,37,0.0151527795716251,41.3111512659586,1
893,9,28,38,0.0152880223124057,41.311151265932,1
894,9,28,39,0.0154234377830357,41.3111512660141,1
895,9,28,40,0.0155462498358988,41.3111512658257,1
896,9,29,30,0.00025796227687513,0,0
897,9,29,31,0.000523521874957195,0,0
898,9,29,32,0.00080556965498254,0,0
899,9,29,33,0.0011215523657845,0,0
900,9,29,34,0.0145391542930375,41.3111512663869,1
901,9,29,35,0.0146617164649028,41.3111512663915,1
902,9,29,36,0.0147955194469706,41.3111512665029,1
903,9,29,37,0.0149313728652238,41.3111512663012,1
904,9,29,38,0.0150670408005812,41.3111512661616,1
905,9,29,39,0.015202882773508,41.3111512658552,1
906,9,29,40,0.0153260807858908,41.3111512660527,1
907,9,30,31,0.000265574172895008,0,0
908,9,30,32,0.000547656017788127,0,0
909,9,30,33,0.000863693785284049,0,0
910,9,30,34,0.0143119155220968,41.3111512663092,1
911,9,30,35,0.0144348662542412,41.3111512660915,1
912,9,30,36,0.0145690939598487,41.3111512661129,1
913,9,30,37,0.0147053752931028,41.3111512661137,1
914,9,30,38,0.0148414708860595,41.3111512660262,1
915,9,30,39,0.0149777418412837,41.3111512658754,1
916,9,30,40,0.0151013280470411,41.3111512659265,1
917,9,31,32,0.000282100977376486,0,0
918,9,31,33,0.000598177570101892,0,0
919,9,31,34,0.0140771628176818,41.3111512662282,1
920,9,31,35,0.0142005066289696,41.31115126608,1
921,9,31,36,0.0143351640069321,41.3111512659817,1
922,9,31,37,0.0144718781821462,41.3111512660285,1
923,9,31,38,0.0146084063625601,41.311151266302,1
924,9,31,39,0.0147451112591207,41.3111512660279,1
925,9,31,40,0.0148690901303862,41.3111512660454,1
926,9,32,33,0.000316095063290576,0,0
927,9,32,34,0.013826787196755,41.3111512663232,1
928,9,32,35,0.0139505396627548,41.3111512662677,1
929,9,32,36,0.0140856437508021,41.3111512664486,1
930,9,32,37,0.0142228078547761,41.3111512663594,1
931,9,32,38,0.0143597857070087,41.311151266215,1
932,9,32,39,0.0144969417007886,41.3111512660672,1
933,9,32,40,0.0146213287416393,41.3111512662887,1
934,9,33,34,0.0135453351895522,41.311151266154,1
935,9,33,35,0.0136695374517925,41.3111512661406,1
936,9,33,36,0.0138051332340017,41.3111512662221,1
937,9,33,37,0.0139427925037941,41.3111512662209,1
938,9,33,38,0.0140802652461365,41.3111512661152,1
939,9,33,39,0.0142179177155284,41.3111512660658,1
940,9,33,40,0.0143427539674846,41.3111512662409,1
941,9,34,35,0.000129864783156612,41.3111512660725,1
942,9,34,36,0.000271669804845631,41.3111512664569,1
943,9,34,37,0.000415460929907515,41.3111512650806,1
944,9,34,38,0.000559074155671269,41.311151266191,1
945,9,34,39,0.0007029153530353,41.3111512661669,1
946,9,34,40,0.00083331956830641,41.3111512661931,1
947,9,35,36,0.00014180527178525,41.3111512659553,1
948,9,35,37,0.000285595074753775,41.3111512660062,1
949,9,35,38,0.00042920713551519,41.311151266214,1
950,9,35,39,0.000573047535115843,41.3111512663121,1
951,9,35,40,0.000703450618318419,41.3111512658985,1
952,9,36,37,0.000143788082401173,41.3111512663509,1
953,9,36,38,0.000287398594472527,41.3111512659377,1
954,9,36,39,0.000431237845948197,41.3111512647397,1
955,9,36,40,0.000561639441860663,41.3111512661021,1
956,9,37,38,0.000143610684197334,41.3111512659278,1
957,9,37,39,0.000287450516740501,41.31115126606,1
958,9,37,40,0.000417852186769589,41.3111512662109,1
959,9,38,39,0.000143840240705794,41.3111512661965,1
960,9,38,40,0.000274241828658708,41.3111512646054,1
961,9,39,40,0.000130401135125128,41.3111512663485,1
962,10,11,12,5.39152235634139e-07,0,0
963,10,11,13,1.10772887850659e-06,0,0
964,10,11,14,1.65828565389541e-06,41.3111512658072,1
965,10,11,15,0.000342505196473333,41.3111512659639,1
966,10,11,16,0.00034286830274631,41.3111512663809,1
967,10,11,17,0.000343226188383775,41.3111512663371,1
968,10,11,18,0.000343567583822163,41.3111512662965,1
969,10,11,19,0.00130355300568318,41.3111512662312,1
970,10,11,20,0.00130167119385727,41.3111512661044,1
971,10,11,21,0.00129878145269114,41.3111512660971,1
972,10,11,22,0.00129476951497211,41.311151266046,1
973,10,11,23,0.00113339805880816,41.3111512663735,1
974,10,11,24,0.00111287002463813,41.3111512663944,1
975,10,11,25,0.00109222925904283,41.3111512663633,1
976,10,11,26,0.00106816687399649,41.3111512662644,1
977,10,11,27,0.00179988834538185,41.311151265953,1
978,10,11,28,0.00180826168134501,41.3111512661674,1
979,10,11,29,0.00181685006029901,41.3111512662495,1
980,10,11,30,0.0018255232149982,41.3111512662468,1
981,10,11,31,0.00183434805175166,41.3111512660627,1
982,10,11,32,0.00184358844740497,41.3111512663875,1
983,10,11,33,0.00185382037214113,41.311151266185,1
984,10,11,34,0.00210547382256755,41.3111512662596,1
985,10,11,35,0.00210682757379686,41.3111512662793,1
986,10,11,36,0.00210830178532295,41.3111512661901,1
987,10,11,37,0.00210982188017771,41.3111512661823,1
988,10,11,38,0.00211133760174124,41.3111512660636,1
989,10,11,39,0.00211284981483214,41.3111512662629,1
990,10,11,40,0.00211422731007661,41.3111512660247,1
991,10,12,13,5.6824164322346e-07,0,0
992,10,12,14,1.11853777234038e-06,0,0
993,10,12,15,0.000342266866993421,41.3111512664097,1
994,10,12,16,0.000342631472513657,41.3111512664442,1
995,10,12,17,0.000342990545343896,41.3111512660065,1
996,10,12,18,0.000343333325560753,41.3111512661699,1
997,10,12,19,0.00129362918161506,41.3111512657641,1
998,10,12,20,0.00129166986400808,41.31115126587,1
999,10,12,21,0.0012887065327254,41.3111512659193,1
1000,10,12,22,0.00128462587753249,41.3111512659796,1
1001,10,12,23,0.00112265237098929,41.3111512660493,1
1002,10,12,24,0.00110210487220588,41.311151266134,1
1003,10,12,25,0.00108144909542059,41.3111512661182,1
1004,10,12,26,0.00105737385090663,41.3111512661208,1
1005,10,12,27,0.00182121192798447,41.3111512663675,1
1006,10,12,28,0.00182961094671429,41.3111512663118,1
1007,10,12,29,0.00183822460581252,41.3111512663953,1
1008,10,12,30,0.00184692267246953,41.3111512660797,1
1009,10,12,31,0.00185577194699411,41.3111512659224,1
1010,10,12,32,0.00186503675748235,41.3111512659891,1
1011,10,12,33,0.00187529463454209,41.3111512660802,1
1012,10,12,34,0.00212570993117138,41.3111512659813,1
1013,10,12,35,0.00212704331667313,41.3111512663687,1
1014,10,12,36,0.00212849525101097,41.3111512659373,1
1015,10,12,37,0.00212999300213569,41.3111512663347,1
1016,10,12,38,0.00213148638339479,41.3111512658437,1
1017,10,12,39,0.00213297616321904,41.3111512659802,1
1018,10,12,40,0.00213433338449848,41.3111512663443,1
1019,10,13,14,5.5036334379553e-07,0,0
1020,10,13,15,0.000342228344562007,41.3111512661444,1
1021,10,13,16,0.000342594756765743,0,0
1022,10,13,17,0.000342955303950702,41.3111512660396,1
1023,10,13,18,0.000343299756645173,41.3111512658459,1
1024,10,13,19,0.0012839737180376,41.3111512659414,1
1025,10,13,20,0.0012819314954918,41.3111512659339,1
1026,10,13,21,0.00127888876236144,41.311151266058,1
1027,10,13,22,0.00127473314661813,41.3111512657068,1
1028,10,13,23,0.00111202446522369,41.311151266052,1
1029,10,13,24,0.001091443684544,41.3111512662995,1
1030,10,13,25,0.00107075925228776,41.311151266321,1
1031,10,13,26,0.00104665549544935,41.3111512661963,1
1032,10,13,27,0.00184481760395652,41.3111512660864,1
1033,10,13,28,0.00185324890983032,41.311151266124,1
1034,10,13,29,0.00186189456509275,41.3111512662355,1
1035,10,13,30,0.00187062429230865,41.3111512661004,1
1036,10,13,31,0.0018795048215735,41.311151266381,1
1037,10,13,32,0.00188880112081957,41.3111512663086,1
1038,10,13,33,0.00189909272411657,41.3111512662317,1
1039,10,13,34,0.00214835865796696,41.3111512659928,1
1040,10,13,35,0.0021496714074218,41.311151266163,1
1041,10,13,36,0.0021511007647809,41.3111512660157,1
1042,10,13,37,0.00215257589726296,41.3111512661591,1
1043,10,13,38,0.00215404666077457,41.3111512660285,1
1044,10,13,39,0.00215551372263575,41.3111512662013,1
1045,10,13,40,0.00215685041939203,41.3111512661219,1
1046,10,14,15,0.000342150553532638,0,0
1047,10,14,16,0.000342518672235899,41.3111512664027,1
1048,10,14,17,0.00034288060474124,41.3111512659866,1
1049,10,14,18,0.000343226636549291,41.3111512662214,1
1050,10,14,19,0.00127447016410839,41.3111512659045,1
1051,10,14,20,0.00127234788658501,41.311151265926,1
1052,10,14,21,0.00126922860969799,41.3111512658701,1
1053,10,14,22,0.00126500088339875,41.311151265943,1
1054,10,14,23,0.00110159940364578,41.3111512664672,1
1055,10,14,24,0.00108098882260675,41.3111512661538,1
1056,10,14,25,0.00106027908311807,41.3111512665279,1
1057,10,14,26,0.00103615056214609,41.3111512660254,1
1058,10,14,27,0.00186746237153316,41.311151266143,1
1059,10,14,28,0.00187592395141666,41.3111512662967,1
1060,10,14,29,0.00188459957350955,41.3111512659505,1
1061,10,14,30,0.00189335893256511,41.3111512658496,1
1062,10,14,31,0.00190226868278135,41.3111512663444,1
1063,10,14,32,0.00191159438045409,41.3111512663094,1
1064,10,14,33,0.00192191743153059,41.3111512661202,1
1065,10,14,34,0.00217004067990624,41.3111512663135,1
1066,10,14,35,0.00217133328729661,41.3111512661735,1
1067,10,14,36,0.00217274060893295,41.3111512661936,1
1068,10,14,37,0.00217419365992466,41.3111512662442,1
1069,10,14,38,0.00217564234332972,41.3111512661913,1
1070,10,14,39,0.00217708722845964,41.3111512662347,1
1071,10,14,40,0.00217840388833377,41.3111512662575,1
1072,10,15,16,1.11293038801826e-06,0,0
1073,10,15,17,2.02531534903148e-06,41.3111512659598,1
1074,10,15,18,3.05593041853041e-06,41.3111512659194,1
1075,10,15,19,0.00572804116949038,41.3111512662555,1
1076,10,15,20,0.00577810981842501,41.3111512662097,1
1077,10,15,21,0.0058261365279973,41.3111512659879,1
1078,10,15,22,0.00587156387356552,41.3111512663001,1
1079,10,15,23,0.00632535955960497,41.3111512660374,1
1080,10,15,24,0.00634679908295097,41.3111512663586,1
1081,10,15,25,0.00636545932923543,41.3111512662148,1
1082,10,15,26,0.00638426516834172,41.3111512662398,1
1083,10,15,27,0.0143417828787903,41.3111512657163,1
1084,10,15,28,0.0143617996628032,41.3111512658183,1
1085,10,15,29,0.0143816557330235,41.3111512657526,1
1086,10,15,30,0.0144013153815427,41.3111512658249,1
1087,10,15,31,0.0144207408455663,41.3111512657341,1
1088,10,15,32,0.0144403354346727,41.3111512659701,1
1089,10,15,33,0.0144613450387205,41.3111512658572,1
1090,10,15,34,0.0137860298874008,41.3111512663252,1
1091,10,15,35,0.0137736906476522,41.3111512663481,1
1092,10,15,36,0.0137601903703803,41.3111512662446,1
1093,10,15,37,0.0137466681038633,41.3111512663458,1
1094,10,15,38,0.013733146080299,41.3111512663834,1
1095,10,15,39,0.0137195634500972,41.3111512663824,1
1096,10,15,40,0.0137072929999153,41.3111512663584,1
1097,10,16,17,9.12189316978125e-07,44.9661661723303,1
1098,10,16,18,1.94278766684443e-06,41.3111512655821,1
1099,10,16,19,0.00573834948442772,41.3111512660671,1
1100,10,16,20,0.0057884650988248,41.3111512662147,1
1101,10,16,21,0.00583653333395321,41.3111512659406,1
1102,10,16,22,0.00588199580292062,41.3111512659712,1
1103,10,16,23,0.00633574822206303,41.311151266377,1
1104,10,16,24,0.00635714377104667,41.3111512662174,1
1105,10,16,25,0.00637575673021564,41.3111512660676,1
1106,10,16,26,0.00639450431840608,41.3111512658163,1
1107,10,16,27,0.0143511387686492,41.3111512661302,1
1108,10,16,28,0.0143711495652487,41.311151265977,1
1109,10,16,29,0.0143909987789184,41.3111512659525,1
1110,10,16,30,0.0144106510871818,41.3111512658607,1
1111,10,16,31,0.0144300684698064,41.3111512659125,1
1112,10,16,32,0.0144496538065016,41.3111512658616,1
1113,10,16,33,0.0144706524364067,41.3111512657903,1
1114,10,16,34,0.0137938036326188,41.3111512661899,1
1115,10,16,35,0.0137814469125917,41.311151266313,1
1116,10,16,36,0.0137679275327478,41.3111512661828,1
1117,10,16,37,0.0137543859912545,41.3111512662527,1
1118,10,16,38,0.0137408447071819,41.3111512661714,1
1119,10,16,39,0.0137272427636202,41.3111512662773,1
1120,10,16,40,0.0137149548289335,41.3111512661584,1
1121,10,17,18,1.03076581671952e-06,41.3111512660995,1
1122,10,17,19,0.00574780722654958,41.3111512663704,1
1123,10,17,20,0.00579797014508598,41.3111512662918,1
1124,10,17,21,0.00584608086573969,41.3111512661535,1
1125,10,17,22,0.00589158011477063,41.3111512661396,1
1126,10,17,23,0.0063453768370909,41.3111512660425,1
1127,10,17,24,0.00636674010460176,41.3111512658873,1
1128,10,17,25,0.00638531757791504,41.3111512661268,1
1129,10,17,26,0.00640402071767467,41.3111512659625,1
1130,10,17,27,0.0143613299338815,41.3111512657798,1
1131,10,17,28,0.014381339340761,41.311151265774,1
1132,10,17,29,0.0144011864239361,41.3111512656421,1
1133,10,17,30,0.0144208361706323,41.3111512656916,1
1134,10,17,31,0.0144402503429298,41.3111512659034,1
1135,10,17,32,0.0144598315390279,41.311151265674,1
1136,10,17,33,0.0144808248656011,41.311151265723,1
1137,10,17,34,0.0138026000522758,41.3111512662353,1
1138,10,17,35,0.0137902268327064,41.3111512662056,1
1139,10,17,36,0.0137766894192566,41.3111512661939,1
1140,10,17,37,0.0137631296989539,41.3111512663999,1
1141,10,17,38,0.0137495702479757,41.3111512662022,1
1142,10,17,39,0.0137359500835262,41.3111512662931,1
1143,10,17,40,0.0137236456579252,41.3111512662732,1
1144,10,18,19,0.00575743916361705,41.3111512659909,1
1145,10,18,20,0.00580764632610911,41.3111512658995,1
1146,10,18,21,0.00585579622248604,41.3111512658102,1
1147,10,18,22,0.00590132867955353,41.3111512662837,1
1148,10,18,23,0.00635509215251743,41.3111512660378,1
1149,10,18,24,0.00637641502021529,41.3111512660471,1
1150,10,18,25,0.00639494898422926,41.3111512663853,1
1151,10,18,26,0.00641359846398858,41.3111512661447,1
1152,10,18,27,0.0143702092946395,41.3111512658214,1
1153,10,18,28,0.0143902134576644,41.3111512659185,1
1154,10,18,29,0.0144100544897168,41.3111512657951,1
1155,10,18,30,0.0144296977344107,41.3111512656576,1
1156,10,18,31,0.0144491047148612,41.3111512656749,1
1157,10,18,32,0.0144686776372522,41.3111512657662,1
1158,10,18,33,0.0144896611169884,41.3111512657864,1
1159,10,18,34,0.0138100059389402,41.3111512663948,1
1160,10,18,35,0.0137976163466074,41.3111512662033,1
1161,10,18,36,0.0137840610406474,41.3111512662915,1
1162,10,18,37,0.0137704832678515,41.3111512663007,1
1163,10,18,38,0.0137569057777815,41.3111512661735,1
1164,10,18,39,0.0137432675243872,41.3111512662293,1
1165,10,18,40,0.0137309467231425,41.3111512662301,1
1166,10,19,20,0.000222029429638717,0,0
1167,10,19,21,0.000453143931841449,0,0
1168,10,19,22,0.00069313298347066,0,0
1169,10,19,23,0.00511901933672651,0,0
1170,10,19,24,0.00554392670003425,0,0
1171,10,19,25,0.00596014162669364,0,0
1172,10,19,26,0.00643413367687145,0,0
1173,10,19,27,0.0846851639624513,0,0
1174,10,19,28,0.08490138185593,0,0
1175,10,19,29,0.0851205844520297,0,0
1176,10,19,30,0.085340457265288,0,0
1177,10,19,31,0.0855619755109493,0,0
1178,10,19,32,0.0857910872238729,0,0
1179,10,19,33,0.0860421666805412,0,0
1180,10,19,34,0.0876806008852738,41.3111512666197,1
1181,10,19,35,0.0876562785965229,41.3111512668211,1
1182,10,19,36,0.0876295520452308,41.31115126678,1
1183,10,19,37,0.0876035091549502,41.3111512666801,1
1184,10,19,38,0.0875773940506106,41.3111512668088,1
1185,10,19,39,0.0875509896057261,41.3111512668282,1
1186,10,19,40,0.0875273262195113,41.3111512668015,1
1187,10,20,21,0.000231273063901899,0,0
1188,10,20,22,0.000471599005558706,0,0
1189,10,20,23,0.00491858195172062,0,0
1190,10,20,24,0.00534637238307454,0,0
1191,10,20,25,0.00576550212733226,0,0
1192,10,20,26,0.00624290837989599,0,0
1193,10,20,27,0.0848694807019068,0,0
1194,10,20,28,0.0850868126625641,0,0
1195,10,20,29,0.0853071616446079,0,0
1196,10,20,30,0.0855281943158269,0,0
1197,10,20,31,0.0857508958795505,0,0
1198,10,20,32,0.0859812507292231,0,0
1199,10,20,33,0.0862337104934928,0,0
1200,10,20,34,0.0879126426656821,41.3111512665266,1
1201,10,20,35,0.0878885860681478,41.3111512665238,1
1202,10,20,36,0.0878621491964336,41.3111512662142,1
1203,10,20,37,0.0878364028139366,41.3111512666446,1
1204,10,20,38,0.0878105835767422,41.3111512667234,1
1205,10,20,39,0.0877844748191102,41.3111512667255,1
1206,10,20,40,0.0877610802171504,41.3111512666622,1
1207,10,21,22,0.000240505229147127,0,0
1208,10,21,23,0.00470628727105936,0,0
1209,10,21,24,0.0051367752943666,0,0
1210,10,21,25,0.00555864188694777,0,0
1211,10,21,26,0.00603926354524008,0,0
1212,10,21,27,0.0850008616996524,0,0
1213,10,21,28,0.0852191989018453,0,0
1214,10,21,29,0.085440584635103,0,0
1215,10,21,30,0.0856626676021712,0,0
1216,10,21,31,0.0858864427067125,0,0
1217,10,21,32,0.0861179279407168,0,0
1218,10,21,33,0.086371645184769,0,0
1219,10,21,34,0.0880915623502194,41.3111512662636,1
1220,10,21,35,0.0880677996852363,41.3111512662243,1
1221,10,21,36,0.0880416834329957,41.3111512665863,1
1222,10,21,37,0.088016264289342,41.3111512662948,1
1223,10,21,38,0.0879907716757103,41.3111512663301,1
1224,10,21,39,0.0879649895610189,41.3111512665218,1
1225,10,21,40,0.0879418916406572,41.3111512664499,1
1226,10,22,23,0.00448186961352045,0,0
1227,10,22,24,0.00491482919077316,0,0
1228,10,22,25,0.00533921484424584,0,0
1229,10,22,26,0.00582280767621938,0,0
1230,10,22,27,0.085071592918944,460.35067354493,1
1231,10,22,28,0.085290806231452,460.350673536427,1
1232,10,22,29,0.0855130984792523,460.350673519413,1
1233,10,22,30,0.0857361015056758,460.350673504378,1
1234,10,22,31,0.0859608195306757,460.350673491084,1
1235,10,22,32,0.0861933008207368,460.350673468852,1
1236,10,22,33,0.0864481290551091,460.35067344619,1
1237,10,22,34,0.0882093339754006,41.3111512663438,1
1238,10,22,35,0.088185895397723,41.3111512661327,1
1239,10,22,36,0.0881601328095708,41.3111512663197,1
1240,10,22,37,0.0881350736732005,41.3111512662989,1
1241,10,22,38,0.0881099404839655,41.3111512663952,1
1242,10,22,39,0.0880845180382495,41.3111512663441,1
1243,10,22,40,0.088061746548656,41.3111512662294,1
1244,10,23,24,0.000450056562372114,0,0
1245,10,23,25,0.000892998019767885,0,0
1246,10,23,26,0.00139961146856729,0,0
1247,10,23,27,0.0806991838691815,41.3111512660839,1
1248,10,23,28,0.0809200603569049,41.3111512659952,1
1249,10,23,29,0.0811443764173697,41.3111512663112,1
1250,10,23,30,0.0813696081226147,41.3111512661324,1
1251,10,23,31,0.0815968661307785,41.3111512659697,1
1252,10,23,32,0.0818323583074432,41.3111512663365,1
1253,10,23,33,0.0820908444510075,41.3111512658034,1
1254,10,23,34,0.0845036477756925,41.3111512661913,1
1255,10,23,35,0.0844878164623159,41.3111512660001,1
1256,10,23,36,0.0844703677633021,41.3111512660647,1
1257,10,23,37,0.0844536936685473,41.311151266061,1
1258,10,23,38,0.0844369396121523,41.3111512661808,1
1259,10,23,39,0.0844199202056335,41.3111512659732,1
1260,10,23,40,0.0844047550292871,41.3111512660021,1
1261,10,24,25,0.000443115089805218,0,0
1262,10,24,26,0.000950107625285727,0,0
1263,10,24,27,0.0799522758998194,41.3111512661285,1
1264,10,24,28,0.0801724768214588,41.3111512661491,1
1265,10,24,29,0.0803961404090877,41.3111512661913,1
1266,10,24,30,0.0806207367206622,41.3111512662782,1
1267,10,24,31,0.0808473828657133,41.3111512663144,1
1268,10,24,32,0.0810822790551682,41.3111512663444,1
1269,10,24,33,0.0813401464686148,41.3111512662174,1
1270,10,24,34,0.0838091773271464,41.31115126583,1
1271,10,24,35,0.0837941703052526,41.3111512661385,1
1272,10,24,36,0.0837776230248122,41.311151266296,1
1273,10,24,37,0.0837618545386772,41.3111512663968,1
1274,10,24,38,0.0837460058025891,41.3111512662147,1
1275,10,24,39,0.0837298951292166,41.3111512659561,1
1276,10,24,40,0.0837155516077383,41.3111512664905,1
1277,10,25,26,0.000507170176914761,0,0
1278,10,25,27,0.0791860422148629,41.3111512653451,1
1279,10,25,28,0.0794054930362465,41.3111512654695,1
1280,10,25,29,0.0796284279247865,41.3111512652629,1
1281,10,25,30,0.0798523119931702,41.3111512653553,1
1282,10,25,31,0.0800782682718348,41.3111512649733,1
1283,10,25,32,0.0803124870430653,41.3111512650392,1
1284,10,25,33,0.080569645783828,41.3111512659512,1
1285,10,25,34,0.0830930843923631,41.3111512661771,1
1286,10,25,35,0.083078894738175,41.3111512660184,1
1287,10,25,36,0.0830632413571906,41.3111512660888,1
1288,10,25,37,0.0830483705954726,41.3111512658574,1
1289,10,25,38,0.0830334193308963,41.311151265845,1
1290,10,25,39,0.0830182095902921,41.3111512659006,1
1291,10,25,40,0.0830046805845917,41.3111512658796,1
1292,10,26,27,0.0782772995316782,41.3111512657575,1
1293,10,26,28,0.0784958038449249,41.3111512657735,1
1294,10,26,29,0.0787178153234331,41.3111512656406,1
1295,10,26,30,0.0789407944359682,41.3111512656901,1
1296,10,26,31,0.0791658705395638,41.3111512657692,1
1297,10,26,32,0.0793992200709784,41.3111512657191,1
1298,10,26,33,0.0796554646029781,41.3111512658199,1
1299,10,26,34,0.0822401643185388,41.3111512663094,1
1300,10,26,35,0.082226915876248,41.3111512663867,1
1301,10,26,36,0.0822122918888563,41.3111512663431,1
1302,10,26,37,0.0821984545848684,41.3111512662276,1
1303,10,26,38,0.0821845365208307,41.3111512660588,1
1304,10,26,39,0.0821703640459895,41.3111512662317,1
1305,10,26,40,0.0821577727231453,41.3111512662916,1
1306,10,27,28,0.000245428656158517,0,0
1307,10,27,29,0.000500706408918812,0,0
1308,10,27,30,0.00076056620153676,0,0
1309,10,27,31,0.00102800806023621,0,0
1310,10,27,32,0.00131196192899603,0,0
1311,10,27,33,0.0016299982760434,0,0
1312,10,27,34,0.0157163568677147,41.3111512661554,1
1313,10,27,35,0.015837886293971,41.311151266286,1
1314,10,27,36,0.0159705611082909,41.3111512663133,1
1315,10,27,37,0.0161052727586368,41.3111512662907,1
1316,10,27,38,0.0162398000086261,41.3111512662626,1
1317,10,27,39,0.0163744988397414,41.3111512659162,1
1318,10,27,40,0.0164966610095961,41.3111512660148,1
1319,10,28,29,0.000255294249384934,0,0
1320,10,28,30,0.000515180295100539,0,0
1321,10,28,31,0.00078266299672694,0,0
1322,10,28,32,0.00106667785996678,0,0
1323,10,28,33,0.00138479855538208,0,0
1324,10,28,34,0.0155023739972395,41.3111512662804,1
1325,10,28,35,0.0156242842012103,41.311151265999,1
1326,10,28,36,0.0157573752174809,41.3111512662229,1
1327,10,28,37,0.015892506288882,41.3111512660352,1
1328,10,28,38,0.0160274526984019,41.3111512662194,1
1329,10,28,39,0.0161625719656747,41.31115126601,1
1330,10,28,40,0.0162851146191774,41.3111512659288,1
1331,10,29,30,0.000259895885733167,0,0
1332,10,29,31,0.000527403093066223,0,0
1333,10,29,32,0.000811462312387127,0,0
1334,10,29,33,0.00112964936409437,0,0
1335,10,29,34,0.0152787475715243,41.3111512661693,1
1336,10,29,35,0.0154010456652199,41.3111512662292,1
1337,10,29,36,0.0155345606678893,41.3111512663824,1
1338,10,29,37,0.0156701189370697,41.3111512660453,1
1339,10,29,38,0.0158054922847438,41.3111512661328,1
1340,10,29,39,0.0159410398064962,41.3111512659194,1
1341,10,29,40,0.0160639700013261,41.3111512659622,1
1342,10,30,31,0.000267521843999278,0,0
1343,10,30,32,0.00055161527018259,0,0
1344,10,30,33,0.000869857610096014,0,0
1345,10,30,34,0.015050501415296,41.3111512660569,1
1346,10,30,35,0.0151731896765276,41.3111512664048,1
1347,10,30,36,0.0153071311617007,41.3111512660837,1
1348,10,30,37,0.0154431191038947,41.3111512661272,1
1349,10,30,38,0.0155789218674052,41.311151266047,1
1350,10,30,39,0.0157149001383326,41.311151265907,1
1351,10,30,40,0.0158382201216572,41.3111512659668,1
1352,10,31,32,0.000284112637346476,0,0
1353,10,31,33,0.000602393965164285,0,0
1354,10,31,34,0.0148147103730779,41.3111512661309,1
1355,10,31,35,0.0149377933407947,41.3111512660563,1
1356,10,31,36,0.0150721662792348,41.3111512661828,1
1357,10,31,37,0.0152085888435717,41.3111512661022,1
1358,10,31,38,0.0153448259749306,41.3111512659541,1
1359,10,31,39,0.0154812399762841,41.3111512659008,1
1360,10,31,40,0.0156049542403538,41.3111512659835,1
1361,10,32,33,0.000318299877338035,0,0
1362,10,32,34,0.0145632325061504,41.3111512660958,1
1363,10,32,35,0.0146867258199229,41.3111512661699,1
1364,10,32,36,0.0148215473193603,41.3111512662358,1
1365,10,32,37,0.0149584216629065,41.3111512662503,1
1366,10,32,38,0.0150951103167258,41.311151266143,1
1367,10,32,39,0.0152319772749186,41.311151266223,1
1368,10,32,40,0.0153561013875666,41.3111512662709,1
1369,10,33,34,0.0142805435137794,41.3111512661903,1
1370,10,33,35,0.0144044884877057,41.311151265967,1
1371,10,33,36,0.0145398037210284,41.3111512662592,1
1372,10,33,37,0.0146771752698902,41.3111512659556,1
1373,10,33,38,0.0148143608535051,41.3111512660063,1
1374,10,33,39,0.0149517263368297,41.3111512660805,1
1375,10,33,40,0.0150763015111084,41.3111512661853,1
1376,10,34,35,0.000130341967503777,41.3111512662699,1
1377,10,34,36,0.000272669748379413,41.3111512661511,1
1378,10,34,37,0.000416979533402802,41.3111512651615,1
1379,10,34,38,0.000561111797459781,41.3111512661097,1
1380,10,34,39,0.000705475409188092,41.3111512660213,1
1381,10,34,40,0.000836350218448413,41.3111512662048,1
1382,10,35,36,0.000142328030120009,41.3111512658307,1
1383,10,35,37,0.000286636498287707,41.3111512661147,1
1384,10,35,38,0.000430767602082723,41.311151265892,1
1385,10,35,39,0.000575130419494499,41.3111512662503,1
1386,10,35,40,0.000706004101452074,41.3111512658477,1
1387,10,36,37,0.000144306754264152,41.311151266059,1
1388,10,36,38,0.000288436315488797,41.3111512661196,1
1389,10,36,39,0.000432797989484235,41.3111512647747,1
1390,10,36,40,0.00056367019021275,41.3111512659999,1
1391,10,37,38,0.000144129732805955,41.3111512659419,1
1392,10,37,39,0.000288491985881202,41.3111512664549,1
1393,10,37,40,0.000419364260741026,41.3111512661439,1
1394,10,38,39,0.000144362659797349,41.3111512661052,1
1395,10,38,40,0.000275234853089891,41.31115126591,1
1396,10,39,40,0.000130871742283031,41.3111512659193,1
1397,11,12,13,3.35025590562509e-10,0,0
1398,11,12,14,5.95698731555996e-10,0,0
1399,11,12,15,2.99479961635585e-07,0,0
1400,11,12,16,3.00975573058488e-07,0,0
1401,11,12,17,3.02159365363989e-07,0,0
1402,11,12,18,3.03540732263328e-07,0,0
1403,11,12,19,1.04598201879679e-05,41.3111512648342,1
1404,11,12,20,1.05373467414946e-05,41.3111512657842,1
1405,11,12,21,1.06109613541381e-05,41.3111512661031,1
1406,11,12,22,1.06797073183042e-05,41.3111512660192,1
1407,11,12,23,1.12822422186857e-05,41.311151266299,1
1408,11,12,24,1.13017237671313e-05,41.31115126618,1
1409,11,12,25,1.13167440559808e-05,41.3111512661405,1
1410,11,12,26,1.13296042821166e-05,41.311151266273,1
1411,11,12,27,2.16722826386906e-05,465.310349700455,1
1412,11,12,28,2.16966638193622e-05,465.310349706081,1
1413,11,12,29,2.17206137659576e-05,465.310349707457,1
1414,11,12,30,2.17441814358427e-05,460.350673697178,1
1415,11,12,31,2.17672539903693e-05,460.350673700948,1
1416,11,12,32,2.17902447152626e-05,460.350673698596,1
1417,11,12,33,2.1814622618882e-05,460.350673693944,1
1418,11,12,34,1.99040605954673e-05,41.3111512659672,1
1419,11,12,35,1.98835873569045e-05,41.3111512659941,1
1420,11,12,36,1.98611918074826e-05,41.3111512658695,1
1421,11,12,37,1.98387348054468e-05,41.3111512658732,1
1422,11,12,38,1.98162808041913e-05,41.31115126615,1
1423,11,12,39,1.97937321960023e-05,41.3111512658768,1
1424,11,12,40,1.9773355467094e-05,41.3111512658605,1
1425,11,13,14,1.93460307641528e-10,0,0
1426,11,13,15,8.28134575392089e-07,41.3111512663753,1
1427,11,13,16,8.31433053521177e-07,41.3111512662929,1
1428,11,13,17,8.34087631719493e-07,41.3111512663484,1
1429,11,13,18,8.37137894902588e-07,41.311151265858,1
1430,11,13,19,2.06804693253862e-05,41.311151266007,1
1431,11,13,20,2.08409228143903e-05,41.3111512663627,1
1432,11,13,21,2.09939652467397e-05,41.311151266138,1
1433,11,13,22,2.11377019994916e-05,41.3111512662161,1
1434,11,13,23,2.24759304796093e-05,41.3111512661362,1
1435,11,13,24,2.25287127713358e-05,41.3111512662218,1
1436,11,13,25,2.25723991197236e-05,41.3111512658854,1
1437,11,13,26,2.26137736279997e-05,41.3111512659659,1
1438,11,13,27,4.56457756663059e-05,460.350673644782,1
1439,11,13,28,4.57010717733602e-05,460.350673654197,1
1440,11,13,29,4.57556155038091e-05,460.350673652777,1
1441,11,13,30,4.58094264970468e-05,460.350673647316,1
1442,11,13,31,4.58623144927103e-05,460.350673651636,1
1443,11,13,32,4.59152925887385e-05,460.350673656824,1
1444,11,13,33,4.59717368774676e-05,460.350673650374,1
1445,11,13,34,4.2202719061378e-05,41.3111512660504,1
1446,11,13,35,4.21614964626199e-05,41.311151266067,1
1447,11,13,36,4.21163991846177e-05,41.3111512658768,1
1448,11,13,37,4.20712041591734e-05,41.3111512659557,1
1449,11,13,38,4.20260125815336e-05,41.3111512661256,1
1450,11,13,39,4.19806244466858e-05,41.3111512660456,1
1451,11,13,40,4.19396148886239e-05,41.3111512663874,1
1452,11,14,15,1.29954619264858e-06,41.3111512653359,1
1453,11,14,16,1.3045474756535e-06,41.3111512655775,1
1454,11,14,17,1.30858391967324e-06,41.3111512657301,1
1455,11,14,18,1.31320982971715e-06,41.3111512659956,1
1456,11,14,19,3.07312921899103e-05,41.3111512663278,1
1457,11,14,20,3.0971821962128e-05,41.3111512665475,1
1458,11,14,21,3.1201433309409e-05,41.3111512658027,1
1459,11,14,22,3.14173099109586e-05,41.311151266243,1
1460,11,14,23,3.34488395617952e-05,41.3111512666923,1
1461,11,14,24,3.35314405291685e-05,41.3111512666111,1
1462,11,14,25,3.36004444299858e-05,41.3111512665901,1
1463,11,14,26,3.36665850455692e-05,0,0
1464,11,14,27,6.86467089347012e-05,460.350673685169,1
1465,11,14,28,6.87309503506206e-05,460.350673683784,1
1466,11,14,29,6.88141030046191e-05,460.350673683711,1
1467,11,14,30,6.88961735464608e-05,460.350673680332,1
1468,11,14,31,6.89768888386816e-05,460.350673687035,1
1469,11,14,32,6.90578115880303e-05,458.665046339318,1
1470,11,14,33,6.91440964429441e-05,458.665046331707,1
1471,11,14,34,6.35457741999315e-05,41.3111512665747,1
1472,11,14,35,6.34842998190402e-05,41.3111512665031,1
1473,11,14,36,6.34170460268868e-05,41.3111512667053,1
1474,11,14,37,6.3349653918833e-05,41.3111512666863,1
1475,11,14,38,6.32822662083934e-05,41.3111512665791,1
1476,11,14,39,6.32145836363188e-05,41.3111512664898,1
1477,11,14,40,6.31534323271218e-05,41.3111512665213,1
1478,11,15,16,7.4841873037654e-07,0,0
1479,11,15,17,1.30164919006382e-06,0,0
1480,11,15,18,1.98955183420615e-06,0,0
1481,11,15,19,0.00736884781348177,41.3111512663214,1
1482,11,15,20,0.00741705253340445,41.3111512662404,1
1483,11,15,21,0.00746221226044338,41.311151266394,1
1484,11,15,22,0.00750365575920276,41.3111512662805,1
1485,11,15,23,0.00779678969520436,41.3111512660366,1
1486,11,15,24,0.0077977630690661,41.3111512660599,1
1487,11,15,25,0.00779583973714331,41.3111512663494,1
1488,11,15,26,0.00779064360201544,41.3111512663429,1
1489,11,15,27,0.0127678946234388,41.3111512663071,1
1490,11,15,28,0.0127787320722196,41.311151266359,1
1491,11,15,29,0.0127891761238119,41.3111512662176,1
1492,11,15,30,0.012799330238003,41.3111512664372,1
1493,11,15,31,0.0128090855681393,41.3111512663104,1
1494,11,15,32,0.0128185580864229,41.3111512662706,1
1495,11,15,33,0.0128283610732071,41.3111512662519,1
1496,11,15,34,0.0114748610065227,41.3111512663358,1
1497,11,15,35,0.0114611030890558,41.3111512663319,1
1498,11,15,36,0.0114460570810244,41.3111512661267,1
1499,11,15,37,0.011430946547664,41.3111512662103,1
1500,11,15,38,0.0114158403498076,41.3111512663553,1
1501,11,15,39,0.0114006760001949,41.3111512662465,1
1502,11,15,40,0.0113869662030811,41.3111512662417,1
1503,11,16,17,5.5303493896291e-07,44.9661661724546,1
1504,11,16,18,1.24092086810226e-06,41.3111512660189,1
1505,11,16,19,0.00737950831845737,41.3111512662706,1
1506,11,16,20,0.00742776003052248,41.3111512660967,1
1507,11,16,21,0.00747296131910238,41.3111512664611,1
1508,11,16,22,0.00751443998750346,41.3111512659475,1
1509,11,16,23,0.00780753207114923,41.3111512660901,1
1510,11,16,24,0.00780846162048722,41.3111512663277,1
1511,11,16,25,0.00780649114677029,41.3111512662276,1
1512,11,16,26,0.00780123692350498,41.3111512662254,1
1513,11,16,27,0.012777497492283,41.3111512662823,1
1514,11,16,28,0.0127883281335296,41.3111512663285,1
1515,11,16,29,0.0127987644906313,41.311151266162,1
1516,11,16,30,0.0128089104177091,41.3111512662147,1
1517,11,16,31,0.0128186568065166,41.3111512662187,1
1518,11,16,32,0.0128281191755984,41.3111512661487,1
1519,11,16,33,0.0128379101969053,41.3111512662548,1
1520,11,16,34,0.0114824253237785,41.3111512663287,1
1521,11,16,35,0.0114686498627561,41.3111512661462,1
1522,11,16,36,0.0114535846823807,41.3111512662742,1
1523,11,16,37,0.011438454808009,41.3111512662486,1
1524,11,16,38,0.0114233292832936,41.3111512662583,1
1525,11,16,39,0.0114081455528391,41.3111512662297,1
1526,11,16,40,0.0113944182113007,41.3111512663811,1
1527,11,17,18,6.88053284617952e-07,0,0
1528,11,17,19,0.00738931362961836,41.3111512661764,1
1529,11,17,20,0.00743761267148011,41.3111512660089,1
1530,11,17,21,0.00748285648007143,41.3111512660906,1
1531,11,17,22,0.00752437197275125,41.3111512662036,1
1532,11,17,23,0.00781750969897657,41.311151266315,1
1533,11,17,24,0.00781840710755474,41.3111512660987,1
1534,11,17,25,0.00781640128420448,41.3111512660506,1
1535,11,17,26,0.00781110276477481,41.3111512661651,1
1536,11,17,27,0.0127879314742678,41.3111512663816,1
1537,11,17,28,0.0127987599146216,41.3111512663733,1
1538,11,17,29,0.0128091933124199,41.3111512665071,1
1539,11,17,30,0.0128193358403033,41.3111512663236,1
1540,11,17,31,0.0128290781682208,41.3111512663618,1
1541,11,17,32,0.0128385355096706,41.3111512663532,1
1542,11,17,33,0.0128483202470896,41.311151266001,1
1543,11,17,34,0.0114910146115491,41.3111512662128,1
1544,11,17,35,0.0114772225881576,41.311151266084,1
1545,11,17,36,0.0114621393049069,41.3111512662017,1
1546,11,17,37,0.0114469911861239,41.3111512662201,1
1547,11,17,38,0.0114318474285915,41.311151266212,1
1548,11,17,39,0.0114166454102238,41.3111512663272,1
1549,11,17,40,0.0114029015182452,41.3111512662125,1
1550,11,18,19,0.00739927671521306,41.3111512661438,1
1551,11,18,20,0.0074476200260912,41.3111512660914,1
1552,11,18,21,0.00749290304420214,41.3111512660395,1
1553,11,18,22,0.00753445178834495,41.3111512661462,1
1554,11,18,23,0.00782755759311941,41.3111512659498,1
1555,11,18,24,0.0078284147425023,41.3111512660848,1
1556,11,18,25,0.00782636554622185,41.3111512661698,1
1557,11,18,26,0.00782101351953065,41.3111512661708,1
1558,11,18,27,0.0127970430237055,41.3111512658289,1
1559,11,18,28,0.0128078654490136,41.3111512658767,1
1560,11,18,29,0.0128182920077419,41.3111512663111,1
1561,11,18,30,0.01282842723729,41.3111512658759,1
1562,11,18,31,0.0128381615647352,41.311151265842,1
1563,11,18,32,0.0128476097891903,41.3111512663115,1
1564,11,18,33,0.0128573837475813,41.3111512662916,1
1565,11,18,34,0.0114982235655138,41.3111512662539,1
1566,11,18,35,0.0114844151098481,41.3111512661803,1
1567,11,18,36,0.0114693138684683,41.3111512663476,1
1568,11,18,37,0.0114541476350859,41.3111512663143,1
1569,11,18,38,0.0114389857760591,41.3111512663094,1
1570,11,18,39,0.0114237656052802,41.3111512664065,1
1571,11,18,40,0.0114100052813032,41.3111512663373,1
1572,11,19,20,0.000223950448903694,0,0
1573,11,19,21,0.000457997002405287,0,0
1574,11,19,22,0.000702043389797982,0,0
1575,11,19,23,0.00528952802195333,0,0
1576,11,19,24,0.00573488419669926,0,0
1577,11,19,25,0.0061716410601191,0,0
1578,11,19,26,0.00666955647170399,0,0
1579,11,19,27,0.0873175969852378,0,0
1580,11,19,28,0.0875389922461462,0,0
1581,11,19,29,0.0877635168171981,0,0
1582,11,19,30,0.0879887618175936,0,0
1583,11,19,31,0.0882157524435349,0,0
1584,11,19,32,0.0884506072714731,0,0
1585,11,19,33,0.088708052151185,0,0
1586,11,19,34,0.0889709296162223,41.3111512664059,1
1587,11,19,35,0.088947693215836,41.3111512663367,1
1588,11,19,36,0.0889221460746468,41.3111512664083,1
1589,11,19,37,0.0888973405136797,41.3111512664576,1
1590,11,19,38,0.088872457363939,41.3111512659394,1
1591,11,19,39,0.0888472774090734,41.3111512659244,1
1592,11,19,40,0.0888247349936756,41.3111512659534,1
1593,11,20,21,0.000234205141037563,0,0
1594,11,20,22,0.000478588473589657,0,0
1595,11,20,23,0.00508717422483742,0,0
1596,11,20,24,0.0055354141994248,0,0
1597,11,20,25,0.00597508664393232,0,0
1598,11,20,26,0.00647641718233107,0,0
1599,11,20,27,0.0875007659973663,0,0
1600,11,20,28,0.087723280191008,0,0
1601,11,20,29,0.0879489561217073,0,0
1602,11,20,30,0.0881753660062128,0,0
1603,11,20,31,0.0884035450552573,0,0
1604,11,20,32,0.0886396483465528,0,0
1605,11,20,33,0.0888984794233053,0,0
1606,11,20,34,0.0892042114688815,41.3111512662971,1
1607,11,20,35,0.0891812411871163,41.3111512662034,1
1608,11,20,36,0.0891559841954215,41.3111512663272,1
1609,11,20,37,0.0891314755961594,41.3111512665299,1
1610,11,20,38,0.0891068887687993,41.3111512667198,1
1611,11,20,39,0.0890820049620273,41.3111512668717,1
1612,11,20,40,0.0890597317426351,41.3111512668739,1
1613,11,21,22,0.000244562649620819,0,0
1614,11,21,23,0.00487195223151553,0,0
1615,11,21,24,0.00532289063996833,0,0
1616,11,21,25,0.00576530082183356,0,0
1617,11,21,26,0.00626984785515712,0,0
1618,11,21,27,0.0876303598141518,0,0
1619,11,21,28,0.0878538866059911,0,0
1620,11,21,29,0.0880806068076887,0,0
1621,11,21,30,0.0883080745872006,0,0
1622,11,21,31,0.0885373348952849,0,0
1623,11,21,32,0.0887745766236711,0,0
1624,11,21,33,0.0890346740836439,0,0
1625,11,21,34,0.0893850065211207,41.3111512663364,1
1626,11,21,35,0.0893623308096497,41.3111512659735,1
1627,11,21,36,0.0893373951387991,41.3111512661508,1
1628,11,21,37,0.0893132144545589,41.3111512660097,1
1629,11,21,38,0.0892889549290181,41.3111512662618,1
1630,11,21,39,0.0892643984520994,41.3111512660887,1
1631,11,21,40,0.0892424225276837,41.3111512665016,1
1632,11,22,23,0.00464348207539703,0,0
1633,11,22,24,0.00509689299653597,0,0
1634,11,22,25,0.00554182326230099,0,0
1635,11,22,26,0.00604934273518404,0,0
1636,11,22,27,0.0876985913990068,0,0
1637,11,22,28,0.0879230044289885,0,0
1638,11,22,29,0.0881506414973242,0,0
1639,11,22,30,0.0883790397976151,0,0
1640,11,22,31,0.0886092536513316,0,0
1641,11,22,32,0.088847502521145,0,0
1642,11,22,33,0.0891087232276894,0,0
1643,11,22,34,0.0895053602397948,41.3111512658755,1
1644,11,22,35,0.0894830094871757,41.3111512663101,1
1645,11,22,36,0.0894584284390636,41.3111512660764,1
1646,11,22,37,0.0894346086853122,41.3111512661702,1
1647,11,22,38,0.0894107095103031,41.3111512661799,1
1648,11,22,39,0.0893865136405484,41.3111512663281,1
1649,11,22,40,0.0893648649843779,41.3111512662117,1
1650,11,23,24,0.000470521285470678,0,0
1651,11,23,25,0.000934023181095919,0,0
1652,11,23,26,0.00146458466797319,0,0
1653,11,23,27,0.0832234318736348,676.544343610954,1
1654,11,23,28,0.0834499051761166,676.544343609044,1
1655,11,23,29,0.0836799719112765,676.544343612179,1
1656,11,23,30,0.0839110090380459,676.544343609007,1
1657,11,23,31,0.0841441794229715,676.544343608855,1
1658,11,23,32,0.0843858737280403,676.544343608892,1
1659,11,23,33,0.0846512327721436,676.544343613446,1
1660,11,23,34,0.0859009501057135,41.311151265985,1
1661,11,23,35,0.0858862400126481,41.3111512660141,1
1662,11,23,36,0.0858700096047075,41.3111512659514,1
1663,11,23,37,0.0858546101616239,41.3111512660502,1
1664,11,23,38,0.085839125511716,41.3111512663692,1
1665,11,23,39,0.0858233685625498,41.3111512660442,1
1666,11,23,40,0.0858093582153852,41.3111512659925,1
1667,11,24,25,0.000463675829935615,0,0
1668,11,24,26,0.000994617130425791,0,0
1669,11,24,27,0.0824633038069062,460.350673681264,1
1670,11,24,28,0.0826891513637505,458.665046334096,1
1671,11,24,29,0.0829186165426522,458.665046337433,1
1672,11,24,30,0.0831490697314754,458.665046337009,1
1673,11,24,31,0.0833816805106289,458.665046329454,1
1674,11,24,32,0.0836228333412286,458.66504633991,1
1675,11,24,33,0.0838876339220982,458.665046336407,1
1676,11,24,34,0.0852191884038268,41.3111512659227,1
1677,11,24,35,0.0852053067382096,41.3111512661308,1
1678,11,24,36,0.0851899823017087,41.3111512662139,1
1679,11,24,37,0.0851754928277846,41.3111512659834,1
1680,11,24,38,0.0851609178747594,41.3111512662089,1
1681,11,24,39,0.085146074097828,41.3111512662599,1
1682,11,24,40,0.0851328893614991,41.311151265937,1
1683,11,25,26,0.000531119318968454,0,0
1684,11,25,27,0.0816837509547763,460.3506736931,1
1685,11,25,28,0.0819088983822598,460.35067369411,1
1686,11,25,29,0.082137685931956,460.350673700676,1
1687,11,25,30,0.0823674784883319,41.3111512661575,1
1688,11,25,31,0.0825994518156302,41.3111512660453,1
1689,11,25,32,0.0828399819042114,41.311151265988,1
1690,11,25,33,0.0831041342597631,41.3111512664544,1
1691,11,25,34,0.0845158430421495,41.3111512662557,1
1692,11,25,35,0.0845027828830071,41.3111512663477,1
1693,11,25,36,0.0844883569021502,41.3111512660043,1
1694,11,25,37,0.0844747695147734,41.3111512662204,1
1695,11,25,38,0.0844610964115785,41.3111512662392,1
1696,11,25,39,0.0844471580086422,41.3111512663267,1
1697,11,25,40,0.0844347917455245,41.3111512661714,1
1698,11,26,27,0.0807594483077577,458.665046312575,1
1699,11,26,28,0.0809837073287184,458.665046318951,1
1700,11,26,29,0.0812116308472364,458.665046314572,1
1701,11,26,30,0.0814405784555874,460.350673699478,1
1702,11,26,31,0.0816717325499015,460.350673594724,1
1703,11,26,32,0.0819114569697524,460.350673514987,1
1704,11,26,33,0.0821747653973605,460.350673415242,1
1705,11,26,34,0.0836777452458588,41.3111512659723,1
1706,11,26,35,0.0836656310987376,41.3111512662623,1
1707,11,26,36,0.0836522397960112,41.311151266332,1
1708,11,26,37,0.0836396909238376,41.3111512661168,1
1709,11,26,38,0.0836270560976062,41.3111512660768,1
1710,11,26,39,0.0836141601102578,41.3111512663168,1
1711,11,26,40,0.0836027361182909,41.3111512659541,1
1712,11,27,28,0.000255189335431426,0,0
1713,11,27,29,0.000520462363890692,0,0
1714,11,27,30,0.000790419300059381,0,0
1715,11,27,31,0.00106812627122043,0,0
1716,11,27,32,0.00136281062567556,0,0
1717,11,27,33,0.00169272052580823,0,0
1718,11,27,34,0.018186583364493,41.3111512661306,1
1719,11,27,35,0.0183093472488972,41.3111512660041,1
1720,11,27,36,0.0184433706517267,41.3111512658917,1
1721,11,27,37,0.0185794435764319,41.3111512660082,1
1722,11,27,38,0.0187153306903969,41.3111512661024,1
1723,11,27,39,0.0188513926071373,41.3111512661014,1
1724,11,27,40,0.0189747887441988,41.311151265977,1
1725,11,28,29,0.000265289450295393,0,0
1726,11,28,30,0.000535272578943486,0,0
1727,11,28,31,0.00081302029126637,0,0
1728,11,28,32,0.0011077654498694,0,0
1729,11,28,33,0.00143775944875084,0,0
1730,11,28,34,0.0179726744884205,41.3111512659846,1
1731,11,28,35,0.0180958175521074,41.311151266027,1
1732,11,28,36,0.018230255436158,41.3111512659012,1
1733,11,28,37,0.0183667458713827,41.3111512660474,1
1734,11,28,38,0.0185030502514974,41.3111512660999,1
1735,11,28,39,0.0186395307450284,41.3111512662403,1
1736,11,28,40,0.0187633056362597,41.311151266152,1
1737,11,29,30,0.000269992983957031,0,0
1738,11,29,31,0.000547765176429139,0,0
1739,11,29,32,0.000842554578425905,0,0
1740,11,29,33,0.00117261476895838,0,0
1741,11,29,34,0.0177491427629813,41.3111512659374,1
1742,11,29,35,0.0178726720890019,41.3111512659505,1
1743,11,29,36,0.0180075322076972,41.311151266129,1
1744,11,29,37,0.0181444478946766,41.3111512660755,1
1745,11,29,38,0.0182811772844771,41.3111512659514,1
1746,11,29,39,0.0184180841388753,41.3111512659336,1
1747,11,29,40,0.0185422448098431,41.3111512658505,1
1748,11,30,31,0.000277786787616238,0,0
1749,11,30,32,0.000572610266223476,0,0
1750,11,30,33,0.000902725560478397,0,0
1751,11,30,34,0.0175209884930749,41.3111512658897,1
1752,11,30,35,0.017644906340766,41.311151265954,1
1753,11,30,36,0.0177801911702948,41.311151266024,1
1754,11,30,37,0.0179175345623474,41.311151266059,1
1755,11,30,38,0.0180546914177814,41.3111512660327,1
1756,11,30,39,0.0181920271063579,41.3111512662079,1
1757,11,30,40,0.0183165757843885,41.3111512661908,1
1758,11,31,32,0.000294842601478244,0,0
1759,11,31,33,0.000624996744912027,0,0
1760,11,31,34,0.0172853010239506,41.3111512660109,1
1761,11,31,35,0.0174096119099584,41.3111512660607,1
1762,11,31,36,0.0175453263971575,41.3111512659862,1
1763,11,31,37,0.0176831024162735,41.3111512659564,1
1764,11,31,38,0.0178206916625027,41.3111512659496,1
1765,11,31,39,0.0179584611402576,41.3111512662913,1
1766,11,31,40,0.0180834022930409,41.3111512660615,1
1767,11,32,33,0.000330172650065961,0,0
1768,11,32,34,0.0170339526725285,41.3111512660285,1
1769,11,32,35,0.0171586721714142,41.3111512659247,1
1770,11,32,36,0.0172948333542092,41.3111512660703,1
1771,11,32,37,0.0174330590787155,41.3111512660446,1
1772,11,32,38,0.0175710977924181,41.3111512658901,1
1773,11,32,39,0.0177093182094812,41.3111512660106,1
1774,11,32,40,0.0178346673335888,41.3111512658523,1
1775,11,33,34,0.0167514168654342,41.3111512658557,1
1776,11,33,35,0.0168765861116027,41.3111512660071,1
1777,11,33,36,0.0170132389695595,41.3111512659321,1
1778,11,33,37,0.0171519596100892,41.3111512660055,1
1779,11,33,38,0.0172904929851274,41.3111512659517,1
1780,11,33,39,0.0174292097003216,41.3111512660133,1
1781,11,33,40,0.0175550078137627,41.311151265944,1
1782,11,34,35,0.000129928079140521,41.3111512663749,1
1783,11,34,36,0.000271810155386019,41.311151266459,1
1784,11,34,37,0.000415626103632593,41.3111512662476,1
1785,11,34,38,0.000559268883123893,41.3111512664462,1
1786,11,34,39,0.000703151594052825,41.3111512648191,1
1787,11,34,40,0.000833579353582283,41.3111512662774,1
1788,11,35,36,0.000141882328712807,41.3111512664344,1
1789,11,35,37,0.000285696941398839,41.3111512662493,1
1790,11,35,38,0.000429338543861966,41.3111512658937,1
1791,11,35,39,0.00057322044853755,41.3111512663492,1
1792,11,35,40,0.000703647064110115,41.3111512662658,1
1793,11,36,37,0.000143812874794273,41.3111512659155,1
1794,11,36,38,0.000287452912820375,41.3111512663796,1
1795,11,36,39,0.000431333657480448,41.3111512663905,1
1796,11,36,40,0.000561758770408413,41.311151266186,1
1797,11,37,38,0.000143640211723838,41.3111512659061,1
1798,11,37,39,0.000287521542954485,41.3111512663037,1
1799,11,37,40,0.000417946730346138,41.3111512663287,1
1800,11,38,39,0.000143881743316509,41.311151265858,1
1801,11,38,40,0.000274306847554417,41.3111512661917,1
1802,11,39,40,0.000130424646770995,41.3111512659951,1
1803,12,13,14,6.72128375210564e-11,0,0
1804,12,13,15,5.28320436978674e-07,0,0
1805,12,13,16,5.30123306016327e-07,0,0
1806,12,13,17,5.31594094079282e-07,0,0
1807,12,13,18,5.33262992549223e-07,0,0
1808,12,13,19,1.02203165762973e-05,41.3111512661116,1
1809,12,13,20,1.03032435025971e-05,41.311151266153,1
1810,12,13,21,1.03826713106214e-05,41.311151266406,1
1811,12,13,22,1.04576620848134e-05,41.311151265863,1
1812,12,13,23,1.11933553924651e-05,41.3111512658369,1
1813,12,13,24,1.12266561261547e-05,41.3111512651613,1
1814,12,13,25,1.12553221807664e-05,41.3111512663194,1
1815,12,13,26,1.12838364630507e-05,41.3111512661271,1
1816,12,13,27,2.39732773905169e-05,41.3111512662615,1
1817,12,13,28,2.40041931268836e-05,41.3111512662186,1
1818,12,13,29,2.4034787738457e-05,41.3111512665248,1
1819,12,13,30,2.40650318982724e-05,41.3111512662368,1
1820,12,13,31,2.40948481888548e-05,41.3111512662454,1
1821,12,13,32,2.41248364460239e-05,41.3111512664921,1
1822,12,13,33,2.41569038106487e-05,41.3111512665104,1
1823,12,13,34,2.22988657560194e-05,41.3111512661282,1
1824,12,13,35,2.22781164616395e-05,41.3111512664029,1
1825,12,13,36,2.2255414805529e-05,41.3111512664232,1
1826,12,13,37,2.2232676851433e-05,41.3111512660343,1
1827,12,13,38,2.22099393446112e-05,41.3111512661428,1
1828,12,13,39,2.21870998885418e-05,41.3111512661625,1
1829,12,13,40,2.21664671222685e-05,41.3111512657581,1
1830,12,14,15,9.99472045243397e-07,0,0
1831,12,14,16,1.00297772098832e-06,0,0
1832,12,14,17,1.00583037657533e-06,0,0
1833,12,14,18,1.00907492362476e-06,0,0
1834,12,14,19,2.02708808148986e-05,41.3111512657572,1
1835,12,14,20,2.04338840182304e-05,41.3111512663696,1
1836,12,14,21,2.05898807330114e-05,41.311151266283,1
1837,12,14,22,2.07370113456526e-05,41.3111512663712,1
1838,12,14,23,2.21660056197916e-05,41.3111512664319,1
1839,12,14,24,2.22291250219116e-05,41.3111512660725,1
1840,12,14,25,2.22831086252994e-05,41.3111512661087,1
1841,12,14,26,2.23363890151703e-05,41.3111512662338,1
1842,12,14,27,4.6974043147012e-05,41.3111512659649,1
1843,12,14,28,4.70339048227533e-05,41.3111512658915,1
1844,12,14,29,4.70931090022081e-05,41.3111512661525,1
1845,12,14,30,4.71516133617594e-05,41.3111512659702,1
1846,12,14,31,4.72092576100924e-05,41.3111512659068,1
1847,12,14,32,4.72671912102873e-05,41.3111512660487,1
1848,12,14,33,4.73290999035078e-05,41.3111512658369,1
1849,12,14,34,4.36420824274364e-05,41.3111512662118,1
1850,12,14,35,4.36010814018756e-05,41.3111512664117,1
1851,12,14,36,4.35562232877426e-05,41.31115126632,1
1852,12,14,37,4.35112883046609e-05,41.3111512663448,1
1853,12,14,38,4.3466354718899e-05,41.3111512663535,1
1854,12,14,39,4.34212208802465e-05,41.3111512660883,1
1855,12,14,40,4.33804464115076e-05,41.3111512659169,1
1856,12,15,16,7.46924824292947e-07,0,0
1857,12,15,17,1.29897255114867e-06,0,0
1858,12,15,18,1.98549537377077e-06,0,0
1859,12,15,19,0.00735871177101477,41.3111512661935,1
1860,12,15,20,0.00740683916900726,41.3111512662784,1
1861,12,15,21,0.00745192547838229,41.3111512663509,1
1862,12,15,22,0.00749330041821919,41.3111512663042,1
1863,12,15,23,0.00778583358910752,41.3111512661809,1
1864,12,15,24,0.0077867875393477,41.3111512661657,1
1865,12,15,25,0.00778484922959919,41.3111512660151,1
1866,12,15,26,0.00777964026669574,41.3111512661242,1
1867,12,15,27,0.0127464700075584,41.3111512661968,1
1868,12,15,28,0.0127572824128965,41.3111512661547,1
1869,12,15,29,0.0127677018353134,41.3111512660354,1
1870,12,15,30,0.0127778316938272,41.3111512660398,1
1871,12,15,31,0.0127875632505433,41.3111512660891,1
1872,12,15,32,0.0127970120443193,41.3111512659587,1
1873,12,15,33,0.01280678983938,41.3111512657669,1
1874,12,15,34,0.0114548220773964,41.3111512668396,1
1875,12,15,35,0.0114410845224596,41.311151266782,1
1876,12,15,36,0.0114260607884545,41.3111512668404,1
1877,12,15,37,0.0114109725932469,41.3111512667422,1
1878,12,15,38,0.011395888730314,41.3111512668879,1
1879,12,15,39,0.0113807468090827,41.3111512668244,1
1880,12,15,40,0.0113670572808665,41.3111512667536,1
1881,12,16,17,5.51852204681478e-07,44.9661661724008,1
1882,12,16,18,1.2383583121523e-06,0,0
1883,12,16,19,0.00736937383338375,41.3111512657978,1
1884,12,16,20,0.0074175482240991,41.3111512663619,1
1885,12,16,21,0.00746267609557949,41.3111512663668,1
1886,12,16,22,0.00750408620560072,41.3111512664991,1
1887,12,16,23,0.00779657752954055,41.3111512661997,1
1888,12,16,24,0.00779748765543534,41.311151266337,1
1889,12,16,25,0.00779550220401921,41.3111512659835,1
1890,12,16,26,0.00779023515306715,41.3111512662609,1
1891,12,16,27,0.0127560739898481,41.3111512663249,1
1892,12,16,28,0.0127668795842059,41.3111512661786,1
1893,12,16,29,0.0127772913086037,41.3111512663934,1
1894,12,16,30,0.012787412976434,41.3111512659495,1
1895,12,16,31,0.0127971355881898,41.3111512660342,1
1896,12,16,32,0.0128065742289685,41.3111512662743,1
1897,12,16,33,0.012816340054349,41.31115126604,1
1898,12,16,34,0.0114623856077744,41.3111512668671,1
1899,12,16,35,0.0114486305088459,41.3111512669105,1
1900,12,16,36,0.0114335876020175,41.3111512668788,1
1901,12,16,37,0.0114184800653329,41.3111512668867,1
1902,12,16,38,0.0114033768750743,41.311151266912,1
1903,12,16,39,0.011388215572529,41.3111512669092,1
1904,12,16,40,0.0113745084994657,41.3111512668146,1
1905,12,17,18,6.86673464171163e-07,0,0
1906,12,17,19,0.00737918038737804,41.3111512661439,1
1907,12,17,20,0.00742740210842461,41.3111512663145,1
1908,12,17,21,0.00747257250043449,41.3111512660623,1
1909,12,17,22,0.0075140194352306,41.3111512658392,1
1910,12,17,23,0.00780655640661404,41.3111512661155,1
1911,12,17,24,0.00780743439190907,0,0
1912,12,17,25,0.00780541359097432,41.3111512664437,1
1913,12,17,26,0.00780010224394069,41.3111512659702,1
1914,12,17,27,0.0127665088741463,41.3111512661759,1
1915,12,17,28,0.0127773122649072,41.3111512662427,1
1916,12,17,29,0.0127877210272321,41.3111512662704,1
1917,12,17,30,0.0127978392930651,41.31115126629,1
1918,12,17,31,0.0128075578410788,41.3111512661881,1
1919,12,17,32,0.0128169914512436,41.3111512659305,1
1920,12,17,33,0.0128267509894331,41.3111512661256,1
1921,12,17,34,0.0114709742920183,41.3111512664876,1
1922,12,17,35,0.0114572026303555,41.3111512665706,1
1923,12,17,36,0.0114421416202506,41.3111512667775,1
1924,12,17,37,0.0114270158387645,41.3111512665779,1
1925,12,17,38,0.0114118944152975,41.3111512668188,1
1926,12,17,39,0.0113967148244436,41.3111512666863,1
1927,12,17,40,0.0113829912005859,41.3111512666209,1
1928,12,18,19,0.00738914491243946,41.311151266145,1
1929,12,18,20,0.0074374109030462,41.3111512663252,1
1930,12,18,21,0.00748262050510427,41.3111512664013,1
1931,12,18,22,0.00752410069187136,41.3111512663057,1
1932,12,18,23,0.00781660574685798,41.3111512663287,1
1933,12,18,24,0.00781744347312439,41.3111512661302,1
1934,12,18,25,0.00781537929937781,41.3111512663969,1
1935,12,18,26,0.00781001444516596,41.3111512662225,1
1936,12,18,27,0.0127756214541263,41.311151266053,1
1937,12,18,28,0.012786418826661,41.3111512660143,1
1938,12,18,29,0.0127968207466594,41.3111512660695,1
1939,12,18,30,0.0128069317108619,41.3111512660335,1
1940,12,18,31,0.0128166422550515,41.311151266045,1
1941,12,18,32,0.0128260667447183,41.3111512660187,1
1942,12,18,33,0.0128358155000002,41.311151266059,1
1943,12,18,34,0.0114781825211858,41.3111512667748,1
1944,12,18,35,0.0114643944268437,41.3111512669106,1
1945,12,18,36,0.0114493154581648,41.3111512667218,1
1946,12,18,37,0.011434171561647,41.3111512668037,1
1947,12,18,38,0.0114190320362522,41.3111512669897,1
1948,12,18,39,0.0114038342925489,41.3111512666233,1
1949,12,18,40,0.0113900942363007,41.311151266776,1
1950,12,19,20,0.0002240271186326,0,0
1951,12,19,21,0.000458146380581613,0,0
1952,12,19,22,0.000702260558784342,0,0
1953,12,19,23,0.00529033479874188,0,0
1954,12,19,24,0.0057357100124458,0,0
1955,12,19,25,0.00617248163170542,0,0
1956,12,19,26,0.00667040981351901,0,0
1957,12,19,27,0.0873323774483408,0,0
1958,12,19,28,0.087553822199119,0,0
1959,12,19,29,0.0877783963864101,0,0
1960,12,19,30,0.0880036908963648,0,0
1961,12,19,31,0.088230730945675,0,0
1962,12,19,32,0.0884656362581933,0,0
1963,12,19,33,0.088723135917631,0,0
1964,12,19,34,0.0889971590571391,41.3111512664932,1
1965,12,19,35,0.0889739043891277,41.3111512663527,1
1966,12,19,36,0.0889483372797547,41.3111512665065,1
1967,12,19,37,0.0889235115907786,41.3111512662363,1
1968,12,19,38,0.0888986083242531,41.311151266081,1
1969,12,19,39,0.0888734081904586,41.3111512659017,1
1970,12,19,40,0.0888508475112845,41.3111512659392,1
1971,12,20,21,0.000234277848798828,0,0
1972,12,20,22,0.000478728970712883,0,0
1973,12,20,23,0.00508790428330634,0,0
1974,12,20,24,0.00553616329516714,0,0
1975,12,20,25,0.00597585049478478,0,0
1976,12,20,26,0.00647719380379864,0,0
1977,12,20,27,0.0875154971546818,0,0
1978,12,20,28,0.0877380610262922,0,0
1979,12,20,29,0.0879637867654272,0,0
1980,12,20,30,0.0881902463536997,0,0
1981,12,20,31,0.0884184750233112,0,0
1982,12,20,32,0.0886546290048503,0,0
1983,12,20,33,0.088913515088659,0,0
1984,12,20,34,0.0892304894229864,41.3111512664791,1
1985,12,20,35,0.0892075008882669,41.3111512663933,1
1986,12,20,36,0.0891822239445448,41.3111512666806,1
1987,12,20,37,0.0891576952326963,41.3111512667491,1
1988,12,20,38,0.0891330883040352,41.3111512670154,1
1989,12,20,39,0.0891081843340508,41.3111512669879,1
1990,12,20,40,0.0890858928648741,41.3111512670814,1
1991,12,21,22,0.000244630438216218,0,0
1992,12,21,23,0.00487260954267707,0,0
1993,12,21,24,0.00532356698697616,0,0
1994,12,21,25,0.0057659919233916,0,0
1995,12,21,26,0.00627055172781101,0,0
1996,12,21,27,0.087645044345431,0,0
1997,12,21,28,0.0878686209940622,0,0
1998,12,21,29,0.0880953911869059,0,0
1999,12,21,30,0.0883229088548015,0,0
2000,12,21,31,0.0885522189709047,0,0
2001,12,21,32,0.0887895115850237,0,0
2002,12,21,33,0.0890496642681281,0,0
2003,12,21,34,0.0894113307166314,41.3111512663017,1
2004,12,21,35,0.0893886367659551,41.3111512661992,1
2005,12,21,36,0.0893636811582206,41.3111512661988,1
2006,12,21,37,0.0893394803758396,41.3111512662795,1
2007,12,21,38,0.0893152007635014,41.311151266158,1
2008,12,21,39,0.0892906241380943,41.3111512663754,1
2009,12,21,40,0.0892686299769994,41.3111512662498,1
2010,12,22,23,0.00464407156802269,0,0
2011,12,22,24,0.00509750152387801,0,0
2012,12,22,25,0.00554244654382679,0,0
2013,12,22,26,0.00604997878838855,0,0
2014,12,22,27,0.0877132326136323,0,0
2015,12,22,28,0.0879376956676563,0,0
2016,12,22,29,0.0881653828980138,0,0
2017,12,22,30,0.0883938312593407,0,0
2018,12,22,31,0.0886240950963707,0,0
2019,12,22,32,0.0888623950347166,0,0
2020,12,22,33,0.0891236711664311,0,0
2021,12,22,34,0.0895317278257087,41.3111512662552,1
2022,12,22,35,0.0895093588465108,41.3111512662055,1
2023,12,22,36,0.0894847578754233,41.3111512661585,1
2024,12,22,37,0.0894609180367874,41.3111512660136,1
2025,12,22,38,0.0894369987882917,41.3111512662791,1
2026,12,22,39,0.089412782783564,41.3111512663611,1
2027,12,22,40,0.0893911159027407,41.311151266215,1
2028,12,23,24,0.000470540318768666,0,0
2029,12,23,25,0.000934056971907444,0,0
2030,12,23,26,0.00146463124117285,0,0
2031,12,23,27,0.083237702871373,676.544343611777,1
2032,12,23,28,0.0834642276744081,676.544343611605,1
2033,12,23,29,0.0836943460796884,676.544343614223,1
2034,12,23,30,0.0839254347909956,676.544343604635,1
2035,12,23,31,0.0841586567056806,676.54434360955,1
2036,12,23,32,0.0844004036914713,676.544343616505,1
2037,12,23,33,0.0846658199421609,676.54434359863,1
2038,12,23,34,0.0859277066623816,41.3111512659707,1
2039,12,23,35,0.0859129784444887,41.3111512663265,1
2040,12,23,36,0.0858967282257221,41.3111512660252,1
2041,12,23,37,0.0858813088041608,41.3111512662948,1
2042,12,23,38,0.0858658041876504,41.3111512661349,1
2043,12,23,39,0.0858500272121484,41.3111512660416,1
2044,12,23,40,0.0858359987368639,41.3111512661947,1
2045,12,24,25,0.000463690587592172,0,0
2046,12,24,26,0.000994644670847025,0,0
2047,12,24,27,0.0824775628855704,460.350673685126,1
2048,12,24,28,0.0827034619907649,458.665046337473,1
2049,12,24,29,0.0829329788886042,458.665046333602,1
2050,12,24,30,0.0831634837112796,458.665046333618,1
2051,12,24,31,0.0833961460702475,458.665046335185,1
2052,12,24,32,0.0836373516337495,458.665046337597,1
2053,12,24,33,0.0839022094788608,458.665046328532,1
2054,12,24,34,0.0852459575838046,41.3111512664176,1
2055,12,24,35,0.0852320577966016,41.3111512658804,1
2056,12,24,36,0.0852167135528481,41.3111512662564,1
2057,12,24,37,0.0852022041038338,41.3111512660159,1
2058,12,24,38,0.0851876091876091,41.3111512662994,1
2059,12,24,39,0.0851727453878015,41.3111512659387,1
2060,12,24,40,0.0851595425264258,41.3111512660001,1
2061,12,25,26,0.000531132101929031,0,0
2062,12,25,27,0.081698000684723,460.350673697362,1
2063,12,25,28,0.0819231996972291,460.350673695539,1
2064,12,25,29,0.0821520390033251,460.350673702381,1
2065,12,25,30,0.0823818832314016,41.3111512661761,1
2066,12,25,31,0.0826139081769373,41.3111512660092,1
2067,12,25,32,0.0828544910384832,41.3111512661217,1
2068,12,25,33,0.08311870070255,41.3111512665656,1
2069,12,25,34,0.0845426218085876,41.3111512660245,1
2070,12,25,35,0.084529543530509,41.3111512660284,1
2071,12,25,36,0.0845150977453189,41.3111512661791,1
2072,12,25,37,0.0845014903856287,41.3111512660928,1
2073,12,25,38,0.0844877973220228,41.3111512661287,1
2074,12,25,39,0.0844738388990429,41.3111512659301,1
2075,12,25,40,0.0844614545133975,41.311151266281,1
2076,12,26,27,0.0807736897507638,458.665046315222,1
2077,12,26,28,0.0809980003878278,458.665046317911,1
2078,12,26,29,0.0812259756945082,458.6650463133,1
2079,12,26,30,0.0814549750066577,458.665046325177,1
2080,12,26,31,0.0816861807518057,460.350673584883,1
2081,12,26,32,0.0819259579786225,460.350673513442,1
2082,12,26,33,0.0821893237523341,460.350673420143,1
2083,12,26,34,0.0837045319605344,41.3111512660784,1
2084,12,26,35,0.0836923996970127,41.3111512660363,1
2085,12,26,36,0.0836789885927448,41.3111512662455,1
2086,12,26,37,0.083666419750928,41.3111512660949,1
2087,12,26,38,0.083653764966966,41.3111512660364,1
2088,12,26,39,0.0836408489622936,41.311151265967,1
2089,12,26,40,0.0836294068502215,41.3111512659023,1
2090,12,27,28,0.000255257423915798,0,0
2091,12,27,29,0.000520599412055661,0,0
2092,12,27,30,0.000790625627052569,0,0
2093,12,27,31,0.00106840239809206,0,0
2094,12,27,32,0.00136315886683925,0,0
2095,12,27,33,0.00169314782043359,0,0
2096,12,27,34,0.0182128037601445,41.3111512659389,1
2097,12,27,35,0.0183355587249704,41.3111512660135,1
2098,12,27,36,0.0184695724010999,41.311151265984,1
2099,12,27,37,0.0186056353547915,41.3111512660038,1
2100,12,27,38,0.0187415125167585,41.3111512659626,1
2101,12,27,39,0.0188775644864273,41.3111512659925,1
2102,12,27,40,0.0190009515755101,41.3111512660986,1
2103,12,28,29,0.000265358412310901,0,0
2104,12,28,30,0.000535410823682175,0,0
2105,12,28,31,0.000813228341920163,0,0
2106,12,28,32,0.0011080456237127,0,0
2107,12,28,33,0.00143811868840162,0,0
2108,12,28,34,0.0179988618486449,41.3111512660415,1
2109,12,28,35,0.0181219960470403,41.3111512659034,1
2110,12,28,36,0.0182564242638092,41.3111512660402,1
2111,12,28,37,0.0183929047873569,41.3111512660089,1
2112,12,28,38,0.0185291992748222,41.3111512659394,1
2113,12,28,39,0.0186656698809327,41.3111512659455,1
2114,12,28,40,0.0187894357780247,41.3111512659353,1
2115,12,29,30,0.000270062268249279,0,0
2116,12,29,31,0.000547904270356789,0,0
2117,12,29,32,0.000842765802081383,0,0
2118,12,29,33,0.00117290506821421,0,0
2119,12,29,34,0.0177752957659301,41.3111512659402,1
2120,12,29,35,0.0178988162819467,41.3111512659603,1
2121,12,29,36,0.0180336667938725,41.3111512659848,1
2122,12,29,37,0.0181705726296125,41.3111512659372,1
2123,12,29,38,0.0183072921872128,41.3111512659126,1
2124,12,29,39,0.0184441892149462,41.311151266006,1
2125,12,29,40,0.018568340946613,41.3111512661537,1
2126,12,30,31,0.000277856599400974,0,0
2127,12,30,32,0.000572752212663779,0,0
2128,12,30,33,0.000902946590558508,0,0
2129,12,30,34,0.0175471063831388,41.3111512660136,1
2130,12,30,35,0.0176710154765722,41.3111512660255,1
2131,12,30,36,0.0178062907603449,41.3111512659627,1
2132,12,30,37,0.0179436243621024,41.3111512660706,1
2133,12,30,38,0.0180807714462915,41.3111512659428,1
2134,12,30,39,0.0182180973694664,41.3111512660062,1
2135,12,30,40,0.0183426371634941,41.3111512659207,1
2136,12,31,32,0.00029491473886131,0,0
2137,12,31,33,0.000625147971582233,0,0
2138,12,31,34,0.0173113827235719,41.3111512661274,1
2139,12,31,35,0.0174356849117642,41.3111512660296,1
2140,12,31,36,0.0175713899149814,41.3111512659934,1
2141,12,31,37,0.0177091562055142,41.3111512659601,1
2142,12,31,38,0.0178467357422211,41.3111512659599,1
2143,12,31,39,0.0179844955166068,41.3111512659,1
2144,12,31,40,0.018109427841382,41.3111512659714,1
2145,12,32,33,0.000330251742098596,0,0
2146,12,32,34,0.0170599959571221,41.3111512659744,1
2147,12,32,35,0.0171847068168547,41.3111512661082,1
2148,12,32,36,0.0173208585798703,41.3111512659095,1
2149,12,32,37,0.0174590746399413,41.3111512660519,1
2150,12,32,38,0.0175971037082795,41.311151266051,1
2151,12,32,39,0.0177353144864515,41.3111512659547,1
2152,12,32,40,0.0178606548407559,41.3111512659684,1
2153,12,33,34,0.0167774170402812,41.3111512659371,1
2154,12,33,35,0.0169025777119432,41.3111512658949,1
2155,12,33,36,0.0170392212208712,41.3111512659531,1
2156,12,33,37,0.0171779322676657,41.3111512660357,1
2157,12,33,38,0.01731645606805,41.3111512660178,1
2158,12,33,39,0.0174551632154142,41.3111512659664,1
2159,12,33,40,0.0175809526232023,41.3111512659409,1
2160,12,34,35,0.000129944657024546,41.3111512658652,1
2161,12,34,36,0.000271844895608832,41.3111512665195,1
2162,12,34,37,0.000415678856162969,41.3111512661016,1
2163,12,34,38,0.000559339661795456,41.311151265936,1
2164,12,34,39,0.000703240517850935,41.3111512649759,1
2165,12,34,40,0.000833684620577105,41.3111512662103,1
2166,12,35,36,0.000141900491022904,41.3111512662819,1
2167,12,35,37,0.000285733116193312,41.3111512658501,1
2168,12,35,38,0.000429392744957711,41.3111512657953,1
2169,12,35,39,0.000573292794876336,41.3111512658234,1
2170,12,35,40,0.00070373575380663,41.3111512660717,1
2171,12,36,37,0.000143830887503536,41.3111512661708,1
2172,12,36,38,0.000287488952037493,41.3111512663028,1
2173,12,36,39,0.000431387842099639,41.3111512658323,1
2174,12,36,40,0.000561829298590024,41.3111512660049,1
2175,12,37,38,0.00014365823821337,41.3111512661942,1
2176,12,37,39,0.000287557714779134,41.3111512662215,1
2177,12,37,40,0.000417999245733846,41.3111512660224,1
2178,12,38,39,0.000143899888603079,41.3111512658666,1
2179,12,38,40,0.000274341336421311,41.3111512662313,1
2180,12,39,40,0.000130440990412712,41.311151266133,1
2181,13,14,15,4.71218657363201e-07,0,0
2182,13,14,16,4.7292146362508e-07,0,0
2183,13,14,17,4.74303330733235e-07,41.311151266147,1
2184,13,14,18,4.75878978894225e-07,0,0
2185,13,14,19,1.00506310837349e-05,41.3111512662299,1
2186,13,14,20,1.01307073636378e-05,41.3111512660335,1
2187,13,14,21,1.02072762737234e-05,41.3111512662231,1
2188,13,14,22,1.02794161159908e-05,41.3111512664023,1
2189,13,14,23,1.09727171461824e-05,41.3111512661719,1
2190,13,14,24,1.10025358169511e-05,0,0
2191,13,14,25,1.10278533670752e-05,41.3111512660594,1
2192,13,14,26,1.1052619474981e-05,41.3111512661883,1
2193,13,14,27,2.30008093148465e-05,41.3111512647904,1
2194,13,14,28,2.30297550921146e-05,41.31115126484,1
2195,13,14,29,2.30583644943091e-05,41.3111512646806,1
2196,13,14,30,2.30866245266095e-05,41.3111512647414,1
2197,13,14,31,2.31144523143226e-05,41.3111512647715,1
2198,13,14,32,2.31423974799486e-05,41.311151266111,1
2199,13,14,33,2.31722386124303e-05,41.3111512660731,1
2200,13,14,34,2.13431753613505e-05,41.3111512661381,1
2201,13,14,35,2.13229236167151e-05,41.31115126602,1
2202,13,14,36,2.13007671438711e-05,41.3111512660828,1
2203,13,14,37,2.12785701007093e-05,41.3111512658842,1
2204,13,14,38,2.12563740075097e-05,41.3111512659849,1
2205,13,14,39,2.12340796104799e-05,41.3111512660716,1
2206,13,14,40,2.12139378951495e-05,41.3111512661885,1
2207,13,15,16,7.45122846687991e-07,0,0
2208,13,15,17,1.29570008986409e-06,0,0
2209,13,15,18,1.98055479445526e-06,41.3111512661542,1
2210,13,15,19,0.00734904178246966,41.3111512660254,1
2211,13,15,20,0.00739708647811027,41.311151266131,1
2212,13,15,21,0.00744209357933206,41.3111512664112,1
2213,13,15,22,0.00748339374109135,41.3111512662521,1
2214,13,15,23,0.00777519351167609,41.3111512661212,1
2215,13,15,24,0.00777611426066918,0,0
2216,13,15,25,0.00777414736527008,41.3111512661387,1
2217,13,15,26,0.00776890996009495,0,0
2218,13,15,27,0.0127228975183919,41.3111512662511,1
2219,13,15,28,0.0127336778090346,41.3111512662792,1
2220,13,15,29,0.0127440654090631,41.3111512660544,1
2221,13,15,30,0.0127541637809742,41.3111512661678,1
2222,13,15,31,0.012763864257402,41.311151266087,1
2223,13,15,32,0.0127732817416549,41.3111512660647,1
2224,13,15,33,0.0127830260059572,41.3111512661129,1
2225,13,15,34,0.011432252820255,41.3111512662981,1
2226,13,15,35,0.011418535858245,41.3111512662372,1
2227,13,15,36,0.0114035346540957,41.3111512661782,1
2228,13,15,37,0.0113884690299415,41.3111512664034,1
2229,13,15,38,0.0113734077371994,41.3111512662747,1
2230,13,15,39,0.0113582884862452,41.3111512662574,1
2231,13,15,40,0.0113446194393674,41.3111512662173,1
2232,13,16,17,5.50381719558888e-07,44.9661661723687,1
2233,13,16,18,1.23521970884606e-06,41.3111512661169,1
2234,13,16,19,0.00735970570556287,41.3111512662432,1
2235,13,16,20,0.00740779739455277,41.3111512660784,1
2236,13,16,21,0.00745284605849546,41.3111512660917,1
2237,13,16,22,0.00749418139103837,41.3111512662409,1
2238,13,16,23,0.00778593932125805,41.3111512660667,1
2239,13,16,24,0.00778681624618905,41.3111512660864,1
2240,13,16,25,0.00778480220934834,41.3111512659878,1
2241,13,16,26,0.00777950671632222,41.3111512659068,1
2242,13,16,27,0.012732502827903,41.3111512664793,1
2243,13,16,28,0.0127432763034217,41.3111512663187,1
2244,13,16,29,0.0127536562011897,41.3111512664402,1
2245,13,16,30,0.0127637463781265,41.3111512662781,1
2246,13,16,31,0.0127734379052304,41.3111512662141,1
2247,13,16,32,0.0127828452319266,41.3111512663498,1
2248,13,16,33,0.0127925775215008,41.31115126634,1
2249,13,16,34,0.0114398153903101,41.3111512662528,1
2250,13,16,35,0.0114260808838098,41.3111512662081,1
2251,13,16,36,0.0114110605062893,41.3111512661979,1
2252,13,16,37,0.0113959755401269,41.3111512661973,1
2253,13,16,38,0.0113808949195264,41.3111512662639,1
2254,13,16,39,0.0113657562867195,41.3111512663209,1
2255,13,16,40,0.0113520696945127,41.3111512661079,1
2256,13,17,18,6.85005347198669e-07,0,0
2257,13,17,19,0.00736951378572378,41.3111512662477,1
2258,13,17,20,0.0074176528056223,41.311151265969,1
2259,13,17,21,0.00746274399066023,41.3111512663671,1
2260,13,17,22,0.00750411614852694,41.3111512661088,1
2261,13,17,23,0.00779591973214985,41.3111512659349,1
2262,13,17,24,0.00779676451673886,0,0
2263,13,17,25,0.00779471513058685,41.3111512663359,1
2264,13,17,26,0.0077893753416632,41.3111512663645,1
2265,13,17,27,0.0127429388141413,41.3111512658682,1
2266,13,17,28,0.0127537100827075,41.3111512661411,1
2267,13,17,29,0.012764087014967,41.3111512658806,1
2268,13,17,30,0.0127741737864302,41.3111512661426,1
2269,13,17,31,0.012783861246256,41.3111512661229,1
2270,13,17,32,0.0127932635386428,41.3111512659408,1
2271,13,17,33,0.0128029895369336,41.3111512657894,1
2272,13,17,34,0.011448403308966,41.3111512666841,1
2273,13,17,35,0.0114346522393081,41.3111512669417,1
2274,13,17,36,0.0114196137580458,41.3111512667041,1
2275,13,17,37,0.0114045105466303,41.3111512668335,1
2276,13,17,38,0.0113894116923688,41.3111512667538,1
2277,13,17,39,0.0113742547707955,41.3111512666908,1
2278,13,17,40,0.0113605516273846,41.3111512667518,1
2279,13,18,19,0.00737948003410538,41.3111512661814,1
2280,13,18,20,0.00742766332415098,41.3111512659871,1
2281,13,18,21,0.00747279371981363,41.3111512659207,1
2282,13,18,22,0.00751419913021242,41.3111512661965,1
2283,13,18,23,0.00780597080359505,0,0
2284,13,18,24,0.00780677532942052,41.3111512661906,1
2285,13,18,25,0.00780468257066832,41.3111512660691,1
2286,13,18,26,0.0077992892747518,41.3111512662367,1
2287,13,18,27,0.0127520526247478,41.3111512662269,1
2288,13,18,28,0.0127628178712549,41.3111512660275,1
2289,13,18,29,0.0127731879572642,41.3111512660369,1
2290,13,18,30,0.0127832674231275,41.3111512660078,1
2291,13,18,31,0.0127929468750924,41.3111512662826,1
2292,13,18,32,0.0128023400427632,41.3111512663007,1
2293,13,18,33,0.0128120552534764,41.3111512662509,1
2294,13,18,34,0.0114556106510607,41.3111512668867,1
2295,13,18,35,0.0114418431482602,41.3111512668381,1
2296,13,18,36,0.0114267867079148,41.3111512668906,1
2297,13,18,37,0.011411665380974,41.3111512669402,1
2298,13,18,38,0.0113965484242897,41.3111512670793,1
2299,13,18,39,0.0113813733493663,41.3111512669141,1
2300,13,18,40,0.011367653773117,41.3111512667527,1
2301,13,19,20,0.00022410915556973,0,0
2302,13,19,21,0.00045830690474893,0,0
2303,13,19,22,0.000702495082925899,0,0
2304,13,19,23,0.00529129130408149,0,0
2305,13,19,24,0.0057366992811267,0,0
2306,13,19,25,0.00617349920513804,0,0
2307,13,19,26,0.00667145569597889,0,0
2308,13,19,27,0.0873495961349186,0,0
2309,13,19,28,0.087571096283021,0,0
2310,13,19,29,0.0877957260906102,0,0
2311,13,19,30,0.0880210761395277,0,0
2312,13,19,31,0.0882481716990817,0,0
2313,13,19,32,0.0884831338088254,0,0
2314,13,19,33,0.0887406951806542,0,0
2315,13,19,34,0.0890256174990147,41.311151266405,1
2316,13,19,35,0.0890023442422985,41.311151266357,1
2317,13,19,36,0.0889767568090782,41.3111512661587,1
2318,13,19,37,0.0889519106636624,41.3111512658724,1
2319,13,19,38,0.0889269869491976,41.3111512659066,1
2320,13,19,39,0.088901766297304,41.3111512659495,1
2321,13,19,40,0.0888791870552507,41.3111512659614,1
2322,13,20,21,0.000234356335313838,0,0
2323,13,20,22,0.000478881455693079,0,0
2324,13,20,23,0.00508877870228996,0,0
2325,13,20,24,0.00553707047603153,0,0
2326,13,20,25,0.00597678597996556,0,0
2327,13,20,26,0.00647815759882429,0,0
2328,13,20,27,0.0875326631225896,0,0
2329,13,20,28,0.0877552825928582,0,0
2330,13,20,29,0.0879810641580122,0,0
2331,13,20,30,0.0882075794931213,0,0
2332,13,20,31,0.088435863884052,0,0
2333,13,20,32,0.088672074882954,0,0
2334,13,20,33,0.0889310229224839,0,0
2335,13,20,34,0.0892589997850212,41.3111512664814,1
2336,13,20,35,0.0892359926773209,41.3111512668534,1
2337,13,20,36,0.0892106954270681,41.3111512667781,1
2338,13,20,37,0.0891861462753118,41.3111512667644,1
2339,13,20,38,0.0891615189153089,41.3111512669343,1
2340,13,20,39,0.0891365944440718,41.3111512671754,1
2341,13,20,40,0.089114284427014,41.311151267329,1
2342,13,21,22,0.000244704435882759,0,0
2343,13,21,23,0.00487340543548856,0,0
2344,13,21,24,0.0053243956405567,0,0
2345,13,21,25,0.00576684888111879,0,0
2346,13,21,26,0.0062714369964121,0,0
2347,13,21,27,0.0876621600258936,0,0
2348,13,21,28,0.0878857924662884,0,0
2349,13,21,29,0.0881126186824553,0,0
2350,13,21,30,0.0883401922965511,0,0
2351,13,21,31,0.0885695583363995,0,0
2352,13,21,32,0.0888069081789888,0,0
2353,13,21,33,0.0890671230511537,0,0
2354,13,21,34,0.0894398910003535,41.311151266,1
2355,13,21,35,0.089417178491578,41.3111512659636,1
2356,13,21,36,0.0893922025937029,41.311151266317,1
2357,13,21,37,0.0893679813870523,41.3111512664192,1
2358,13,21,38,0.0893436813590733,41.3111512664706,1
2359,13,21,39,0.0893190842483523,41.3111512658965,1
2360,13,21,40,0.0892970715535637,41.3111512663507,1
2361,13,22,23,0.00464479343387726,0,0
2362,13,22,24,0.00509825614978689,0,0
2363,13,22,25,0.00554322947401029,0,0
2364,13,22,26,0.00605079003070419,0,0
2365,13,22,27,0.0877303010568818,0,0
2366,13,22,28,0.0879548200852982,0,0
2367,13,22,29,0.0881825635255688,0,0
2368,13,22,30,0.0884110680216266,0,0
2369,13,22,31,0.0886413879738198,0,0
2370,13,22,32,0.0888797453402518,0,0
2371,13,22,33,0.0891410838816536,0,0
2372,13,22,34,0.0895603354665839,41.3111512659436,1
2373,13,22,35,0.0895379479431285,41.3111512661908,1
2374,13,22,36,0.0895133266971465,41.3111512660349,1
2375,13,22,37,0.0894894664487772,41.311151266301,1
2376,13,22,38,0.0894655267992359,41.3111512661469,1
2377,13,22,39,0.0894412903240129,41.3111512662311,1
2378,13,22,40,0.0894196049226833,41.3111512658729,1
2379,13,23,24,0.000470573084817626,0,0
2380,13,23,25,0.000934118054683081,0,0
2381,13,23,26,0.00146472065956193,0,0
2382,13,23,27,0.0832543172598958,676.544343614615,1
2383,13,23,28,0.0834808998410699,676.544343608748,1
2384,13,23,29,0.083711076298745,676.544343604071,1
2385,13,23,30,0.0839422230061665,676.544343614966,1
2386,13,23,31,0.0841755029255564,676.544343610956,1
2387,13,23,32,0.0844173093094681,676.544343600348,1
2388,13,23,33,0.0846827901468186,676.544343601762,1
2389,13,23,34,0.0859567876079127,41.3111512659334,1
2390,13,23,35,0.0859420409734505,41.3111512659282,1
2391,13,23,36,0.0859257706204945,41.3111512662568,1
2392,13,23,37,0.0859103309229246,41.3111512661936,1
2393,13,23,38,0.0858948060396738,41.3111512663135,1
2394,13,23,39,0.085879008730133,41.3111512663081,1
2395,13,23,40,0.0858649618556578,41.3111512662788,1
2396,13,24,25,0.000463718904648904,0,0
2397,13,24,26,0.000994701324347718,0,0
2398,13,24,27,0.0824941565262258,460.350673686961,1
2399,13,24,28,0.0827201134909529,458.665046334909,1
2400,13,24,29,0.0829496885243367,458.665046343614,1
2401,13,24,30,0.0831802514271344,458.665046330819,1
2402,13,24,31,0.0834129718760931,458.665046329429,1
2403,13,24,32,0.0836542369266444,458.665046337004,1
2404,13,24,33,0.0839191594566947,458.665046337909,1
2405,13,24,34,0.0852750597715001,41.3111512662025,1
2406,13,24,35,0.0852611415736767,41.3111512662555,1
2407,13,24,36,0.0852457772022877,41.3111512660673,1
2408,13,24,37,0.0852312474835031,41.3111512660518,1
2409,13,24,38,0.0852166323068024,41.3111512660657,1
2410,13,24,39,0.0852017481793187,41.3111512660326,1
2411,13,24,40,0.0851885269244117,41.3111512662621,1
2412,13,25,26,0.000531160438805312,0,0
2413,13,25,27,0.0817145762275187,460.350673690737,1
2414,13,25,28,0.0819398331693166,460.350673696471,1
2415,13,25,29,0.082168730682231,460.350673694392,1
2416,13,25,30,0.0823986330624461,41.3111512662056,1
2417,13,25,31,0.0826307161710934,41.3111512660624,1
2418,13,25,32,0.0828713585959427,41.3111512662001,1
2419,13,25,33,0.0831356330292309,41.3111512663612,1
2420,13,25,34,0.0845717420610258,41.3111512664664,1
2421,13,25,35,0.0845586453776534,41.3111512662564,1
2422,13,25,36,0.0845441794706946,41.3111512663256,1
2423,13,25,37,0.0845305518468294,41.3111512661265,1
2424,13,25,38,0.0845168385283656,41.3111512659386,1
2425,13,25,39,0.0845028597834132,41.3111512663027,1
2426,13,25,40,0.0844904570093127,41.3111512659851,1
2427,13,26,27,0.0807902469299725,458.6650463165,1
2428,13,26,28,0.0810146155652518,458.665046318111,1
2429,13,26,29,0.0812426491491856,458.665046323384,1
2430,13,26,30,0.0814717066846527,460.350673689046,1
2431,13,26,31,0.0817029706651962,460.35067356965,1
2432,13,26,32,0.0819428075307147,460.350673497824,1
2433,13,26,33,0.0822062381570001,460.35067338461,1
2434,13,26,34,0.0837336698457774,41.3111512660439,1
2435,13,26,35,0.0837215191825731,41.311151266272,1
2436,13,26,36,0.0837080879627145,41.3111512659405,1
2437,13,26,37,0.0836954988626314,41.3111512660255,1
2438,13,26,38,0.0836828238297426,41.3111512661791,1
2439,13,26,39,0.0836698875091156,41.311151266272,1
2440,13,26,40,0.0836584270139489,41.3111512661101,1
2441,13,27,28,0.000255335281293385,0,0
2442,13,27,29,0.00052075619084434,0,0
2443,13,27,30,0.000790861726892181,0,0
2444,13,27,31,0.00106871847247118,0,0
2445,13,27,32,0.00136355764484429,0,0
2446,13,27,33,0.00169363732854111,0,0
2447,13,27,34,0.0182419892495044,41.3111512660302,1
2448,13,27,35,0.0183647355691402,41.3111512660297,1
2449,13,27,36,0.0184987398192871,41.311151266007,1
2450,13,27,37,0.0186347930971335,41.3111512659202,1
2451,13,27,38,0.0187706606024412,41.3111512659196,1
2452,13,27,39,0.0189067029226392,41.3111512659173,1
2453,13,27,40,0.0190300812307887,41.3111512660202,1
2454,13,28,29,0.00026543733613707,0,0
2455,13,28,30,0.000535569072627879,0,0
2456,13,28,31,0.000813466571706286,0,0
2457,13,28,32,0.00110836656638658,0,0
2458,13,28,33,0.00143853037403842,0,0
2459,13,28,34,0.0180280125559303,41.3111512660691,1
2460,13,28,35,0.018151138165374,41.3111512659278,1
2461,13,28,36,0.0182855570177322,41.311151266015,1
2462,13,28,37,0.0184220279268022,41.31115126597,1
2463,13,28,38,0.0185583128189989,41.3111512660749,1
2464,13,28,39,0.01869477383737,41.3111512659818,1
2465,13,28,40,0.0188185310092133,41.3111512659242,1
2466,13,29,30,0.00027014159503254,0,0
2467,13,29,31,0.000548063581886746,0,0
2468,13,29,32,0.000843007833322095,0,0
2469,13,29,33,0.00117323785263967,0,0
2470,13,29,34,0.0178044103104821,41.3111512659198,1
2471,13,29,35,0.0179279222948218,41.3111512659366,1
2472,13,29,36,0.0180627635050427,41.3111512659431,1
2473,13,29,37,0.0181996597888114,41.3111512659496,1
2474,13,29,38,0.0183363698136725,41.3111512659716,1
2475,13,29,39,0.0184732573165406,41.3111512660032,1
2476,13,29,40,0.0185974003796768,41.3111512660773,1
2477,13,30,31,0.000277936586387799,0,0
2478,13,30,32,0.000572914924475454,0,0
2479,13,30,33,0.00090320006391585,0,0
2480,13,30,34,0.0175761839665841,41.311151265993,1
2481,13,30,35,0.0177000845860878,41.3111512658945,1
2482,13,30,36,0.0178353506313776,41.3111512660017,1
2483,13,30,37,0.0179726747441907,41.3111512659843,1
2484,13,30,38,0.0181098123586902,41.3111512660277,1
2485,13,30,39,0.0182471288203958,41.3111512660106,1
2486,13,30,40,0.0183716600030833,41.311151265989,1
2487,13,31,32,0.000294997466506729,0,0
2488,13,31,33,0.000625321466640786,0,0
2489,13,31,34,0.0173404222171694,41.3111512659892,1
2490,13,31,35,0.0174647159898991,41.3111512659939,1
2491,13,31,36,0.0176004118186424,41.311151265947,1
2492,13,31,37,0.0177381686840501,41.3111512659735,1
2493,13,31,38,0.0178757388149092,41.3111512660399,1
2494,13,31,39,0.0180134891920164,41.3111512660287,1
2495,13,31,40,0.0181384129633609,41.3111512659863,1
2496,13,32,33,0.000330342512379519,0,0
2497,13,32,34,0.0170889950317533,41.3111512659634,1
2498,13,32,35,0.0172136975367904,41.3111512660087,1
2499,13,32,36,0.0173498401918578,41.311151265974,1
2500,13,32,37,0.0174880468931422,41.3111512659975,1
2501,13,32,38,0.0176260666219935,41.311151265872,1
2502,13,32,39,0.0177642680696086,41.3111512660254,1
2503,13,32,40,0.0178895999306776,41.3111512660101,1
2504,13,33,34,0.0168063707612201,41.3111512659957,1
2505,13,33,35,0.016931523145151,41.3111512660074,1
2506,13,33,36,0.0170681576194399,41.3111512659176,1
2507,13,33,37,0.01720685938056,41.3111512660118,1
2508,13,33,38,0.0173453739145935,41.3111512659297,1
2509,13,33,39,0.0174840718049324,41.3111512661199,1
2510,13,33,40,0.0176098527858269,41.3111512660248,1
2511,13,34,35,0.000129961876212929,41.3111512661542,1
2512,13,34,36,0.000271880984566904,41.3111512664661,1
2513,13,34,37,0.000415733626669458,41.3111512661998,1
2514,13,34,38,0.000559413131151729,41.3111512659395,1
2515,13,34,39,0.000703332816858366,41.3111512648098,1
2516,13,34,40,0.000833793870647177,41.3111512663519,1
2517,13,35,36,0.000141919360764326,0,0
2518,13,35,37,0.000285770667658056,41.311151266059,1
2519,13,35,38,0.000429448995430698,41.3111512657904,1
2520,13,35,39,0.000573367875115955,41.3111512659477,1
2521,13,35,40,0.0007038277852684,41.3111512662208,1
2522,13,36,37,0.000143849569449195,41.3111512658976,1
2523,13,36,38,0.00028752633319574,41.3111512663309,1
2524,13,36,39,0.00043144405318197,41.3111512657319,1
2525,13,36,40,0.000561902461097134,41.3111512660045,1
2526,13,37,38,0.000143676937407941,41.3111512662048,1
2527,13,37,39,0.000287595243831807,41.3111512664161,1
2528,13,37,40,0.000418053726212173,41.3111512662999,1
2529,13,38,39,0.000143918718413296,41.3111512658306,1
2530,13,38,40,0.000274377117674407,41.3111512663204,1
2531,13,39,40,0.000130457941916345,41.3111512661031,1
2532,14,15,16,7.43421066441892e-07,0,0
2533,14,15,17,1.29261688462987e-06,0,0
2534,14,15,18,1.97589684940094e-06,41.3111512660284,1
2535,14,15,19,0.00733948427665134,41.311151266296,1
2536,14,15,20,0.0073874491112042,41.3111512662803,1
2537,14,15,21,0.00743237985337873,41.3111512660232,1
2538,14,15,22,0.00747360807780357,41.3111512660187,1
2539,14,15,23,0.00776471668296565,41.3111512662031,1
2540,14,15,24,0.00776560770230723,41.3111512662239,1
2541,14,15,25,0.00776361556046225,41.3111512662658,1
2542,14,15,26,0.0077583534517836,41.3111512661113,1
2543,14,15,27,0.0127002581225325,41.3111512662034,1
2544,14,15,28,0.0127110084013654,41.3111512662568,1
2545,14,15,29,0.0127213663001344,41.3111512662458,1
2546,14,15,30,0.0127314353069853,41.3111512661265,1
2547,14,15,31,0.0127411068312493,41.3111512661668,1
2548,14,15,32,0.0127504951947939,41.3111512661338,1
2549,14,15,33,0.0127602083157561,41.3111512663342,1
2550,14,15,34,0.0114106720209841,41.3111512668757,1
2551,14,15,35,0.0113969751670005,41.3111512667657,1
2552,14,15,36,0.011381995961443,41.3111512670498,1
2553,14,15,37,0.011366952380801,41.311151266975,1
2554,14,15,38,0.0113519131302519,41.3111512663721,1
2555,14,15,39,0.0113368160181152,41.3111512662457,1
2556,14,15,40,0.0113231669736551,41.3111512662257,1
2557,14,16,17,5.49000293159592e-07,44.9661661724403,1
2558,14,16,18,1.23226354247831e-06,41.3111512660165,1
2559,14,16,19,0.00735014995982912,41.3111512662114,1
2560,14,16,20,0.00739816178833453,41.311151266236,1
2561,14,16,21,0.00744313409382161,41.3111512660585,1
2562,14,16,22,0.00748439748960478,41.3111512663189,1
2563,14,16,23,0.0077754642606095,41.3111512662867,1
2564,14,16,24,0.00777631145614575,0,0
2565,14,16,25,0.00777427217306098,0,0
2566,14,16,26,0.00776895197670364,41.3111512663773,1
2567,14,16,27,0.0127098646879741,41.3111512661764,1
2568,14,16,28,0.0127206081477677,41.3111512660568,1
2569,14,16,29,0.0127309583402685,41.3111512660405,1
2570,14,16,30,0.0127410191480904,41.3111512663026,1
2571,14,16,31,0.0127506817189067,41.311151266062,1
2572,14,16,32,0.0127600599205859,41.3111512664393,1
2573,14,16,33,0.0127697610620493,41.3111512664098,1
2574,14,16,34,0.0114182336858843,41.3111512663378,1
2575,14,16,35,0.0114045192869351,41.3111512662118,1
2576,14,16,36,0.011389520907484,41.3111512662726,1
2577,14,16,37,0.0113744579843273,41.3111512663758,1
2578,14,16,38,0.0113593994054121,41.3111512662097,1
2579,14,16,39,0.0113442829109091,41.3111512661952,1
2580,14,16,40,0.0113306163206604,41.3111512663192,1
2581,14,17,18,6.83430608415603e-07,0,0
2582,14,17,19,0.00735995947666913,41.3111512662048,1
2583,14,17,20,0.00740801863663909,41.311151266214,1
2584,14,17,21,0.00745303346376499,41.311151265936,1
2585,14,17,22,0.00749433368539813,41.3111512660312,1
2586,14,17,23,0.00778544611541836,41.3111512661378,1
2587,14,17,24,0.0077862611708457,0,0
2588,14,17,25,0.00778418653863438,41.3111512663066,1
2589,14,17,26,0.00777882204653987,41.3111512660946,1
2590,14,17,27,0.012720301712491,41.3111512659885,1
2591,14,17,28,0.0127310429621788,41.3111512661482,1
2592,14,17,29,0.0127413901859422,41.3111512661167,1
2593,14,17,30,0.0127514475850235,41.311151266155,1
2594,14,17,31,0.0127611060852384,41.3111512659752,1
2595,14,17,32,0.0127704792491346,41.3111512660588,1
2596,14,17,33,0.0127801740954678,41.3111512658504,1
2597,14,17,34,0.0114268208876735,41.3111512668578,1
2598,14,17,35,0.0114130899251642,41.3111512667036,1
2599,14,17,36,0.0113980734415293,41.31115126684,1
2600,14,17,37,0.0113829922726901,41.3111512668452,1
2601,14,17,38,0.0113679154596834,41.3111512668106,1
2602,14,17,39,0.0113527806759786,41.3111512668291,1
2603,14,17,40,0.0113390975341363,41.3111512667349,1
2604,14,18,19,0.0073699273545756,41.311151266058,1
2605,14,18,20,0.00741803078525784,41.3111512663,1
2606,14,18,21,0.0074630848235626,41.3111512660959,1
2607,14,18,22,0.00750441829826591,41.311151266127,1
2608,14,18,23,0.0077954988238504,41.3111512661284,1
2609,14,18,24,0.00779627362075438,41.311151265985,1
2610,14,18,25,0.00779415561613183,0,0
2611,14,18,26,0.00778873761720604,41.3111512663736,1
2612,14,18,27,0.0127294166872447,41.3111512660133,1
2613,14,18,28,0.012740151911253,41.311151265957,1
2614,14,18,29,0.0127504922850602,41.311151266109,1
2615,14,18,30,0.0127605423747922,41.3111512661114,1
2616,14,18,31,0.0127701928633328,41.3111512658096,1
2617,14,18,32,0.0127795568985285,41.3111512660304,1
2618,14,18,33,0.0127892409528722,41.3111512659892,1
2619,14,18,34,0.0114340273940658,41.3111512666161,1
2620,14,18,35,0.0114202799979725,41.3111512669067,1
2621,14,18,36,0.0114052455547692,41.3111512669601,1
2622,14,18,37,0.0113901462699341,41.3111512667484,1
2623,14,18,38,0.0113750513540328,41.311151266819,1
2624,14,18,39,0.0113598984165007,41.3111512668262,1
2625,14,18,40,0.0113461988413929,41.3111512668489,1
2626,14,19,20,0.000224188364699649,0,0
2627,14,19,21,0.000458461766253156,0,0
2628,14,19,22,0.000702721118707758,0,0
2629,14,19,23,0.00529219732153661,0,0
2630,14,19,24,0.00573763460480709,0,0
2631,14,19,25,0.00617445950677929,0,0
2632,14,19,26,0.0066724405797961,0,0
2633,14,19,27,0.087365957640917,0,0
2634,14,19,28,0.0875875108178916,0,0
2635,14,19,29,0.0878121938531556,0,0
2636,14,19,30,0.0880375970450523,0,0
2637,14,19,31,0.088264745707927,0,0
2638,14,19,32,0.088499762135155,0,0
2639,14,19,33,0.08875738251022,0,0
2640,14,19,34,0.0890530211874398,41.311151266399,1
2641,14,19,35,0.0890297298028596,41.3111512659894,1
2642,14,19,36,0.0890041225505765,41.3111512663158,1
2643,14,19,37,0.0889792564508584,41.3111512658745,1
2644,14,19,38,0.0889543127909582,41.3111512658968,1
2645,14,19,39,0.0889290721265762,41.3111512663452,1
2646,14,19,40,0.0889064747775164,41.3111512662901,1
2647,14,20,21,0.000234431986992064,0,0
2648,14,20,22,0.000479028280180099,0,0
2649,14,20,23,0.00508960546214782,0,0
2650,14,20,24,0.00553792654060456,0,0
2651,14,20,25,0.0059776670219782,0,0
2652,14,20,26,0.00647906322368422,0,0
2653,14,20,27,0.087548973715809,0,0
2654,14,20,28,0.0877716464093242,0,0
2655,14,20,29,0.0879974814007622,0,0
2656,14,20,30,0.0882240500795384,0,0
2657,14,20,31,0.0884523877775682,0,0
2658,14,20,32,0.0886886533064814,0,0
2659,14,20,33,0.088947660584165,0,0
2660,14,20,34,0.0892864536007538,41.3111512667632,1
2661,14,20,35,0.0892634283803637,41.3111512669727,1
2662,14,20,36,0.0892381113277594,41.3111512668516,1
2663,14,20,37,0.0892135422376543,41.3111512669501,1
2664,14,20,38,0.0891888949482325,41.3111512669493,1
2665,14,20,39,0.0891639504807642,41.3111512671119,1
2666,14,20,40,0.0891416223711732,41.3111512663373,1
2667,14,21,22,0.00024477560791414,0,0
2668,14,21,23,0.00487415650464308,0,0
2669,14,21,24,0.00532517601324164,0,0
2670,14,21,25,0.005767654230965,0,0
2671,14,21,26,0.00627226692996281,0,0
2672,14,21,27,0.0876784221362715,0,0
2673,14,21,28,0.0879021079860252,0,0
2674,14,21,29,0.0881289878186348,0,0
2675,14,21,30,0.088356614968541,0,0
2676,14,21,31,0.0885860345105833,0,0
2677,14,21,32,0.0888234390866449,0,0
2678,14,21,33,0.0890837134218509,0,0
2679,14,21,34,0.0894673929333297,41.3111512662567,1
2680,14,21,35,0.089444662326198,41.311151266008,1
2681,14,21,36,0.089419666641758,41.3111512658716,1
2682,14,21,37,0.0893954255118203,41.3111512660397,1
2683,14,21,38,0.0893711055695446,41.3111512660868,1
2684,14,21,39,0.0893464884779435,41.3111512659726,1
2685,14,21,40,0.0893244577042861,41.311151265888,1
2686,14,22,23,0.00464547330200428,0,0
2687,14,22,24,0.00509896532063086,0,0
2688,14,22,25,0.00554396362201033,0,0
2689,14,22,26,0.00605154876346782,0,0
2690,14,22,27,0.0877465177223994,0,0
2691,14,22,28,0.0879710903358153,0,0
2692,14,22,29,0.0881988875719785,0,0
2693,14,22,30,0.0884274457851624,0,0
2694,14,22,31,0.0886578194236416,0,0
2695,14,22,32,0.0888962317155217,0,0
2696,14,22,33,0.0891576299321466,0,0
2697,14,22,34,0.0895878829501994,41.3111512658962,1
2698,14,22,35,0.0895654773416867,41.3111512661231,1
2699,14,22,36,0.0895408363237883,41.3111512663518,1
2700,14,22,37,0.0895169561660971,41.3111512662196,1
2701,14,22,38,0.0894929966162811,41.3111512661008,1
2702,14,22,39,0.0894687401744149,41.3111512660658,1
2703,14,22,40,0.0894470367068859,41.3111512662257,1
2704,14,23,24,0.000470602391702123,0,0
2705,14,23,25,0.000934172348849973,0,0
2706,14,23,26,0.00146479955862531,0,0
2707,14,23,27,0.0832701064219258,676.544343610672,1
2708,14,23,28,0.0834967442877314,676.544343610109,1
2709,14,23,29,0.0837269762774022,676.544343613232,1
2710,14,23,30,0.0839581784558476,676.54434361443,1
2711,14,23,31,0.0841915138419292,676.544343611362,1
2712,14,23,32,0.0844333770075076,676.544343603453,1
2713,14,23,33,0.084698919571254,676.54434360718,1
2714,14,23,34,0.0859847814353731,41.3111512661602,1
2715,14,23,35,0.0859700168355226,41.311151266269,1
2716,14,23,36,0.0859537268425244,41.3111512664175,1
2717,14,23,37,0.0859382673609226,41.3111512663624,1
2718,14,23,38,0.0859227227032345,41.311151266294,1
2719,14,23,39,0.0859069055549135,41.3111512660513,1
2720,14,23,40,0.0858928407279024,41.3111512663498,1
2721,14,24,25,0.00046374389221464,0,0
2722,14,24,26,0.000994750917526985,0,0
2723,14,24,27,0.0825099271631964,458.665046335172,1
2724,14,24,28,0.0827359394854817,458.665046330995,1
2725,14,24,29,0.0829655701253585,458.665046334125,1
2726,14,24,30,0.0831961885744447,458.665046330656,1
2727,14,24,31,0.0834289645665026,458.665046327418,1
2728,14,24,32,0.083670286478388,458.665046329276,1
2729,14,24,33,0.0839352708228751,458.665046335999,1
2730,14,24,34,0.0853030726677788,41.3111512659547,1
2731,14,24,35,0.0852891365098357,41.3111512662182,1
2732,14,24,36,0.0852737525042096,41.3111512663067,1
2733,14,24,37,0.0852592030069151,41.3111512660276,1
2734,14,24,38,0.0852445680613229,41.3111512661879,1
2735,14,24,39,0.0852296641006923,41.311151266308,1
2736,14,24,40,0.0852164248982591,41.3111512663728,1
2737,14,25,26,0.000531185044792311,0,0
2738,14,25,27,0.0817303309172253,460.350673699829,1
2739,14,25,28,0.0819556432782248,460.350673701404,1
2740,14,25,29,0.0821845964606122,460.350673697288,1
2741,14,25,30,0.0824145544507509,41.3111512661168,1
2742,14,25,31,0.0826466931671068,41.3111512659284,1
2743,14,25,32,0.0828873925206663,41.3111512663998,1
2744,14,25,33,0.0831517288428589,41.31115126646,1
2745,14,25,34,0.0845997709448833,41.3111512662051,1
2746,14,25,35,0.084586656306057,41.3111512661244,1
2747,14,25,36,0.0845721707700004,41.3111512661432,1
2748,14,25,37,0.0845585233725248,41.3111512660295,1
2749,14,25,38,0.0845447902900889,41.3111512658463,1
2750,14,25,39,0.0845307917169845,41.3111512661136,1
2751,14,25,40,0.0845183709998027,41.3111512664103,1
2752,14,26,27,0.0808059856804692,458.665046317996,1
2753,14,26,28,0.0810304097948237,458.665046315373,1
2754,14,26,29,0.0812584991094169,458.665046320784,1
2755,14,26,30,0.0814876123166397,460.350673616656,1
2756,14,26,31,0.0817189319676834,460.350673559003,1
2757,14,26,32,0.0819588258274083,460.350673476384,1
2758,14,26,33,0.0822223184150037,460.350673359192,1
2759,14,26,34,0.0837617140541464,41.3111512662343,1
2760,14,26,35,0.0837495454403512,41.3111512662588,1
2761,14,26,36,0.083736094596749,41.3111512660005,1
2762,14,26,37,0.0837234857281758,41.3111512662873,1
2763,14,26,38,0.0837107909364545,41.3111512661074,1
2764,14,26,39,0.0836978347928904,41.3111512664621,1
2765,14,26,40,0.0836863563592877,41.3111512660096,1
2766,14,27,28,0.00025540951647957,0,0
2767,14,27,29,0.00052090566376292,0,0
2768,14,27,30,0.000791086812459985,0,0
2769,14,27,31,0.00106901978358463,0,0
2770,14,27,32,0.00136393776902902,0,0
2771,14,27,33,0.00169410390265191,0,0
2772,14,27,34,0.0182699576942665,41.3111512660001,1
2773,14,27,35,0.0183926954963772,41.3111512659907,1
2774,14,27,36,0.0185266904594237,41.3111512660364,1
2775,14,27,37,0.0186627342067196,41.3111512660178,1
2776,14,27,38,0.0187985922002221,41.3111512659447,1
2777,14,27,39,0.0189346250151944,41.3111512660215,1
2778,14,27,40,0.0190579946744333,41.311151265951,1
2779,14,28,29,0.000265512576216789,0,0
2780,14,28,30,0.000535719929303559,0,0
2781,14,28,31,0.000813693660040735,0,0
2782,14,28,32,0.00110867247678291,0,0
2783,14,28,33,0.00143892274684291,0,0
2784,14,28,34,0.0180559473129116,41.3111512660217,1
2785,14,28,35,0.0181790644594736,41.3111512661394,1
2786,14,28,36,0.018313474084554,41.3111512660635,1
2787,14,28,37,0.0184499355227207,41.3111512660618,1
2788,14,28,38,0.0185862109627799,41.3111512659234,1
2789,14,28,39,0.0187226625359184,41.3111512659809,1
2790,14,28,40,0.0188464111129743,41.3111512659698,1
2791,14,29,30,0.00027021721323766,0,0
2792,14,29,31,0.000548215435536051,0,0
2793,14,29,32,0.000843238515653221,0,0
2794,14,29,33,0.00117355500729607,0,0
2795,14,29,34,0.0178323100403641,41.3111512659015,1
2796,14,29,35,0.017955813617473,41.3111512660197,1
2797,14,29,36,0.0180906456613402,41.3111512659274,1
2798,14,29,37,0.0182275325349596,41.3111512660278,1
2799,14,29,38,0.0183642331684574,41.3111512660688,1
2800,14,29,39,0.0185011112871969,41.3111512659686,1
2801,14,29,40,0.0186252458106732,41.3111512659692,1
2802,14,30,31,0.000278012824005979,0,0
2803,14,30,32,0.000573069995742755,0,0
2804,14,30,33,0.000903441615625988,0,0
2805,14,30,34,0.0176040478966441,41.3111512659475,1
2806,14,30,35,0.0177279401650273,41.3111512660272,1
2807,14,30,36,0.0178631971053898,41.3111512659625,1
2808,14,30,37,0.0180005118693142,41.311151265953,1
2809,14,30,38,0.0181376401537309,41.3111512659593,1
2810,14,30,39,0.0182749472929196,41.3111512659356,1
2811,14,30,40,0.0183994699915344,41.3111512659431,1
2812,14,31,32,0.000295076302897402,0,0
2813,14,31,33,0.000625486789172077,0,0
2814,14,31,34,0.0173682492530821,41.3111512659772,1
2815,14,31,35,0.0174925347315014,41.3111512659824,1
2816,14,31,36,0.0176282215175087,41.3111512658917,1
2817,14,31,37,0.0177659690960589,41.3111512659811,1
2818,14,31,38,0.0179035299588859,41.3111512660277,1
2819,14,31,39,0.0180412710758607,41.311151266134,1
2820,14,31,40,0.0181661864194189,41.3111512659576,1
2821,14,32,33,0.000330429001302048,0,0
2822,14,32,34,0.0171167829152012,41.3111512660745,1
2823,14,32,35,0.0172414771849725,41.3111512658733,1
2824,14,32,36,0.0173776108619404,41.3111512660626,1
2825,14,32,37,0.017515808340847,41.3111512660593,1
2826,14,32,38,0.0176538188661654,41.3111512660541,1
2827,14,32,39,0.0177920111184921,41.3111512660375,1
2828,14,32,40,0.0179173346102829,41.3111512661687,1
2829,14,33,34,0.0168341147111762,41.3111512659663,1
2830,14,33,35,0.0169592589249083,41.3111512658635,1
2831,14,33,36,0.017095884492325,41.3111512659957,1
2832,14,33,37,0.0172345771021313,41.3111512660039,1
2833,14,33,38,0.0173730825037167,41.3111512659827,1
2834,14,33,39,0.0175117712702299,41.3111512659723,1
2835,14,33,40,0.0176375439463291,41.311151265947,1
2836,14,34,35,0.000129978598179631,41.3111512658588,1
2837,14,34,36,0.000271916030492116,41.3111512663497,1
2838,14,34,37,0.000415786819980737,41.3111512661506,1
2839,14,34,38,0.000559484488088186,41.3111512663441,1
2840,14,34,39,0.00070342246306041,41.3111512649424,1
2841,14,34,40,0.000833899983106339,41.3111512660968,1
2842,14,35,36,0.000141937684695083,41.3111512662952,1
2843,14,35,37,0.000285807139146457,41.3111512657653,1
2844,14,35,38,0.000429503630699701,41.3111512656582,1
2845,14,35,39,0.000573440799763772,41.3111512660231,1
2846,14,35,40,0.000703917176329762,41.3111512661836,1
2847,14,36,37,0.000143867717224971,41.311151265872,1
2848,14,36,38,0.000287562644952577,41.311151266348,1
2849,14,36,39,0.000431498654472049,41.311151266292,1
2850,14,36,40,0.000561973528999499,41.3111512662846,1
2851,14,37,38,0.000143695101371305,41.311151266193,1
2852,14,37,39,0.000287631697263634,41.3111512661916,1
2853,14,37,40,0.000418106646257096,41.3111512662395,1
2854,14,38,39,0.000143937007834757,41.3111512662468,1
2855,14,38,40,0.00027441187372583,41.3111512661579,1
2856,14,39,40,0.000130474408605901,41.3111512659151,1
2857,15,16,17,1.96023314908733e-10,0,0
2858,15,16,18,2.12793469664252e-10,0,0
2859,15,16,19,1.14276845927979e-05,0,0
2860,15,16,20,1.14749136075603e-05,0,0
2861,15,16,21,1.15167101808113e-05,0,0
2862,15,16,22,1.15521112578933e-05,41.3111512658559,1
2863,15,16,23,1.15130125049449e-05,41.311151266148,1
2864,15,16,24,1.14693272013438e-05,41.3111512661991,1
2865,15,16,25,1.14223024772178e-05,41.3111512662728,1
2866,15,16,26,1.13643250242742e-05,41.3111512663677,1
2867,15,16,27,1.01490985239122e-05,44.9661661723309,1
2868,15,16,28,1.01405742444806e-05,44.966166172138,1
2869,15,16,29,1.01311228478153e-05,44.966166172298,1
2870,15,16,30,1.0121158540783e-05,44.9661661721182,1
2871,15,16,31,1.01104101556324e-05,44.9661661720262,1
2872,15,16,32,1.00983732461389e-05,44.966166171955,1
2873,15,16,33,1.00843181621499e-05,44.966166172165,1
2874,15,16,34,7.16193083328404e-06,41.3111512664855,1
2875,15,16,35,7.14418895275681e-06,41.3111512663856,1
2876,15,16,36,7.12479859240472e-06,41.3111512662878,1
2877,15,16,37,7.10524661395873e-06,41.3111512663425,1
2878,15,16,38,7.08570819235588e-06,41.3111512661098,1
2879,15,16,39,7.06611324687717e-06,41.3111512661592,1
2880,15,16,40,7.04837741356129e-06,41.3111512664839,1
2881,15,17,18,1.51006507052935e-10,0,0
2882,15,17,19,2.18050426951232e-05,41.3111512663966,1
2883,15,17,20,2.18998089735788e-05,41.311151266312,1
2884,15,17,21,2.19843296203077e-05,41.3111512661946,1
2885,15,17,22,2.20567538837787e-05,41.3111512662932,1
2886,15,17,23,2.20655300213353e-05,41.311151266224,1
2887,15,17,24,2.19898075229808e-05,41.3111512659389,1
2888,15,17,25,2.19075184119924e-05,41.3111512659403,1
2889,15,17,26,2.18053231231851e-05,41.311151266168,1
2890,15,17,27,2.09954271101973e-05,41.3111512662139,1
2891,15,17,28,2.09834401991051e-05,41.3111512660114,1
2892,15,17,29,2.09697378092608e-05,41.3111512660022,1
2893,15,17,30,2.09550674267547e-05,41.3111512659889,1
2894,15,17,31,2.09389289280992e-05,41.3111512662919,1
2895,15,17,32,2.09204753559115e-05,41.311151265949,1
2896,15,17,33,2.08985983316534e-05,41.3111512659652,1
2897,15,17,34,1.54614807071768e-05,41.3111512662547,1
2898,15,17,35,1.54270206169024e-05,41.3111512660104,1
2899,15,17,36,1.53893561196591e-05,41.3111512662864,1
2900,15,17,37,1.53513936360997e-05,41.3111512662801,1
2901,15,17,38,1.53134558661186e-05,41.3111512660648,1
2902,15,17,39,1.52754045589787e-05,41.3111512659816,1
2903,15,17,40,1.5240967589529e-05,41.3111512662762,1
2904,15,18,19,3.24738178634851e-05,41.3111512662932,1
2905,15,18,20,3.26130744297956e-05,41.3111512663786,1
2906,15,18,21,3.27370239519261e-05,41.3111512664969,1
2907,15,18,22,3.28429154542575e-05,41.3111512663297,1
2908,15,18,23,3.28223226928733e-05,41.3111512661587,1
2909,15,18,24,3.27064690339701e-05,41.3111512662334,1
2910,15,18,25,3.2580914454967e-05,41.3111512664187,1
2911,15,18,26,3.24253132564073e-05,41.3111512663099,1
2912,15,18,27,3.0609979749293e-05,41.3111512656639,1
2913,15,18,28,3.05904006595997e-05,41.3111512654401,1
2914,15,18,29,3.0568245124294e-05,41.3111512657075,1
2915,15,18,30,3.0544643662405e-05,41.3111512657539,1
2916,15,18,31,3.05188444699733e-05,41.3111512656782,1
2917,15,18,32,3.04895395308417e-05,41.3111512657609,1
2918,15,18,33,3.0454963556855e-05,41.3111512658584,1
2919,15,18,34,2.23014302497965e-05,41.3111512661733,1
2920,15,18,35,2.22503545826633e-05,41.3111512661953,1
2921,15,18,36,2.21945304596724e-05,41.3111512663837,1
2922,15,18,37,2.21382583546481e-05,41.3111512664822,1
2923,15,18,38,2.20820235209904e-05,41.3111512662056,1
2924,15,18,39,2.20256218937259e-05,41.3111512662965,1
2925,15,18,40,2.19745759839213e-05,41.311151266072,1
2926,15,19,20,0.000271031315439677,41.311151266072,1
2927,15,19,21,0.00054905552972633,41.311151266072,1
2928,15,19,22,0.000833305608159105,0,0
2929,15,19,23,0.00569416060361603,41.311151266072,1
2930,15,19,24,0.0061391438060498,41.311151266072,1
2931,15,19,25,0.00657277646621918,41.311151266072,1
2932,15,19,26,0.00706427570198886,41.311151266072,1
2933,15,19,27,0.0950274322613547,0,0
2934,15,19,28,0.0952768395205648,0,0
2935,15,19,29,0.0955293682501192,0,0
2936,15,19,30,0.0957825199534226,0,0
2937,15,19,31,0.0960373025270957,0,0
2938,15,19,32,0.0963004534845492,0,0
2939,15,19,33,0.0965885211225962,0,0
2940,15,19,34,0.104695287260022,0,0
2941,15,19,35,0.104659900754037,0,0
2942,15,19,36,0.104621077006682,0,0
2943,15,19,37,0.104582859289081,0,0
2944,15,19,38,0.10454457429173,0,0
2945,15,19,39,0.104505957896678,0,0
2946,15,19,40,0.104471246605221,0,0
2947,15,20,21,0.000278181956607649,0,0
2948,15,20,22,0.000562767190480756,0,0
2949,15,20,23,0.00544463872492535,0,0
2950,15,20,24,0.00589249706827419,0,0
2951,15,20,25,0.00632903716046769,0,0
2952,15,20,26,0.00682394274943896,0,0
2953,15,20,27,0.0951794603002423,0,0
2954,15,20,28,0.0954301004956329,0,0
2955,15,20,29,0.0956838970504803,0,0
2956,15,20,30,0.0959383313184761,0,0
2957,15,20,31,0.0961944217930437,0,0
2958,15,20,32,0.0964589457967815,0,0
2959,15,20,33,0.0967485373234596,0,0
2960,15,20,34,0.104958118081818,0,0
2961,15,20,35,0.104923006113985,0,0
2962,15,20,36,0.104884481796275,0,0
2963,15,20,37,0.104846569846063,0,0
2964,15,20,38,0.104808590016515,0,0
2965,15,20,39,0.104770278760228,0,0
2966,15,20,40,0.104735844654067,0,0
2967,15,21,22,0.000284763600940281,0,0
2968,15,21,23,0.00518536486844851,0,0
2969,15,21,24,0.00563591355076994,0,0
2970,15,21,25,0.00607518371229371,0,0
2971,15,21,26,0.00657329748568021,0,0
2972,15,21,27,0.0952801041254546,0,0
2973,15,21,28,0.0955318639111494,0,0
2974,15,21,29,0.0957868140288704,0,0
2975,15,21,30,0.0960424166168558,0,0
2976,15,21,31,0.0962997004521369,0,0
2977,15,21,32,0.0965654797723354,0,0
2978,15,21,33,0.0968564668480144,0,0
2979,15,21,34,0.105166796754313,0,0
2980,15,21,35,0.105131987003231,0,0
2981,15,21,36,0.105093792436492,0,0
2982,15,21,37,0.105056216385804,0,0
2983,15,21,38,0.105018571879882,0,0
2984,15,21,39,0.104980596110307,0,0
2985,15,21,40,0.10494646654336,0,0
2986,15,22,23,0.00491663192747896,0,0
2987,15,22,24,0.00536964571420494,0,0
2988,15,22,25,0.00581142888214877,0,0
2989,15,22,26,0.00631250735915495,0,0
2990,15,22,27,0.0953220366270774,0,0
2991,15,22,28,0.0955747810665411,0,0
2992,15,22,29,0.0958307485687699,0,0
2993,15,22,30,0.0960873832291686,0,0
2994,15,22,31,0.0963457236920415,0,0
2995,15,22,32,0.0966126176142133,0,0
2996,15,22,33,0.0969048466793145,0,0
2997,15,22,34,0.105312980919577,0,0
2998,15,22,35,0.105278502855152,0,0
2999,15,22,36,0.105240670331043,0,0
3000,15,22,37,0.105203462220422,0,0
3001,15,22,38,0.105166185108935,0,0
3002,15,22,39,0.105128577113145,0,0
3003,15,22,40,0.105094781174141,0,0
3004,15,23,24,0.000470073203824506,0,0
3005,15,23,25,0.000930375072315982,0,0
3006,15,23,26,0.00145443309364204,0,0
3007,15,23,27,0.0906799107505829,0,0
3008,15,23,28,0.0909354277353661,0,0
3009,15,23,29,0.091194551459664,0,0
3010,15,23,30,0.0914545583811181,0,0
3011,15,23,31,0.0917165990389347,0,0
3012,15,23,32,0.0919877126083144,0,0
3013,15,23,33,0.0922849345168325,0,0
3014,15,23,34,0.101908392516423,41.3111512660683,1
3015,15,23,35,0.101881582171226,41.3111512661266,1
3016,15,23,36,0.101852130320323,41.3111512659141,1
3017,15,23,37,0.101823369554953,41.3111512658072,1
3018,15,23,38,0.101794534252406,41.3111512657771,1
3019,15,23,39,0.101765393242266,41.311151266005,1
3020,15,23,40,0.101739260140076,0,0
3021,15,24,25,0.000460475292767251,0,0
3022,15,24,26,0.000984912017172715,0,0
3023,15,24,27,0.0899214473434627,0,0
3024,15,24,28,0.0901763428313343,0,0
3025,15,24,29,0.0904348692271528,0,0
3026,15,24,30,0.0906942964108911,0,0
3027,15,24,31,0.0909557816278232,0,0
3028,15,24,32,0.0912263579399061,0,0
3029,15,24,33,0.0915230259264208,0,0
3030,15,24,34,0.101229288690593,41.3111512659556,1
3031,15,24,35,0.101203304471546,41.3111512659238,1
3032,15,24,36,0.101174756076784,41.3111512659587,1
3033,15,24,37,0.101146902744105,41.3111512658286,1
3034,15,24,38,0.101118974603553,41.3111512658798,1
3035,15,24,39,0.101090744223247,41.3111512657141,1
3036,15,24,40,0.10106543443055,41.3111512657149,1
3037,15,25,26,0.000524614214531605,0,0
3038,15,25,27,0.0891452954199736,0,0
3039,15,25,28,0.0893994880619162,0,0
3040,15,25,29,0.0896573339472168,0,0
3041,15,25,30,0.0899160975197062,0,0
3042,15,25,31,0.0901769421668593,0,0
3043,15,25,32,0.090446892367499,0,0
3044,15,25,33,0.0907429082921117,0,0
3045,15,25,34,0.10052670418586,41.311151266344,1
3046,15,25,35,0.100501538811563,41.3111512663853,1
3047,15,25,36,0.10047388595863,41.3111512663697,1
3048,15,25,37,0.100446931806705,41.3111512661553,1
3049,15,25,38,0.100419902609337,41.3111512662616,1
3050,15,25,39,0.100392574680754,41.3111512661218,1
3051,15,25,40,0.100368080724845,41.3111512663669,1
3052,15,26,27,0.0882266734046962,0,0
3053,15,26,28,0.0884799673238286,0,0
3054,15,26,29,0.0887369385246546,0,0
3055,15,26,30,0.0889948463120901,0,0
3056,15,26,31,0.0892548606229217,0,0
3057,15,26,32,0.0895239934497217,0,0
3058,15,26,33,0.0898191523884058,0,0
3059,15,26,34,0.0996875097240326,41.3111512662477,1
3060,15,26,35,0.099663286950148,41.3111512663788,1
3061,15,26,36,0.0996366650365253,41.3111512659123,1
3062,15,26,37,0.0996107457003839,41.3111512664686,1
3063,15,26,38,0.0995847510770657,41.3111512662945,1
3064,15,26,39,0.0995584618349157,41.3111512663227,1
3065,15,26,40,0.0995349067936839,41.311151266126,1
3066,15,27,28,0.000292386371458227,0,0
3067,15,27,29,0.000595254453363936,0,0
3068,15,27,30,0.000902940937117825,0,0
3069,15,27,31,0.00121859585871603,0,0
3070,15,27,32,0.00155239765073845,0,0
3071,15,27,33,0.00192511054343716,0,0
3072,15,27,34,0.0334260965262677,41.3111512657034,1
3073,15,27,35,0.0335422026547008,41.3111512658127,1
3074,15,27,36,0.0336689641264452,41.3111512659557,1
3075,15,27,37,0.0337976077649416,41.3111512659366,1
3076,15,27,38,0.0339260789188661,41.3111512659905,1
3077,15,27,39,0.0340547257801995,41.3111512658452,1
3078,15,27,40,0.0341713812909037,41.3111512658133,1
3079,15,28,29,0.000302885987675041,0,0
3080,15,28,30,0.00061060110668289,0,0
3081,15,28,31,0.000926300559386704,0,0
3082,15,28,32,0.00126016876209,0,0
3083,15,28,33,0.0016329735256244,0,0
3084,15,28,34,0.0331916930124617,41.3111512658106,1
3085,15,28,35,0.033308212750338,41.3111512657933,1
3086,15,28,36,0.0334354263732649,41.3111512658621,1
3087,15,28,37,0.0335645252381736,41.3111512659789,1
3088,15,28,38,0.0336934513728213,41.3111512658826,1
3089,15,28,39,0.0338225546957014,41.3111512658229,1
3090,15,28,40,0.033939623180205,41.3111512658127,1
3091,15,29,30,0.000307725938052481,0,0
3092,15,29,31,0.000623452187512536,0,0
3093,15,29,32,0.000957368739588396,0,0
3094,15,29,33,0.00133024584244759,0,0
3095,15,29,34,0.0329468393886862,41.3111512657488,1
3096,15,29,35,0.0330637804530717,41.3111512657497,1
3097,15,29,36,0.0331914546733889,41.311151265878,1
3098,15,29,37,0.0333210172058972,41.3111512658125,1
3099,15,29,38,0.0334504067642106,41.3111512659331,1
3100,15,29,39,0.0335799750339055,41.3111512658152,1
3101,15,29,40,0.0336974641528431,41.3111512658942,1
3102,15,30,31,0.000315742196716654,0,0
3103,15,30,32,0.000649695943309239,0,0
3104,15,30,33,0.00102263322231823,0,0
3105,15,30,34,0.0326968962831321,41.3111512658238,1
3106,15,30,35,0.0328142612294727,41.3111512657525,1
3107,15,30,36,0.0329423988467664,41.3111512658136,1
3108,15,30,37,0.0330724278280706,41.3111512660329,1
3109,15,30,38,0.0332022835935265,41.311151265919,1
3110,15,30,39,0.0333323196114687,41.3111512656039,1
3111,15,30,40,0.0334502318896509,41.3111512658118,1
3112,15,31,32,0.000333974603568072,0,0
3113,15,31,33,0.000706954299616406,0,0
3114,15,31,34,0.032438747712691,41.3111512657638,1
3115,15,31,35,0.0325565415009147,41.3111512659942,1
3116,15,31,36,0.0326851479462077,41.3111512657631,1
3117,15,31,37,0.0328156487888143,41.3111512656764,1
3118,15,31,38,0.0329459761766008,41.3111512657684,1
3119,15,31,39,0.033076485388783,41.3111512659119,1
3120,15,31,40,0.0331948257389467,41.311151265829,1
3121,15,32,33,0.000372999924531047,0,0
3122,15,32,34,0.0321635496506519,41.3111512660601,1
3123,15,32,35,0.0322817892629599,41.3111512658457,1
3124,15,32,36,0.0324108831131842,41.3111512658042,1
3125,15,32,37,0.0325418744440441,41.3111512656061,1
3126,15,32,38,0.0326726920787707,41.3111512661091,1
3127,15,32,39,0.0328036931885605,41.3111512658925,1
3128,15,32,40,0.0329224785123453,41.3111512657859,1
3129,15,33,34,0.0318542462632856,41.3111512660925,1
3130,15,33,35,0.0319729766330947,41.3111512657333,1
3131,15,33,36,0.0321026070230079,41.3111512658463,1
3132,15,33,37,0.0322341382222401,41.3111512658263,1
3133,15,33,38,0.0323654954663484,41.3111512658455,1
3134,15,33,39,0.0324970380179575,41.3111512660799,1
3135,15,33,40,0.0326163131163491,41.3111512658625,1
3136,15,34,35,0.000140365754564861,0,0
3137,15,34,36,0.000293679957397619,41.3111512662549,1
3138,15,34,37,0.000448854641730272,0,0
3139,15,34,38,0.000603862959130834,0,0
3140,15,34,39,0.000759181429804456,0,0
3141,15,34,40,0.000899914951317023,0,0
3142,15,35,36,0.00015331443465443,0,0
3143,15,35,37,0.000308487909466337,41.3111512663407,1
3144,15,35,38,0.000463495163779765,41.3111512662923,1
3145,15,35,39,0.000618812910843352,0,0
3146,15,35,40,0.00075954540278731,41.3111512661534,1
3147,15,36,37,0.000155171897435888,0,0
3148,15,36,38,0.000310177734590018,0,0
3149,15,36,39,0.000465494434775101,0,0
3150,15,36,40,0.000606225569745812,0,0
3151,15,37,38,0.000155005997603341,0,0
3152,15,37,39,0.000310323236202948,0,0
3153,15,37,40,0.00045105444567281,0,0
3154,15,38,39,0.000155317615838954,0,0
3155,15,38,40,0.000296048754210923,0,0
3156,15,39,40,0.000140730724632665,0,0
3157,16,17,18,1.67776665014474e-10,0,0
3158,16,17,19,1.03771648393312e-05,0,0
3159,16,17,20,1.04247020726997e-05,0,0
3160,16,17,21,1.04674261126826e-05,0,0
3161,16,17,22,1.05044492622313e-05,0,0
3162,16,17,23,1.05523234052657e-05,0,0
3163,16,17,24,1.05202861447121e-05,0,0
3164,16,17,25,1.04850216956073e-05,0,0
3165,16,17,26,1.044080379182e-05,0,0
3166,16,17,27,1.08461923351358e-05,41.3111512653025,1
3167,16,17,28,1.08427301473944e-05,41.3111512652469,1
3168,16,17,29,1.08384796080399e-05,41.3111512649199,1
3169,16,17,30,1.08337739913415e-05,41.31115126494,1
3170,16,17,31,1.08283843439222e-05,41.3111512650055,1
3171,16,17,32,1.08219681675716e-05,41.3111512649132,1
3172,16,17,33,1.08141467651604e-05,41.3111512649432,1
3173,16,17,34,8.29966007508121e-06,0,0
3174,16,17,35,8.28294190537843e-06,0,0
3175,16,17,36,8.26466781255614e-06,0,0
3176,16,17,37,8.24625734956869e-06,0,0
3177,16,17,38,8.22785804349691e-06,0,0
3178,16,17,39,8.20940172474582e-06,0,0
3179,16,17,40,8.19270062683147e-06,0,0
3180,16,18,19,2.10459236592783e-05,41.3111512660062,1
3181,16,18,20,2.11379511786741e-05,41.3111512662295,1
3182,16,18,21,2.12201040918729e-05,0,0
3183,16,18,22,2.12905944777042e-05,41.311151266478,1
3184,16,18,23,2.13090996572149e-05,41.3111512660811,1
3185,16,18,24,2.12369312297738e-05,41.3111512660495,1
3186,16,18,25,2.11584013065664e-05,41.3111512658189,1
3187,16,18,26,2.10607774862748e-05,41.3111512662499,1
3188,16,18,27,2.04607334825142e-05,41.3111512658611,1
3189,16,18,28,2.044967915402e-05,41.3111512659569,1
3190,16,18,29,2.04369755078641e-05,41.3111512658465,1
3191,16,18,30,2.04233388508834e-05,41.3111512659112,1
3192,16,18,31,2.04082885493818e-05,41.3111512658869,1
3193,16,18,32,2.03910210474952e-05,41.3111512657513,1
3194,16,18,33,2.03705007411487e-05,41.3111512658342,1
3195,16,18,34,1.51396191619274e-05,41.3111512663418,1
3196,16,18,35,1.51062854185022e-05,41.3111512662234,1
3197,16,18,36,1.50698517033948e-05,41.3111512663304,1
3198,16,18,37,1.50331316222246e-05,41.3111512662218,1
3199,16,18,38,1.49964352557722e-05,41.3111512661856,1
3200,16,18,39,1.49596286202411e-05,41.3111512662917,1
3201,16,18,40,1.49263185849693e-05,41.3111512663322,1
3202,16,19,20,0.000271076111532724,41.3111512663322,1
3203,16,19,21,0.000549139581390074,41.3111512663322,1
3204,16,19,22,0.000833422414500434,0,0
3205,16,19,23,0.00569419528604856,41.3111512663322,1
3206,16,19,24,0.00613913158233613,41.3111512663322,1
3207,16,19,25,0.00657271425144083,41.3111512663322,1
3208,16,19,26,0.00706415236636226,41.3111512663322,1
3209,16,19,27,0.0950294953324178,0,0
3210,16,19,28,0.0952789200668315,0,0
3211,16,19,29,0.0955314659344514,0,0
3212,16,19,30,0.0957846345598266,0,0
3213,16,19,31,0.0960394337078162,0,0
3214,16,19,32,0.0963026011502339,0,0
3215,16,19,33,0.0965906862872993,0,0
3216,16,19,34,0.10470877280236,0,0
3217,16,19,35,0.104673371138,0,0
3218,16,19,36,0.104634530843135,0,0
3219,16,19,37,0.104596296304716,0,0
3220,16,19,38,0.10455799450954,0,0
3221,16,19,39,0.104519361297519,0,0
3222,16,19,40,0.104484634748279,0,0
3223,16,20,21,0.000278221210575111,0,0
3224,16,20,22,0.000562839195725396,0,0
3225,16,20,23,0.00544462842012025,0,0
3226,16,20,24,0.00589243983471112,0,0
3227,16,20,25,0.00632892991356906,0,0
3228,16,20,26,0.00682377435635761,0,0
3229,16,20,27,0.0951814921136043,0,0
3230,16,20,28,0.0954321498898359,0,0
3231,16,20,29,0.0956859636906273,0,0
3232,16,20,30,0.0959404149896912,0,0
3233,16,20,31,0.0961965221492077,0,0
3234,16,20,32,0.0964610627532241,0,0
3235,16,20,33,0.0967506719063369,0,0
3236,16,20,34,0.104971631283509,0,0
3237,16,20,35,0.1049365041642,0,0
3238,16,20,36,0.104897963306601,0,0
3239,16,20,37,0.104860034542697,0,0
3240,16,20,38,0.104822037922491,0,0
3241,16,20,39,0.104783709856544,0,0
3242,16,20,40,0.104749260499065,0,0
3243,16,21,22,0.000284796350409901,0,0
3244,16,21,23,0.00518531514181077,0,0
3245,16,21,24,0.0056358168738804,0,0
3246,16,21,25,0.00607503700076309,0,0
3247,16,21,26,0.00657308960357839,0,0
3248,16,21,27,0.0952821086210034,0,0
3249,16,21,28,0.0955338860807365,0,0
3250,16,21,29,0.0957888535395503,0,0
3251,16,21,30,0.0960444732547247,0,0
3252,16,21,31,0.0963017738724972,0,0
3253,16,21,32,0.096567569894616,0,0
3254,16,21,33,0.0968585747090132,0,0
3255,16,21,34,0.105180334677003,0,0
3256,16,21,35,0.105145509779949,0,0
3257,16,21,36,0.105107298679408,0,0
3258,16,21,37,0.105069705820669,0,0
3259,16,21,38,0.105032044529767,0,0
3260,16,21,39,0.104994051956335,0,0
3261,16,21,40,0.104959907143191,0,0
3262,16,22,23,0.00491654930903237,0,0
3263,16,22,24,0.00536951612541237,0,0
3264,16,22,25,0.00581124923863599,0,0
3265,16,22,26,0.00631226652190695,0,0
3266,16,22,27,0.0953240184237575,0,0
3267,16,22,28,0.0955767806158276,0,0
3268,16,22,29,0.0958327655393302,0,0
3269,16,22,30,0.0960894174078999,0,0
3270,16,22,31,0.0963477747354164,0,0
3271,16,22,32,0.096614685445077,0,0
3272,16,22,33,0.096906932343391,0,0
3273,16,22,34,0.105326540090314,0,0
3274,16,22,35,0.105292046883812,0,0
3275,16,22,36,0.105254197830217,0,0
3276,16,22,37,0.105216972915478,0,0
3277,16,22,38,0.105179679022977,0,0
3278,16,22,39,0.105142054227398,0,0
3279,16,22,40,0.105108243045766,0,0
3280,16,23,24,0.000470026080023463,0,0
3281,16,23,25,0.00093027772689601,0,0
3282,16,23,26,0.00145427434695696,0,0
3283,16,23,27,0.0906819584241368,0,0
3284,16,23,28,0.0909374930404777,0,0
3285,16,23,29,0.0911966340594916,0,0
3286,16,23,30,0.091456658059612,0,0
3287,16,23,31,0.0917187154481225,0,0
3288,16,23,32,0.0919898456620873,0,0
3289,16,23,33,0.0922870852429414,0,0
3290,16,23,34,0.101921957016138,41.3111512660475,1
3291,16,23,35,0.101895131453226,41.3111512659321,1
3292,16,23,36,0.101865662990105,41.3111512659887,1
3293,16,23,37,0.101836885337661,41.3111512660093,1
3294,16,23,38,0.101808033171161,0,0
3295,16,23,39,0.101778875277952,0,0
3296,16,23,40,0.10175272685788,0,0
3297,16,24,25,0.000460425069234221,0,0
3298,16,24,26,0.000984800388050338,0,0
3299,16,24,27,0.0899235287884433,0,0
3300,16,24,28,0.0901784418060804,0,0
3301,16,24,29,0.0904369853923059,0,0
3302,16,24,30,0.0906964295491219,0,0
3303,16,24,31,0.0909579313892703,0,0
3304,16,24,32,0.0912285242335134,0,0
3305,16,24,33,0.091525209767779,0,0
3306,16,24,34,0.101242831035212,41.3111512657292,1
3307,16,24,35,0.101216831583574,41.3111512658588,1
3308,16,24,36,0.101188266560263,41.3111512659086,1
3309,16,24,37,0.101160396324557,41.311151265746,1
3310,16,24,38,0.101132451304069,41.3111512660916,1
3311,16,24,39,0.101104204024552,41.311151265867,1
3312,16,24,40,0.101078878899502,41.3111512660823,1
3313,16,25,26,0.00052455280682778,0,0
3314,16,25,27,0.0891474127732688,0,0
3315,16,25,28,0.0894016228357766,0,0
3316,16,25,29,0.0896594857996158,0,0
3317,16,25,30,0.0899182662319594,0,0
3318,16,25,31,0.0901791273871064,0,0
3319,16,25,32,0.0904490939994148,0,0
3320,16,25,33,0.0907451273382855,0,0
3321,16,25,34,0.100540222367986,41.3111512667105,1
3322,16,25,35,0.100515041745861,41.3111512659686,1
3323,16,25,36,0.100487372247646,41.3111512663463,1
3324,16,25,37,0.100460401176381,41.3111512661715,1
3325,16,25,38,0.100433355082728,41.3111512664721,1
3326,16,25,39,0.100406010238416,41.3111512663618,1
3327,16,25,40,0.100381500935353,41.3111512663554,1
3328,16,26,27,0.0882288345735081,0,0
3329,16,26,28,0.0884821457789548,0,0
3330,16,26,29,0.08873913392082,0,0
3331,16,26,30,0.0889970584289629,0,0
3332,16,26,31,0.0892570891062122,0,0
3333,16,26,32,0.0895262381966666,0,0
3334,16,26,33,0.0898214143856553,0,0
3335,16,26,34,0.099700997793837,41.3111512659293,1
3336,16,26,35,0.0996767597541372,41.3111512663928,1
3337,16,26,36,0.0996501211754763,41.3111512661675,1
3338,16,26,37,0.0996241849007603,41.3111512664275,1
3339,16,26,38,0.0995981733618781,41.3111512661548,1
3340,16,26,39,0.099571867184516,41.3111512661942,1
3341,16,26,40,0.0995482967786786,41.3111512661602,1
3342,16,27,28,0.000292403430360719,0,0
3343,16,27,29,0.000595288439126529,0,0
3344,16,27,30,0.000902991750510389,0,0
3345,16,27,31,0.00121866333244355,0,0
3346,16,27,32,0.00155248193806666,0,0
3347,16,27,33,0.00192521290930937,0,0
3348,16,27,34,0.0334367802762953,41.3111512659801,1
3349,16,27,35,0.0335528761453366,41.3111512659345,1
3350,16,27,36,0.0336796264215835,41.3111512658421,1
3351,16,27,37,0.0338082586510312,41.3111512659786,1
3352,16,27,38,0.0339367184138791,41.311151265813,1
3353,16,27,39,0.0340653538773379,41.311151265777,1
3354,16,27,40,0.0341819990392737,41.311151265792,1
3355,16,28,29,0.00030290291620437,0,0
3356,16,28,30,0.000610634865456878,0,0
3357,16,28,31,0.000926350982568745,0,0
3358,16,28,32,0.0012602360049829,0,0
3359,16,28,33,0.00163305885550123,0,0
3360,16,28,34,0.03320235575117,41.31115126583,1
3361,16,28,35,0.0333188652680924,41.3111512658136,1
3362,16,28,36,0.0334460677375168,41.3111512657366,1
3363,16,28,37,0.033575155235823,41.3111512659356,1
3364,16,28,38,0.0337040700218022,41.3111512657366,1
3365,16,28,39,0.0338331619893166,41.3111512662073,1
3366,16,28,40,0.0339502201635548,41.3111512659017,1
3367,16,29,30,0.000307742769244991,0,0
3368,16,29,31,0.000623485685524443,0,0
3369,16,29,32,0.000957419061728802,0,0
3370,16,29,33,0.00133031425817753,0,0
3371,16,29,34,0.0329574802332962,41.3111512659599,1
3372,16,29,35,0.0330744111158721,41.3111512656959,1
3373,16,29,36,0.0332020742254523,41.3111512660728,1
3374,16,29,37,0.033331625434592,41.3111512659383,1
3375,16,29,38,0.0334610036874314,41.3111512658232,1
3376,16,29,39,0.0335905606450558,41.3111512658018,1
3377,16,29,40,0.0337080394929455,41.3111512657012,1
3378,16,30,31,0.000315758865000334,0,0
3379,16,30,32,0.000649729439171654,0,0
3380,16,30,33,0.00102268481732473,0,0
3381,16,30,34,0.0327075147637374,41.3111512659016,1
3382,16,30,35,0.0328248695677578,41.311151265783,1
3383,16,30,36,0.0329529961174563,41.3111512659543,1
3384,16,30,37,0.033083013819011,41.3111512659139,1
3385,16,30,38,0.0332128583225722,41.3111512657588,1
3386,16,30,39,0.0333428830721234,41.3111512659165,1
3387,16,30,40,0.0334607851188248,41.3111512657344,1
3388,16,31,32,0.000333991433099679,0,0
3389,16,31,33,0.000706989232218278,0,0
3390,16,31,34,0.0324493431219638,41.3111512658772,1
3391,16,31,35,0.0325671268078568,41.3111512657092,1
3392,16,31,36,0.0326957222292414,41.3111512659113,1
3393,16,31,37,0.0328262118362771,41.3111512658331,1
3394,16,31,38,0.0329565280063061,41.3111512659188,1
3395,16,31,39,0.0330870259943344,41.3111512658162,1
3396,16,31,40,0.0332053561530915,41.3111512659189,1
3397,16,32,33,0.000373018029444508,0,0
3398,16,32,34,0.0321741205240335,41.3111512656595,1
3399,16,32,35,0.0322923500755707,41.311151265693,1
3400,16,32,36,0.0324214329472879,41.3111512658646,1
3401,16,32,37,0.0325524130884991,41.3111512661026,1
3402,16,32,38,0.0326832195513464,41.311151266105,1
3403,16,32,39,0.0328142094829626,41.3111512656494,1
3404,16,32,40,0.0329329846569967,41.3111512660109,1
3405,16,33,34,0.03186478958365,41.3111512659663,1
3406,16,33,35,0.0319835099384998,41.3111512660174,1
3407,16,33,36,0.03211312939995,41.3111512658144,1
3408,16,33,37,0.0322446494601612,41.3111512658606,1
3409,16,33,38,0.0323759955829691,41.3111512658724,1
3410,16,33,39,0.0325075270070933,41.3111512656963,1
3411,16,33,40,0.0326267920016587,41.3111512658615,1
3412,16,34,35,0.000140377191320669,0,0
3413,16,34,36,0.000293703905647327,41.3111512660573,1
3414,16,34,37,0.000448891120908957,0,0
3415,16,34,38,0.000603911967649839,0,0
3416,16,34,39,0.000759243022368183,0,0
3417,16,34,40,0.000899987911200378,0,0
3418,16,35,36,0.000153326946118365,0,0
3419,16,35,37,0.000308512952039222,41.3111512662416,1
3420,16,35,38,0.00046353273585523,41.3111512658227,1
3421,16,35,39,0.000618863067080544,0,0
3422,16,35,40,0.000759606926506485,41.3111512661959,1
3423,16,36,37,0.000155184428774557,0,0
3424,16,36,38,0.000310202795641605,0,0
3425,16,36,39,0.000465532080149388,0,0
3426,16,36,40,0.000606274582809476,0,0
3427,16,37,38,0.000155018527296876,0,0
3428,16,37,39,0.000310348350149356,0,0
3429,16,37,40,0.0004510909273076,0,0
3430,16,38,39,0.000155330200041472,0,0
3431,16,38,40,0.000296072706118413,0,0
3432,16,39,40,0.000140742092399982,0,0
3433,17,18,19,1.06689244025789e-05,41.3111512661572,1
3434,17,18,20,1.07134147153323e-05,41.311151265985,1
3435,17,18,21,1.07528436179066e-05,41.3111512661383,1
3436,17,18,22,1.07863108863267e-05,41.3111512663297,1
3437,17,18,23,1.07569425633414e-05,41.311151265887,1
3438,17,18,24,1.07168114522522e-05,41.3111512661117,1
3439,17,18,25,1.06735460308491e-05,41.3111512662119,1
3440,17,18,26,1.0620140171762e-05,41.3111512661427,1
3441,17,18,27,9.61465794110244e-06,460.350673681687,1
3442,17,18,28,9.60706542033757e-06,460.350673687003,1
3443,17,18,29,9.59861192504838e-06,460.350673685889,1
3444,17,18,30,9.58968049201078e-06,460.350673681307,1
3445,17,18,31,9.58001943892825e-06,460.350673682622,1
3446,17,18,32,9.56916769702734e-06,460.350673677582,1
3447,17,18,33,9.55646833260271e-06,460.350673684703,1
3448,17,18,34,6.83986490025018e-06,41.3111512660438,1
3449,17,18,35,6.82324929199979e-06,41.3111512663925,1
3450,17,18,36,6.80508963168958e-06,41.3111512661444,1
3451,17,18,37,6.78677997715399e-06,41.3111512661263,1
3452,17,18,38,6.76848288028858e-06,41.3111512660819,1
3453,17,18,39,6.75013252646878e-06,41.3111512662522,1
3454,17,18,40,6.73352355611695e-06,41.3111512662121,1
3455,17,19,20,0.000271121374019513,41.3111512662121,1
3456,17,19,21,0.000549225193337266,41.3111512662121,1
3457,17,19,22,0.000833542577807278,41.3111512662121,1
3458,17,19,23,0.00569432307943863,41.3111512662121,1
3459,17,19,24,0.00613922430623452,41.3111512662121,1
3460,17,19,25,0.0065727689125077,41.3111512662121,1
3461,17,19,26,0.00706415983638958,41.3111512662121,1
3462,17,19,27,0.0950329758724224,0,0
3463,17,19,28,0.0952824206938132,0,0
3464,17,19,29,0.0955349863950486,0,0
3465,17,19,30,0.0957881746684333,0,0
3466,17,19,31,0.0960429931762205,0,0
3467,17,19,32,0.0963061800388206,0,0
3468,17,19,33,0.0965942859383066,0,0
3469,17,19,34,0.104722789467376,0,0
3470,17,19,35,0.104687373439405,0,0
3471,17,19,36,0.104648517461343,0,0
3472,17,19,37,0.10461026700179,0,0
3473,17,19,38,0.104571949305219,0,0
3474,17,19,39,0.104533300168814,0,0
3475,17,19,40,0.104498559177113,0,0
3476,17,20,21,0.0002782615585231,0,0
3477,17,20,22,0.000562914091825631,0,0
3478,17,20,23,0.00544471077244219,0,0
3479,17,20,24,0.0058924870966281,0,0
3480,17,20,25,0.00632893909210506,0,0
3481,17,20,26,0.00682373632054142,0,0
3482,17,20,27,0.0951849412895129,0,0
3483,17,20,28,0.0954356192598401,0,0
3484,17,20,29,0.0956894530036434,0,0
3485,17,20,30,0.095943924061248,0,0
3486,17,20,31,0.0962000506927565,0,0
3487,17,20,32,0.0964646108339037,0,0
3488,17,20,33,0.0967542408786637,0,0
3489,17,20,34,0.104985675957159,0,0
3490,17,20,35,0.104950534481362,0,0
3491,17,20,36,0.104911977948429,0,0
3492,17,20,37,0.104874033270757,0,0
3493,17,20,38,0.104836020756566,0,0
3494,17,20,39,0.104797676773788,0,0
3495,17,20,40,0.104763212980534,0,0
3496,17,21,22,0.0002848308968574,0,0
3497,17,21,23,0.00518535698974523,0,0
3498,17,21,24,0.00563582361159484,0,0
3499,17,21,25,0.0060750056355058,0,0
3500,17,21,26,0.00657301100160988,0,0
3501,17,21,27,0.0952855299535383,0,0
3502,17,21,28,0.0955373277035296,0,0
3503,17,21,29,0.09579231520354,0,0
3504,17,21,30,0.0960479547764451,0,0
3505,17,21,31,0.0963052749668728,0,0
3506,17,21,32,0.0965710906310257,0,0
3507,17,21,33,0.0968621164529633,0,0
3508,17,21,34,0.105194404787442,0,0
3509,17,21,35,0.105159565539768,0,0
3510,17,21,36,0.105121338770378,0,0
3511,17,21,37,0.105083730003908,0,0
3512,17,21,38,0.105046052825095,0,0
3513,17,21,39,0.105008044341033,0,0
3514,17,21,40,0.104973885097591,0,0
3515,17,22,23,0.00491655647834191,0,0
3516,17,22,24,0.00536948816605251,0,0
3517,17,22,25,0.00581118315792065,0,0
3518,17,22,26,0.00631215318334049,0,0
3519,17,22,27,0.0953274160609823,0,0
3520,17,22,28,0.0955801986265034,0,0
3521,17,22,29,0.0958362036761165,0,0
3522,17,22,30,0.0960928754881838,0,0
3523,17,22,31,0.0963512524753715,0,0
3524,17,22,32,0.0966181829177157,0,0
3525,17,22,33,0.096910450923687,0,0
3526,17,22,34,0.105340632574547,0,0
3527,17,22,35,0.105306125021843,0,0
3528,17,22,36,0.10526826030429,0,0
3529,17,22,37,0.105231019486316,0,0
3530,17,22,38,0.105193709710433,0,0
3531,17,22,39,0.105156069008861,0,0
3532,17,22,40,0.105122243401012,0,0
3533,17,23,24,0.000469990813120269,0,0
3534,17,23,25,0.000930204188966908,0,0
3535,17,23,26,0.00145415336597738,0,0
3536,17,23,27,0.0906853641435807,0,0
3537,17,23,28,0.0909409192285878,0,0
3538,17,23,29,0.0912000804683382,0,0
3539,17,23,30,0.0914601245060604,0,0
3540,17,23,31,0.0917222016475198,0,0
3541,17,23,32,0.0919933516884791,0,0
3542,17,23,33,0.092290612478527,0,0
3543,17,23,34,0.101936108062486,41.3111512658776,1
3544,17,23,35,0.1019092680994,41.3111512657582,1
3545,17,23,36,0.101879783913405,0,0
3546,17,23,37,0.101850990297811,0,0
3547,17,23,38,0.101822122188098,0,0
3548,17,23,39,0.101792948329001,0,0
3549,17,23,40,0.101766785428362,0,0
3550,17,24,25,0.000460386796543363,0,0
3551,17,24,26,0.000984714668567345,0,0
3552,17,24,27,0.0899269604170338,0,0
3553,17,24,28,0.0901818938296224,0,0
3554,17,24,29,0.0904404575609878,0,0
3555,17,24,30,0.090699921678844,0,0
3556,17,24,31,0.0909614431939579,0,0
3557,17,24,32,0.0912320557835565,0,0
3558,17,24,33,0.0915287624364841,0,0
3559,17,24,34,0.101256966856719,41.3111512660128,1
3560,17,24,35,0.101230952992752,41.3111512659671,1
3561,17,24,36,0.101202372233228,41.311151265982,1
3562,17,24,37,0.101174486021308,41.3111512658802,1
3563,17,24,38,0.101146525044519,41.3111512657143,1
3564,17,24,39,0.101118261785904,41.3111512657648,1
3565,17,24,40,0.101092922168434,41.3111512656168,1
3566,17,25,26,0.000524505358215052,0,0
3567,17,25,27,0.0891508723572276,0,0
3568,17,25,28,0.0894051027337269,0,0
3569,17,25,29,0.0896629857597151,0,0
3570,17,25,30,0.0899217860690697,0,0
3571,17,25,31,0.0901826668136233,0,0
3572,17,25,32,0.090452653081758,0,0
3573,17,25,33,0.0907487074400458,0,0
3574,17,25,34,0.100554340999691,41.3111512661312,1
3575,17,25,35,0.100529145952728,41.3111512659155,1
3576,17,25,36,0.100501460704567,41.3111512662215,1
3577,17,25,37,0.100474473643664,41.3111512662772,1
3578,17,25,38,0.10044741158026,41.3111512661691,1
3579,17,25,39,0.100420050743269,41.3111512660275,1
3580,17,25,40,0.100395526935606,41.311151266048,1
3581,17,26,27,0.0882323286505981,0,0
3582,17,26,28,0.0884856600686995,0,0
3583,17,26,29,0.0887426681688714,0,0
3584,17,26,30,0.0890006124489045,0,0
3585,17,26,31,0.089260662608557,0,0
3586,17,26,32,0.0895298312429085,0,0
3587,17,26,33,0.0898250283272757,0,0
3588,17,26,34,0.099715094442856,41.3111512662076,1
3589,17,26,35,0.0996908419634949,41.3111512659062,1
3590,17,26,36,0.0996641876186131,41.3111512659454,1
3591,17,26,37,0.0996382353383766,41.311151266077,1
3592,17,26,38,0.0996122078138278,41.3111512660633,1
3593,17,26,39,0.09958588562771,41.3111512660879,1
3594,17,26,40,0.0995623007028641,41.311151266168,1
3595,17,27,28,0.000292425586460604,0,0
3596,17,27,29,0.000595332750929211,0,0
3597,17,27,30,0.000903058176655565,0,0
3598,17,27,31,0.00121875180111913,0,0
3599,17,27,32,0.0015525928566884,0,0
3600,17,27,33,0.00192534815210015,0,0
3601,17,27,34,0.03344864672996,41.3111512659025,1
3602,17,27,35,0.0335647331935213,41.3111512661363,1
3603,17,27,36,0.033691473206921,41.3111512657498,1
3604,17,27,37,0.0338200949705675,41.3111512657211,1
3605,17,27,38,0.0339485442845053,41.3111512656879,1
3606,17,27,39,0.0340771692941479,41.3111512659269,1
3607,17,27,40,0.0341938049624628,41.3111512658838,1
3608,17,28,29,0.000302925073517703,0,0
3609,17,28,30,0.000610679139666053,0,0
3610,17,28,31,0.000926417303281903,0,0
3611,17,28,32,0.00126032478158269,0,0
3612,17,28,33,0.00163317196448281,0,0
3613,17,28,34,0.03321420146281,41.3111512657185,1
3614,17,28,35,0.033330701611406,41.3111512658949,1
3615,17,28,36,0.0334578938585886,41.3111512657718,1
3616,17,28,37,0.0335869709320423,41.3111512657527,1
3617,17,28,38,0.033715875310032,41.3111512660005,1
3618,17,28,39,0.0338449568647689,41.3111512657672,1
3619,17,28,40,0.0339620055825329,41.3111512657668,1
3620,17,29,30,0.000307764887086636,0,0
3621,17,29,31,0.000623529852241299,0,0
3622,17,29,32,0.000957485688640758,0,0
3623,17,29,33,0.00133040522391573,0,0
3624,17,29,34,0.0329693043407066,41.3111512659132,1
3625,17,29,35,0.0330862258927924,41.3111512656658,1
3626,17,29,36,0.0332138788214816,41.3111512657568,1
3627,17,29,37,0.0333434196474777,41.3111512659148,1
3628,17,29,38,0.0334727875340071,41.3111512659275,1
3629,17,29,39,0.0336023341206517,41.311151265873,1
3630,17,29,40,0.0337198035499032,41.3111512658933,1
3631,17,30,31,0.000315780915301373,0,0
3632,17,30,32,0.000649773953009858,0,0
3633,17,30,33,0.00102275367538323,0,0
3634,17,30,34,0.0327193168006828,41.3111512658011,1
3635,17,30,35,0.0328366623123805,41.3111512657787,1
3636,17,30,36,0.0329647787228995,41.3111512658196,1
3637,17,30,37,0.0330947860833884,41.3111512658293,1
3638,17,30,38,0.0332246202626872,41.3111512657783,1
3639,17,30,39,0.0333546346834247,41.3111512658805,1
3640,17,30,40,0.0334725273496587,41.3111512659352,1
3641,17,31,32,0.000334013898520589,0,0
3642,17,31,33,0.000707036045667719,0,0
3643,17,31,34,0.0324611223950209,41.3111512659114,1
3644,17,31,35,0.0325788968272409,41.3111512661934,1
3645,17,31,36,0.032707482151684,41.3111512659926,1
3646,17,31,37,0.0328379614602698,41.3111512657846,1
3647,17,31,38,0.0329682673486212,41.3111512657491,1
3648,17,31,39,0.0330987550505389,41.3111512659229,1
3649,17,31,40,0.0332170758674875,41.3111512658525,1
3650,17,32,33,0.000373042379272924,0,0
3651,17,32,34,0.0321858755983512,41.3111512658565,1
3652,17,32,35,0.0323040959363835,41.3111512657719,1
3653,17,32,36,0.0324331687550547,41.3111512660296,1
3654,17,32,37,0.032564138642114,41.3111512659105,1
3655,17,32,38,0.0326949348675487,41.3111512659191,1
3656,17,32,39,0.0328259145574401,41.3111512657441,1
3657,17,32,40,0.0329446804298504,41.311151265783,1
3658,17,33,34,0.0318765174876361,41.3111512659654,1
3659,17,33,35,0.0319952286732562,41.3111512658874,1
3660,17,33,36,0.0321248381300435,41.31115126592,1
3661,17,33,37,0.0322563479849381,41.3111512658965,1
3662,17,33,38,0.0323876839191313,41.3111512658657,1
3663,17,33,39,0.0325192051504602,41.3111512659143,1
3664,17,33,40,0.0326384608877025,41.3111512659237,1
3665,17,34,35,0.000140388284900467,0,0
3666,17,34,36,0.00029372713902031,41.3111512662996,1
3667,17,34,37,0.000448926487969941,0,0
3668,17,34,38,0.000603959469117723,0,0
3669,17,34,39,0.000759302716864399,0,0
3670,17,34,40,0.000900058613151935,0,0
3671,17,35,36,0.000153339085883835,0,0
3672,17,35,37,0.000308537225659554,41.3111512663538,1
3673,17,35,38,0.000463569144032962,41.3111512658208,1
3674,17,35,39,0.00061891166839523,0,0
3675,17,35,40,0.000759666535427176,41.3111512660003,1
3676,17,36,37,0.000155196562842327,0,0
3677,17,36,38,0.000310227064461783,0,0
3678,17,36,39,0.000465568542255847,0,0
3679,17,36,40,0.000606322052714311,0,0
3680,17,37,38,0.000155030662031377,0,0
3681,17,37,39,0.000310372678105547,0,0
3682,17,37,40,0.000451126263061392,0,0
3683,17,38,39,0.00015534239321656,0,0
3684,17,38,40,0.00029609590710657,0,0
3685,17,39,40,0.000140753100270867,0,0
3686,18,19,20,0.000271163582952881,0,0
3687,18,19,21,0.000549304448630256,0,0
3688,18,19,22,0.000833652819196026,0,0
3689,18,19,23,0.00569436360467112,0,0
3690,18,19,24,0.00613922167693698,0,0
3691,18,19,25,0.00657272023239222,0,0
3692,18,19,26,0.00706405479758222,0,0
3693,18,19,27,0.0950350378814869,0,0
3694,18,19,28,0.0952844993743592,0,0
3695,18,19,29,0.0955370814367927,0,0
3696,18,19,30,0.0957902858706172,0,0
3697,18,19,31,0.0960451202165162,0,0
3698,18,19,32,0.0963083228457817,0,0
3699,18,19,33,0.0965964454942898,0,0
3700,18,19,34,0.104735529215314,0,0
3701,18,19,35,0.104700098985006,0,0
3702,18,19,36,0.10466122750281,0,0
3703,18,19,37,0.10462296128483,0,0
3704,18,19,38,0.104584627851203,0,0
3705,18,19,39,0.104545962959394,0,0
3706,18,19,40,0.104511207673517,0,0
3707,18,20,21,0.000278298603378559,0,0
3708,18,20,22,0.000562982119586592,0,0
3709,18,20,23,0.00544470890951307,0,0
3710,18,20,24,0.00589244205797966,0,0
3711,18,20,25,0.00632884798177171,0,0
3712,18,20,26,0.00682358882778265,0,0
3713,18,20,27,0.0951869738593372,0,0
3714,18,20,28,0.0954376686007053,0,0
3715,18,20,29,0.0956915188073784,0,0
3716,18,20,30,0.0959460061281481,0,0
3717,18,20,31,0.0962021487020364,0,0
3718,18,20,32,0.0964667247185294,0,0
3719,18,20,33,0.0967563716323982,0,0
3720,18,20,34,0.104998441770702,0,0
3721,18,20,35,0.104963286099079,0,0
3722,18,20,36,0.104924714069201,0,0
3723,18,20,37,0.104886753639828,0,0
3724,18,20,38,0.104848725395343,0,0
3725,18,20,39,0.104810365664058,0,0
3726,18,20,40,0.10477588758273,0,0
3727,18,21,22,0.000284861878067069,0,0
3728,18,21,23,0.00518531792459383,0,0
3729,18,21,24,0.00563574135058861,0,0
3730,18,21,25,0.00607487728285887,0,0
3731,18,21,26,0.00657282624369842,0,0
3732,18,21,27,0.0952875367583172,0,0
3733,18,21,28,0.0955393513673257,0,0
3734,18,21,29,0.0957943554200254,0,0
3735,18,21,30,0.0960500113468326,0,0
3736,18,21,31,0.0963073475717192,0,0
3737,18,21,32,0.0965731792071675,0,0
3738,18,21,33,0.0968642220042097,0,0
3739,18,21,34,0.105207193932502,0,0
3740,18,21,35,0.105172340494209,0,0
3741,18,21,36,0.105134098233634,0,0
3742,18,21,37,0.105096473720802,0,0
3743,18,21,38,0.10505878081707,0,0
3744,18,21,39,0.105020756589994,0,0
3745,18,21,40,0.104986583063323,0,0
3746,18,22,23,0.00491648629858411,0,0
3747,18,22,24,0.00536937477162282,0,0
3748,18,22,25,0.00581102365305093,0,0
3749,18,22,26,0.00631193725152342,0,0
3750,18,22,27,0.0953294014099057,0,0
3751,18,22,28,0.0955822009087919,0,0
3752,18,22,29,0.0958382225869692,0,0
3753,18,22,30,0.0960949108295721,0,0
3754,18,22,31,0.09635330392896,0,0
3755,18,22,32,0.096620250423575,0,0
3756,18,22,33,0.0969125354940739,0,0
3757,18,22,34,0.105353441817589,0,0
3758,18,22,35,0.105318920077973,0,0
3759,18,22,36,0.105281039873341,0,0
3760,18,22,37,0.10524378331275,0,0
3761,18,22,38,0.105206457815724,0,0
3762,18,22,39,0.10516880137501,0,0
3763,18,22,40,0.10513496148733,0,0
3764,18,23,24,0.000469947455002742,0,0
3765,18,23,25,0.000930114564455153,0,0
3766,18,23,26,0.00145400712067578,0,0
3767,18,23,27,0.0906874066434618,0,0
3768,18,23,28,0.0909429785663291,0,0
3769,18,23,29,0.0912021563343669,0,0
3770,18,23,30,0.0914622166997773,0,0
3771,18,23,31,0.0917243098467091,0,0
3772,18,23,32,0.0919954758256276,0,0
3773,18,23,33,0.0922927535511142,0,0
3774,18,23,34,0.101948926931996,0,0
3775,18,23,35,0.101922072712518,0,0
3776,18,23,36,0.101892572963458,0,0
3777,18,23,37,0.10186376352898,0,0
3778,18,23,38,0.101834879621881,0,0
3779,18,23,39,0.101805689947101,0,0
3780,18,23,40,0.101779512697448,0,0
3781,18,24,25,0.000460340528365596,0,0
3782,18,24,26,0.000984611775572346,0,0
3783,18,24,27,0.0899290340508247,0,0
3784,18,24,28,0.0901839842078529,0,0
3785,18,24,29,0.0904425643717697,0,0
3786,18,24,30,0.0907020447204002,0,0
3787,18,24,31,0.0909635821423337,0,0
3788,18,24,32,0.0912342105666913,0,0
3789,18,24,33,0.0915309340406887,0,0
3790,18,24,34,0.101269765472164,41.3111512658668,1
3791,18,24,35,0.101243737338019,41.3111512659755,1
3792,18,24,36,0.101215141000295,41.3111512660297,1
3793,18,24,37,0.101187238954706,41.3111512658187,1
3794,18,24,38,0.101159262165716,41.3111512659626,1
3795,18,24,39,0.101130983076458,41.311151265905,1
3796,18,24,40,0.10110562909656,41.3111512659765,1
3797,18,25,26,0.000524448731429397,0,0
3798,18,25,27,0.0891529791292392,0,0
3799,18,25,28,0.0894072261497987,0,0
3800,18,25,29,0.0896651255055009,0,0
3801,18,25,30,0.0899239419415435,0,0
3802,18,25,31,0.0901848384869884,0,0
3803,18,25,32,0.090454840479104,0,0
3804,18,25,33,0.0907509115357248,0,0
3805,18,25,34,0.100567117475211,41.3111512664672,1
3806,18,25,35,0.100541908143945,41.3111512661467,1
3807,18,25,36,0.100514207302075,41.3111512663706,1
3808,18,25,37,0.100487204392376,41.3111512663682,1
3809,18,25,38,0.100460126501612,41.3111512661627,1
3810,18,25,39,0.100432749818664,41.3111512663419,1
3811,18,25,40,0.10040821163485,41.3111512663535,1
3812,18,26,27,0.0882344758902485,0,0
3813,18,26,28,0.0884878238288494,0,0
3814,18,26,29,0.0887448481321798,0,0
3815,18,26,30,0.0890028084108255,0,0
3816,18,26,31,0.0892628742410532,0,0
3817,18,26,32,0.0895320584631374,0,0
3818,18,26,33,0.0898272720949118,0,0
3819,18,26,34,0.0997278432781624,41.3111512659027,1
3820,18,26,35,0.09970357649782,41.3111512663506,1
3821,18,26,36,0.0996769065409092,41.3111512661874,1
3822,18,26,37,0.0996509383940394,41.3111512662266,1
3823,18,26,38,0.099624895024252,41.3111512663043,1
3824,18,26,39,0.0995985569741081,41.3111512661779,1
3825,18,26,40,0.0995749576569269,41.3111512661637,1
3826,18,27,28,0.000292442077948528,0,0
3827,18,27,29,0.000595365620685572,0,0
3828,18,27,30,0.000903107336132437,0,0
3829,18,27,31,0.00121881710085538,0,0
3830,18,27,32,0.00155267446242487,0,0
3831,18,27,33,0.00192544730621508,0,0
3832,18,27,34,0.0334588056223811,41.3111512657332,1
3833,18,27,35,0.0335748824983712,41.3111512658177,1
3834,18,27,36,0.0337016120494629,41.3111512657478,1
3835,18,27,37,0.0338302231506291,41.3111512658521,1
3836,18,27,38,0.0339586618189167,41.3111512659147,1
3837,18,27,39,0.0340872761766681,41.3111512657826,1
3838,18,27,40,0.0342039021733649,41.3111512658147,1
3839,18,28,29,0.000302941453352329,0,0
3840,18,28,30,0.000610711811677084,0,0
3841,18,28,31,0.000926466119377708,0,0
3842,18,28,32,0.00126038990941555,0,0
3843,18,28,33,0.001633254648619,0,0
3844,18,28,34,0.0332243406008985,41.3111512659041,1
3845,18,28,35,0.0333408311979942,41.3111512659915,1
3846,18,28,36,0.033468013022279,41.3111512658741,1
3847,18,28,37,0.0335970794730779,41.3111512657236,1
3848,18,28,38,0.0337259732452081,41.3111512659734,1
3849,18,28,39,0.0338550441879408,41.3111512658736,1
3850,18,28,40,0.0339720832702125,41.3111512658864,1
3851,18,29,30,0.000307781180155047,0,0
3852,18,29,31,0.000623562291660785,0,0
3853,18,29,32,0.000957534443946181,0,0
3854,18,29,33,0.0013304715417284,0,0
3855,18,29,34,0.0329794228952971,41.3111512658834,1
3856,18,29,35,0.0330963349326165,41.3111512656631,1
3857,18,29,36,0.033223977478541,41.3111512657769,1
3858,18,29,37,0.033353507722447,41.3111512660326,1
3859,18,29,38,0.0334828650436453,41.3111512657762,1
3860,18,29,39,0.0336124010589105,41.3111512657944,1
3861,18,29,40,0.0337298608894662,41.311151265782,1
3862,18,30,31,0.000315797063027454,0,0
3863,18,30,32,0.000649806419860253,0,0
3864,18,30,33,0.0010228037099555,0,0
3865,18,30,34,0.032729414329777,41.3111512657699,1
3866,18,30,35,0.0328467503637656,41.3111512658647,1
3867,18,30,36,0.032974856432006,41.3111512660035,1
3868,18,30,37,0.033104853251331,41.3111512660313,1
3869,18,30,38,0.0332346769061879,41.3111512658178,1
3870,18,30,39,0.0333646807965312,41.3111512657708,1
3871,18,30,40,0.0334825639011935,41.311151266031,1
3872,18,31,32,0.000334030219477189,0,0
3873,18,31,33,0.000707069938031734,0,0
3874,18,31,34,0.0324711982340254,41.3111512659626,1
3875,18,31,35,0.0325889632260631,41.3111512656755,1
3876,18,31,36,0.0327175382492253,41.3111512657793,1
3877,18,31,37,0.0328480070580977,41.3111512657241,1
3878,18,31,38,0.0329783024634198,41.3111512658008,1
3879,18,31,39,0.0331087796764516,41.3111512661261,1
3880,18,31,40,0.0332270909694286,41.3111512661282,1
3881,18,32,33,0.000373059952411588,0,0
3882,18,32,34,0.0321959283712708,41.3111512659492,1
3883,18,32,35,0.0323141393081211,41.3111512658391,1
3884,18,32,36,0.0324432018681179,41.3111512658258,1
3885,18,32,37,0.0325741612985503,41.3111512660873,1
3886,18,32,38,0.0327049470840022,41.3111512659058,1
3887,18,32,39,0.0328359163281514,41.3111512658948,1
3888,18,32,40,0.0329546727156742,41.3111512657961,1
3889,18,33,34,0.0318865443584366,41.3111512657809,1
3890,18,33,35,0.0320052461858646,41.3111512658807,1
3891,18,33,36,0.0321348454309409,41.3111512656674,1
3892,18,33,37,0.0322663448767103,41.3111512659077,1
3893,18,33,38,0.0323976704183771,41.3111512659343,1
3894,18,33,39,0.0325291812515257,41.3111512657829,1
3895,18,33,40,0.0326484275469692,41.3111512658263,1
3896,18,34,35,0.000140399020434198,0,0
3897,18,34,36,0.000293749619252975,41.3111512664361,1
3898,18,34,37,0.000448960728983529,0,0
3899,18,34,38,0.000604005469616705,0,0
3900,18,34,39,0.000759360528680491,0,0
3901,18,34,40,0.000900127093697146,0,0
3902,18,35,36,0.000153350830554747,0,0
3903,18,35,37,0.000308560731279723,41.3111512661047,1
3904,18,35,38,0.000463604409290297,41.3111512659071,1
3905,18,35,39,0.000618958745079126,0,0
3906,18,35,40,0.000759724280992055,41.3111512663273,1
3907,18,36,37,0.000155208324006442,0,0
3908,18,36,38,0.000310250585459797,0,0
3909,18,36,39,0.000465603874830991,0,0
3910,18,36,40,0.000606368054364427,0,0
3911,18,37,38,0.000155042421847153,0,0
3912,18,37,39,0.000310396249433153,0,0
3913,18,37,40,0.000451160503463051,0,0
3914,18,38,39,0.000155354204681299,0,0
3915,18,38,40,0.000296118387660885,0,0
3916,18,39,40,0.000140763769418757,41.3111512662218,1
3917,19,20,21,1.5881691462497e-07,0,0
3918,19,20,22,4.96221187360098e-07,0,0
3919,19,20,23,2.14983289851169e-05,0,0
3920,19,20,24,2.43551232185944e-05,0,0
3921,19,20,25,2.72405890137852e-05,0,0
3922,19,20,26,3.06168555784976e-05,0,0
3923,19,20,27,0.000323573931664392,41.3111512660908,1
3924,19,20,28,0.00032413713791335,41.3111512661204,1
3925,19,20,29,0.000324720576139359,41.3111512661767,1
3926,19,20,30,0.000325311579138468,41.3111512662128,1
3927,19,20,31,0.000325917222830333,41.3111512662036,1
3928,19,20,32,0.00032655778944557,41.3111512661219,1
3929,19,20,33,0.00032727197810567,41.3111512662655,1
3930,19,20,34,9.05638882338633e-05,41.3111512661143,1
3931,19,20,35,9.07846868958562e-05,41.3111512663895,1
3932,19,20,36,9.1024957886765e-05,41.3111512662608,1
3933,19,20,37,9.12740865484374e-05,41.3111512662522,1
3934,19,20,38,9.15224061748821e-05,41.3111512663628,1
3935,19,20,39,9.17698807819389e-05,41.3111512662123,1
3936,19,20,40,9.19956838989766e-05,41.3111512662778,1
3937,19,21,22,5.16951190799296e-07,0,0
3938,19,21,23,4.02147160487231e-05,0,0
3939,19,21,24,4.57412649254862e-05,0,0
3940,19,21,25,5.13325477890861e-05,0,0
3941,19,21,26,5.7884187152751e-05,0,0
3942,19,21,27,0.000599812950011186,41.311151265933,1
3943,19,21,28,0.000600807748023888,41.3111512659593,1
3944,19,21,29,0.000601841702901409,41.3111512660319,1
3945,19,21,30,0.000602890617458926,41.3111512660688,1
3946,19,21,31,0.000603968235502128,41.311151265885,1
3947,19,21,32,0.000605111696797847,41.3111512659271,1
3948,19,21,33,0.000606389701219762,41.3111512661683,1
3949,19,21,34,0.000122115856156235,41.3111512663884,1
3950,19,21,35,0.000122583885844324,41.3111512662968,1
3951,19,21,36,0.000123093376726363,41.311151266322,1
3952,19,21,37,0.000123620456370488,41.3111512664236,1
3953,19,21,38,0.000124145936494374,41.3111512663535,1
3954,19,21,39,0.000124669898966895,41.3111512664821,1
3955,19,21,40,0.000125147671028253,41.3111512664052,1
3956,19,22,23,5.56729577507594e-05,0,0
3957,19,22,24,6.36416773783875e-05,0,0
3958,19,22,25,7.17193311071587e-05,0,0
3959,19,22,26,8.12000419411971e-05,0,0
3960,19,22,27,0.000820869523068299,41.3111512661334,1
3961,19,22,28,0.000822144511380823,41.3111512661337,1
3962,19,22,29,0.000823475989402564,41.3111512662779,1
3963,19,22,30,0.000824829585293188,41.3111512662563,1
3964,19,22,31,0.000826225209164644,41.3111512661743,1
3965,19,22,32,0.000827712884755513,41.3111512661475,1
3966,19,22,33,0.00082938129768266,41.3111512664346,1
3967,19,22,34,8.67625800682892e-05,41.3111512663176,1
3968,19,22,35,8.75062295501994e-05,41.3111512664891,1
3969,19,22,36,8.83160412498973e-05,41.3111512666488,1
3970,19,22,37,8.91519769488924e-05,41.3111512665305,1
3971,19,22,38,8.9985548389987e-05,41.3111512663925,1
3972,19,22,39,9.08171285007864e-05,41.3111512664279,1
3973,19,22,40,9.15749283207368e-05,41.3111512665286,1
3974,19,23,24,2.47227885355628e-05,0,0
3975,19,23,25,5.09482748986506e-05,0,0
3976,19,23,26,8.28951065019326e-05,0,0
3977,19,23,27,0.000739578992929299,41.3111512658916,1
3978,19,23,28,0.000747529559349064,41.3111512660005,1
3979,19,23,29,0.000755302663876189,41.311151265993,1
3980,19,23,30,0.000762966252871977,41.3111512660614,1
3981,19,23,31,0.000770451613503711,41.3111512660409,1
3982,19,23,32,0.000777867054292128,41.3111512661979,1
3983,19,23,33,0.00078571215483865,41.3111512661238,1
3984,19,23,34,0.00640180047608568,41.3111512663345,1
3985,19,23,35,0.00639435479112332,41.3111512663335,1
3986,19,23,36,0.00638622736385469,41.3111512660596,1
3987,19,23,37,0.00637796191425943,41.3111512663296,1
3988,19,23,38,0.00636970812521373,41.3111512659151,1
3989,19,23,39,0.00636144580276174,41.3111512660059,1
3990,19,23,40,0.00635394853635449,41.3111512665357,1
3991,19,24,25,2.63921996706039e-05,0,0
3992,19,24,26,5.87016082903835e-05,0,0
3993,19,24,27,0.00120996322127379,41.3111512663451,1
3994,19,24,28,0.00121961797415944,41.3111512662725,1
3995,19,24,29,0.00122909494972233,41.3111512662042,1
3996,19,24,30,0.00123845655622667,41.3111512660814,1
3997,19,24,31,0.00124763308718308,41.3111512660001,1
3998,19,24,32,0.00125677056792546,41.3111512663168,1
3999,19,24,33,0.00126647946789786,41.3111512662088,1
4000,19,24,34,0.00735664764378544,41.311151265923,1
4001,19,24,35,0.0073484664583455,41.3111512660425,1
4002,19,24,36,0.00733953533054432,41.3111512659527,1
4003,19,24,37,0.00733045802559359,41.3111512662317,1
4004,19,24,38,0.00732139300031887,41.3111512660476,1
4005,19,24,39,0.00731231733591969,41.3111512659153,1
4006,19,24,40,0.00730408346971737,41.3111512659246,1
4007,19,25,26,3.24785965184058e-05,0,0
4008,19,25,27,0.001703951085475,41.3111512662885,1
4009,19,25,28,0.00171535999540626,41.3111512662447,1
4010,19,25,29,0.00172659199009184,41.3111512663609,1
4011,19,25,30,0.00173770314489997,41.3111512662431,1
4012,19,25,31,0.00174862316263968,41.3111512663011,1
4013,19,25,32,0.00175953734759991,41.3111512662026,1
4014,19,25,33,0.00177117043034397,41.3111512660868,1
4015,19,25,34,0.00832636293336289,41.311151266356,1
4016,19,25,35,0.00831745175086168,41.3111512663354,1
4017,19,25,36,0.00830772287781237,41.3111512663798,1
4018,19,25,37,0.00829784010785165,41.3111512659955,1
4019,19,25,38,0.00828797019569452,41.3111512663416,1
4020,19,25,39,0.00827808746824857,41.3111512660872,1
4021,19,25,40,0.00826912278667818,41.3111512664237,1
4022,19,26,27,0.00230093598326715,41.311151266162,1
4023,19,26,28,0.00231443044537308,41.3111512662687,1
4024,19,26,29,0.00232775018723692,41.3111512662177,1
4025,19,26,30,0.00234094313140705,41.3111512659439,1
4026,19,26,31,0.00235393870440932,41.3111512661054,1
4027,19,26,32,0.00236696935984577,41.3111512658353,1
4028,19,26,33,0.0023808957936481,41.3111512660825,1
4029,19,26,34,0.00946633126322996,41.311151266203,1
4030,19,26,35,0.00945657886188198,41.3111512660333,1
4031,19,26,36,0.00944593063998131,41.3111512660974,1
4032,19,26,37,0.00943512000768662,41.3111512661823,1
4033,19,26,38,0.0094243228622217,41.3111512659277,1
4034,19,26,39,0.00941351030560347,41.3111512659498,1
4035,19,26,40,0.00940370374112429,41.3111512662015,1
4036,19,27,28,0.000100289679559604,0,0
4037,19,27,29,0.000197212344521569,0,0
4038,19,27,30,0.000292226437036648,0,0
4039,19,27,31,0.00038405432836764,0,0
4040,19,27,32,0.000473628439920742,0,0
4041,19,27,33,0.000567136688842865,0,0
4042,19,27,34,0.0932387164560436,41.3111512660723,1
4043,19,27,35,0.0931190547087956,41.311151266336,1
4044,19,27,36,0.0929884620950597,41.3111512661996,1
4045,19,27,37,0.0928554873718059,41.3111512661502,1
4046,19,27,38,0.0927227159850674,41.3111512663087,1
4047,19,27,39,0.0925898452311087,41.3111512662337,1
4048,19,27,40,0.0924692349635929,41.3111512662242,1
4049,19,28,29,9.69105336319815e-05,0,0
4050,19,28,30,0.000191906828141072,0,0
4051,19,28,31,0.000283706837839275,0,0
4052,19,28,32,0.0003732383207382,0,0
4053,19,28,33,0.000466687970002308,0,0
4054,19,28,34,0.0933729361819622,41.3111512660792,1
4055,19,28,35,0.093252997718755,41.3111512663835,1
4056,19,28,36,0.0931221033276902,41.3111512663063,1
4057,19,28,37,0.092988819935477,41.311151265964,1
4058,19,28,38,0.0928557404844579,41.3111512665151,1
4059,19,28,39,0.0927225617551706,41.3111512663062,1
4060,19,28,40,0.0926016715696214,41.3111512663098,1
4061,19,29,30,9.49905872134528e-05,0,0
4062,19,29,31,0.000186774759113483,0,0
4063,19,29,32,0.000276275879669433,0,0
4064,19,29,33,0.000369680207664075,0,0
4065,19,29,34,0.0935139281886164,41.3111512663318,1
4066,19,29,35,0.0933937078249736,41.3111512662507,1
4067,19,29,36,0.0932625059912568,41.3111512662926,1
4068,19,29,37,0.0931289082079866,41.3111512662543,1
4069,19,29,38,0.0929955149748844,41.3111512661393,1
4070,19,29,39,0.0928620225374598,41.3111512664937,1
4071,19,29,40,0.0927408472421679,41.3111512662523,1
4072,19,30,31,9.1774053264768e-05,0,0
4073,19,30,32,0.000181250683939754,0,0
4074,19,30,33,0.000274616089355525,0,0
4075,19,30,34,0.0936576341885585,41.3111512660971,1
4076,19,30,35,0.0935371304292926,41.3111512662121,1
4077,19,30,36,0.0934056195170415,41.3111512661486,1
4078,19,30,37,0.0932717057033871,41.3111512661295,1
4079,19,30,38,0.0931379970488564,41.3111512663582,1
4080,19,30,39,0.0930041892566417,41.3111512664285,1
4081,19,30,40,0.0928827273637626,41.3111512659431,1
4082,19,31,32,8.94625013355272e-05,0,0
4083,19,31,33,0.000182800247670402,0,0
4084,19,31,34,0.0938064507181305,41.3111512662199,1
4085,19,31,35,0.0936856603231105,41.3111512663622,1
4086,19,31,36,0.0935538367893493,41.3111512661443,1
4087,19,31,37,0.0934196033817725,41.3111512660162,1
4088,19,31,38,0.0932855757435092,41.3111512663608,1
4089,19,31,39,0.0931514490213833,41.3111512661558,1
4090,19,31,40,0.093029697297147,41.3111512662984,1
4091,19,32,33,9.33251539971855e-05,0,0
4092,19,32,34,0.0939659611858589,41.3111512661502,1
4093,19,32,35,0.0938448727780666,41.3111512660862,1
4094,19,32,36,0.0937127242016527,41.3111512660125,1
4095,19,32,37,0.093578158583609,41.3111512660644,1
4096,19,32,38,0.0934437993613792,41.3111512660228,1
4097,19,32,39,0.0933093410924978,41.3111512662638,1
4098,19,32,40,0.093187288092371,41.311151266024,1
4099,19,33,34,0.0941455849369773,41.3111512658771,1
4100,19,33,35,0.0940241686054904,41.3111512662445,1
4101,19,33,36,0.0938916623516738,41.3111512660072,1
4102,19,33,37,0.0937567312387222,41.3111512659709,1
4103,19,33,38,0.0936220072041862,41.3111512661157,1
4104,19,33,39,0.093487184147875,41.3111512661915,1
4105,19,33,40,0.0933647996842743,41.3111512663075,1
4106,19,34,35,9.71154158824196e-05,41.3111512662266,1
4107,19,34,36,0.000202901235813516,41.3111512662335,1
4108,19,34,37,0.00031190613753357,41.3111512659566,1
4109,19,34,38,0.000420621002453179,41.3111512660476,1
4110,19,34,39,0.000529120184216288,41.3111512658582,1
4111,19,34,40,0.00062794312532512,41.3111512657807,1
4112,19,35,36,0.000105786077763337,41.3111512661045,1
4113,19,35,37,0.000214789587127847,41.3111512659107,1
4114,19,35,38,0.000323503220131633,41.3111512661967,1
4115,19,35,39,0.000432001550283554,41.3111512658575,1
4116,19,35,40,0.000530823287927624,41.3111512658654,1
4117,19,36,37,0.000109001703302555,41.3111512660119,1
4118,19,36,38,0.000217713705778216,41.3111512661866,1
4119,19,36,39,0.000326210820232515,41.3111512661691,1
4120,19,36,40,0.000425030984601661,41.3111512657317,1
4121,19,37,38,0.000108712178399195,41.3111512657452,1
4122,19,37,39,0.000217209892548692,41.3111512658728,1
4123,19,37,40,0.000316030122953809,41.3111512659105,1
4124,19,38,39,0.000108498137141636,41.3111512661273,1
4125,19,38,40,0.000207318273916222,41.3111512661082,1
4126,19,39,40,9.88196588255752e-05,41.311151265824,1
4127,20,21,22,1.79546898065788e-07,0,0
4128,20,21,23,1.8875112232121e-05,0,0
4129,20,21,24,2.15448447980458e-05,0,0
4130,20,21,25,2.42506375544606e-05,0,0
4131,20,21,26,2.7425979337142e-05,0,0
4132,20,21,27,0.000276338256617048,41.3111512652585,1
4133,20,21,28,0.00027676945370439,41.3111512652705,1
4134,20,21,29,0.000277219567010614,41.3111512650116,1
4135,20,21,30,0.000277677070989607,41.3111512650986,1
4136,20,21,31,0.000278148631436256,41.3111512651162,1
4137,20,21,32,0.00027865109436398,41.3111512649869,1
4138,20,21,33,0.0002792144328322,41.3111512650372,1
4139,20,21,34,3.14506651551416e-05,44.966166172659,1
4140,20,21,35,3.16978638159604e-05,44.9661661726316,1
4141,20,21,36,3.19670480890821e-05,44.9661661721753,1
4142,20,21,37,3.22449648950396e-05,44.9661661726419,1
4143,20,21,38,3.25220910964985e-05,44.9661661722622,1
4144,20,21,39,3.27985441911371e-05,44.9661661726622,1
4145,20,21,40,3.30504821316191e-05,44.9661661725848,1
4146,20,22,23,3.46705660005213e-05,0,0
4147,20,22,24,3.97824227739794e-05,0,0
4148,20,22,25,4.49745351084e-05,0,0
4149,20,22,26,5.10788828929406e-05,0,0
4150,20,22,27,0.000497605700707851,41.3111512663191,1
4151,20,22,28,0.000498316249681566,41.3111512663382,1
4152,20,22,29,0.00049906302930422,41.3111512660443,1
4153,20,22,30,0.000499824348794073,41.3111512663076,1
4154,20,22,31,0.000500613035810504,41.3111512663813,1
4155,20,22,32,0.00050145879586154,41.3111512663262,1
4156,20,22,33,0.000502411528921429,41.3111512662776,1
4157,20,22,34,4.11781581552417e-06,41.3111512661457,1
4158,20,22,35,3.59506609265425e-06,41.3111512660947,1
4159,20,22,36,3.02563664150712e-06,41.3111512662403,1
4160,20,22,37,2.43893635679115e-06,41.3111512662383,1
4161,20,22,38,1.85379166828259e-06,41.3111512660408,1
4162,20,22,39,1.26979477427236e-06,41.3111512661491,1
4163,20,22,40,7.378949139214e-07,41.3111512661086,1
4164,20,23,24,2.18646561157573e-05,0,0
4165,20,23,25,4.52030525682182e-05,0,0
4166,20,23,26,7.37713694914952e-05,0,0
4167,20,23,27,0.00104953256409843,41.311151266464,1
4168,20,23,28,0.00105809943697224,41.3111512660377,1
4169,20,23,29,0.00106651024171205,41.3111512662488,1
4170,20,23,30,0.00107481966447825,41.3111512662409,1
4171,20,23,31,0.00108296634734584,41.3111512662066,1
4172,20,23,32,0.00109108042912227,41.3111512662956,1
4173,20,23,33,0.00109970391483434,41.3111512662094,1
4174,20,23,34,0.00650602494535862,41.3111512663129,1
4175,20,23,35,0.00649880431265032,41.311151266326,1
4176,20,23,36,0.00649092183901723,41.3111512660172,1
4177,20,23,37,0.00648291000048351,41.3111512664411,1
4178,20,23,38,0.00647490903011097,41.3111512662888,1
4179,20,23,39,0.00646689874607123,41.3111512661959,1
4180,20,23,40,0.00645963134918501,41.3111512663344,1
4181,20,24,25,2.35050735491282e-05,0,0
4182,20,24,26,5.24358789085737e-05,0,0
4183,20,24,27,0.00151808671673985,41.3111512660971,1
4184,20,24,28,0.00152836479721523,41.3111512662533,1
4185,20,24,29,0.00153848664724987,41.3111512659842,1
4186,20,24,30,0.00154850133689549,41.3111512662659,1
4187,20,24,31,0.00155834655120309,41.3111512659508,1
4188,20,24,32,0.00156819035024344,41.3111512662185,1
4189,20,24,33,0.00157868612164511,41.3111512661715,1
4190,20,24,34,0.00746268175499884,41.3111512661181,1
4191,20,24,35,0.00745472617330548,41.3111512661575,1
4192,20,24,36,0.00744604060643467,41.3111512662516,1
4193,20,24,37,0.00743721749267962,41.3111512663232,1
4194,20,24,38,0.00742840586847457,41.3111512663524,1
4195,20,24,39,0.00741958283354219,41.3111512662759,1
4196,20,24,40,0.00741157936316753,41.3111512661571,1
4197,20,25,26,2.90999465840657e-05,0,0
4198,20,25,27,0.00201022203669109,41.3111512665061,1
4199,20,25,28,0.00202226135867498,41.3111512662709,1
4200,20,25,29,0.00203414546669889,41.3111512662277,1
4201,20,25,30,0.00204591701928462,41.3111512660976,1
4202,20,25,31,0.00205751314769229,41.3111512661492,1
4203,20,25,32,0.00206914139719264,41.3111512660749,1
4204,20,25,33,0.00208156991374751,41.3111512662136,1
4205,20,25,34,0.00843422370064567,41.3111512663406,1
4206,20,25,35,0.00842553867611973,41.3111512661559,1
4207,20,25,36,0.00841605597434514,41.3111512660486,1
4208,20,25,37,0.00840642797837879,41.3111512661105,1
4209,20,25,38,0.00839681205238546,41.3111512659452,1
4210,20,25,39,0.00838718254825596,41.3111512661277,1
4211,20,25,40,0.00837844879123992,41.3111512661363,1
4212,20,26,27,0.00260503404935919,41.3111512660975,1
4213,20,26,28,0.00261916720389592,41.3111512661001,1
4214,20,26,29,0.00263314751981591,41.3111512661137,1
4215,20,26,30,0.00264700941101678,41.3111512659793,1
4216,20,26,31,0.00266068977555003,41.3111512662214,1
4217,20,26,32,0.00267444354899751,41.3111512660811,1
4218,20,26,33,0.0026891754238506,41.3111512660875,1
4219,20,26,34,0.00957632792512048,41.3111512662626,1
4220,20,26,35,0.00956680232667603,41.3111512662958,1
4221,20,26,36,0.00955640098632385,41.3111512663561,1
4222,20,26,37,0.00954584580592302,41.3111512663054,1
4223,20,26,38,0.00953530332722038,41.3111512661617,1
4224,20,26,39,0.00952474468477568,41.3111512661584,1
4225,20,26,40,0.00951516965985824,41.3111512660794,1
4226,20,27,28,0.000101445718910218,0,0
4227,20,27,29,0.000199554727394607,0,0
4228,20,27,30,0.000295768516973018,0,0
4229,20,27,31,0.000388818140971117,0,0
4230,20,27,32,0.000479672170668501,0,0
4231,20,27,33,0.000574599126258454,0,0
4232,20,27,34,0.0935017006500779,41.3111512663105,1
4233,20,27,35,0.0933822428121142,41.3111512662533,1
4234,20,27,36,0.0932518729021633,41.3111512662121,1
4235,20,27,37,0.0931191234806038,41.3111512662766,1
4236,20,27,38,0.092986577133544,41.3111512663469,1
4237,20,27,39,0.0928539318585872,41.3111512663082,1
4238,20,27,40,0.09273352585356,41.3111512663283,1
4239,20,28,29,9.80968576180269e-05,0,0
4240,20,28,30,0.000194292825870152,0,0
4241,20,28,31,0.000287314530962783,0,0
4242,20,28,32,0.000378125871239918,0,0
4243,20,28,33,0.000472994144947265,0,0
4244,20,28,34,0.0936360545614751,41.3111512663415,1
4245,20,28,35,0.0935163195736207,41.3111512663888,1
4246,20,28,36,0.0933856474155533,41.3111512663523,1
4247,20,28,37,0.0932525888271229,41.3111512663832,1
4248,20,28,38,0.0931197339203054,41.3111512662143,1
4249,20,28,39,0.0929867801783263,41.3111512663354,1
4250,20,28,40,0.0928660938040694,41.311151266267,1
4251,20,29,30,9.61902572990443e-05,0,0
4252,20,29,31,0.000189196106990319,0,0
4253,20,29,32,0.000279977044195354,0,0
4254,20,29,33,0.000374799936228527,0,0
4255,20,29,34,0.0937771887153945,41.3111512663976,1
4256,20,29,35,0.0936571713852438,41.3111512664932,1
4257,20,29,36,0.0935261913051594,41.3111512660382,1
4258,20,29,37,0.0933928178185156,41.3111512663624,1
4259,20,29,38,0.0932596486249525,41.3111512661747,1
4260,20,29,39,0.093126380674064,41.3111512662889,1
4261,20,29,40,0.0930054087304924,41.3111512661893,1
4262,20,30,31,9.29957170212355e-05,0,0
4263,20,30,32,0.000183752127103662,0,0
4264,20,30,33,0.000278536039847144,0,0
4265,20,30,34,0.0939210392733868,41.3111512663968,1
4266,20,30,35,0.0938007381014073,41.3111512663155,1
4267,20,30,36,0.0936694484587144,41.3111512663849,1
4268,20,30,37,0.0935357584295161,41.3111512663988,1
4269,20,30,38,0.0934022733048754,41.3111512663468,1
4270,20,30,39,0.093268689493483,41.3111512662298,1
4271,20,30,40,0.093147430488209,41.3111512663849,1
4272,20,31,32,9.07422577905337e-05,0,0
4273,20,31,33,0.000185498470297541,0,0
4274,20,31,34,0.0940700060927464,41.3111512663492,1
4275,20,31,35,0.0939494178329968,41.3111512662496,1
4276,20,31,36,0.0938178150784336,41.3111512662473,1
4277,20,31,37,0.0936838049363711,41.311151266419,1
4278,20,31,38,0.0935500003116201,41.3111512665247,1
4279,20,31,39,0.0934160970579517,41.3111512662683,1
4280,20,31,40,0.0932945477510702,41.3111512663399,1
4281,20,32,33,9.47436037066313e-05,0,0
4282,20,32,34,0.0942296789484984,41.3111512658931,1
4283,20,32,35,0.0941087922062641,41.3111512660793,1
4284,20,32,36,0.0939768638995183,41.3111512663347,1
4285,20,32,37,0.0938425210075648,41.3111512661935,1
4286,20,32,38,0.0937083842621047,41.311151266171,1
4287,20,32,39,0.0935741489291507,41.3111512661544,1
4288,20,32,40,0.0934522978575698,41.3111512663993,1
4289,20,33,34,0.0944094860788426,41.311151266163,1
4290,20,33,35,0.0942882708948903,41.311151266053,1
4291,20,33,36,0.0941559843488253,41.3111512663583,1
4292,20,33,37,0.0940212753669451,41.3111512660342,1
4293,20,33,38,0.0938867732171289,41.3111512662951,1
4294,20,33,39,0.0937521725093697,41.3111512661442,1
4295,20,33,40,0.0936299894351293,41.3111512660182,1
4296,20,34,35,9.72377982397587e-05,41.3111512661888,1
4297,20,34,36,0.000203156566310367,41.3111512660711,1
4298,20,34,37,0.000312300888108556,41.3111512661437,1
4299,20,34,38,0.00042115458889878,41.3111512660292,1
4300,20,34,39,0.000529791796783852,41.3111512659007,1
4301,20,34,40,0.000628741088755813,41.3111512660136,1
4302,20,35,36,0.000105919025348998,41.3111512662698,1
4303,20,35,37,0.000215061958046956,41.3111512661482,1
4304,20,35,38,0.000323914429845626,41.3111512664536,1
4305,20,35,39,0.000432550788211482,41.3111512659588,1
4306,20,35,40,0.000531498879631365,41.3111512660609,1
4307,20,36,37,0.000109141130803319,41.3111512660665,1
4308,20,36,38,0.00021799197587891,41.3111512663722,1
4309,20,36,39,0.000326627121444377,41.3111512664461,1
4310,20,36,40,0.000425573643325291,41.311151265451,1
4311,20,37,38,0.000108851020637535,41.3111512657935,1
4312,20,37,39,0.00021748676460998,41.311151266404,1
4313,20,37,40,0.000316433352484169,41.31115126595,1
4314,20,38,39,0.000108636166039742,41.3111512661123,1
4315,20,38,40,0.000207582660568576,41.3111512659934,1
4316,20,39,40,9.89460177050146e-05,41.3111512656631,1
4317,21,22,23,1.5974899321594e-05,0,0
4318,21,22,24,1.84169989062158e-05,0,0
4319,21,22,25,2.0903291339535e-05,0,0
4320,21,22,26,2.38322626764636e-05,0,0
4321,21,22,27,0.000221379670484412,41.3111512665056,1
4322,21,22,28,0.000221658576232575,41.3111512664885,1
4323,21,22,29,0.000221954786612702,41.3111512664028,1
4324,21,22,30,0.000222258141401435,41.3111512659413,1
4325,21,22,31,0.000222574800099865,41.3111512660413,1
4326,21,22,32,0.000222917609178114,41.3111512660199,1
4327,21,22,33,0.000223306464247133,41.3111512663927,1
4328,21,22,34,3.56830025802779e-05,41.3111512662406,1
4329,21,22,35,3.54074880769273e-05,41.3111512662768,1
4330,21,22,36,3.5107283132163e-05,41.3111512659714,1
4331,21,22,37,3.47985382559146e-05,41.3111512659937,1
4332,21,22,38,3.44905585064892e-05,41.311151266216,1
4333,21,22,39,3.41830539817012e-05,41.3111512661369,1
4334,21,22,40,3.39031270807921e-05,41.3111512663095,1
4335,21,23,24,1.91938419578587e-05,0,0
4336,21,23,25,3.98251193110906e-05,0,0
4337,21,23,26,6.52162425683798e-05,0,0
4338,21,23,27,0.00131391688966154,41.311151266315,1
4339,21,23,28,0.00132296161712378,41.3111512661562,1
4340,21,23,29,0.00133187021202637,41.3111512663486,1
4341,21,23,30,0.00134068531457725,41.3111512664445,1
4342,21,23,31,0.00134935247733049,41.3111512664257,1
4343,21,23,32,0.00135802004482527,41.3111512658432,1
4344,21,23,33,0.00136726326908283,41.3111512659294,1
4345,21,23,34,0.00654949709845878,41.3111512662975,1
4346,21,23,35,0.0065425273681671,41.3111512663997,1
4347,21,23,36,0.00653491815643828,41.3111512663125,1
4348,21,23,37,0.00652718813597875,41.3111512662557,1
4349,21,23,38,0.00651946820773766,41.3111512658784,1
4350,21,23,39,0.00651173834953966,41.3111512664202,1
4351,21,23,40,0.00650472642980277,41.3111512662228,1
4352,21,24,25,2.0797921898205e-05,0,0
4353,21,24,26,4.6551453612854e-05,0,0
4354,21,24,27,0.00178076442017169,41.3111512662108,1
4355,21,24,28,0.00179152692985447,41.3111512662492,1
4356,21,24,29,0.00180215328776652,41.3111512661002,1
4357,21,24,30,0.00181268044506024,41.3111512662549,1
4358,21,24,31,0.00182305303149245,41.31115126635,1
4359,21,24,32,0.00183345750422143,41.3111512662162,1
4360,21,24,33,0.00184458095922445,41.3111512660856,1
4361,21,24,34,0.00750785244851962,41.3111512658682,1
4362,21,24,35,0.00750014827894424,41.311151265865,1
4363,21,24,36,0.00749173653530086,41.3111512658823,1
4364,21,24,37,0.00748319577549755,41.3111512658923,1
4365,21,24,38,0.00747466573142072,41.3111512662541,1
4366,21,24,39,0.00746612366840169,41.3111512660296,1
4367,21,24,40,0.00745837616133221,41.3111512658841,1
4368,21,25,26,2.59226305967027e-05,0,0
4369,21,25,27,0.00227116669721887,41.3111512660348,1
4370,21,25,28,0.00228369710657524,41.3111512663695,1
4371,21,25,29,0.0022960925254395,41.311151265976,1
4372,21,25,30,0.00230838341964247,41.3111512664245,1
4373,21,25,31,0.00232051389975776,41.3111512662456,1
4374,21,25,32,0.00233271010187877,41.3111512660604,1
4375,21,25,33,0.00234577434753636,41.3111512663364,1
4376,21,25,34,0.00848111549337052,41.3111512661793,1
4377,21,25,35,0.00847268239453439,41.3111512661533,1
4378,21,25,36,0.00846347408161,41.3111512664922,1
4379,21,25,37,0.00845412897932257,41.3111512660429,1
4380,21,25,38,0.00844479517534191,41.3111512662005,1
4381,21,25,39,0.00843544719320244,41.311151265818,1
4382,21,25,40,0.00842696988914216,41.3111512658558,1
4383,21,26,27,0.00286394059946542,41.3111512662255,1
4384,21,26,28,0.00287857264821491,41.3111512659819,1
4385,21,26,29,0.00289307225144475,41.3111512659847,1
4386,21,26,30,0.00290746154394499,41.3111512658013,1
4387,21,26,31,0.0029216844435896,41.3111512663988,1
4388,21,26,32,0.00293601470387433,41.3111512663601,1
4389,21,26,33,0.00295139174068978,41.3111512661146,1
4390,21,26,34,0.00962523899537496,41.3111512663653,1
4391,21,26,35,0.00961596592144628,41.3111512662484,1
4392,21,26,36,0.00960583962950992,41.3111512662578,1
4393,21,26,37,0.00959556797182748,41.3111512664046,1
4394,21,26,38,0.0095853082467211,41.311151266275,1
4395,21,26,39,0.00957503176747429,41.3111512660953,1
4396,21,26,40,0.00956571376619206,41.3111512663621,1
4397,21,27,28,0.000102401885556497,0,0
4398,21,27,29,0.000201493964372922,0,0
4399,21,27,30,0.000298702809712605,0,0
4400,21,27,31,0.000392767278725754,0,0
4401,21,27,32,0.000484686518312203,0,0
4402,21,27,33,0.00058079596267188,0,0
4403,21,27,34,0.0936976176893009,41.3111512658592,1
4404,21,27,35,0.0935783706307563,41.3111512662491,1
4405,21,27,36,0.0934482308977532,41.3111512663167,1
4406,21,27,37,0.093315714601588,41.311151266304,1
4407,21,27,38,0.0931834010938745,41.3111512660393,1
4408,21,27,39,0.0930509890637947,41.3111512661377,1
4409,21,27,40,0.0929307944306272,41.311151265997,1
4410,21,28,29,9.90799044778643e-05,0,0
4411,21,28,30,0.000196270898148379,0,0
4412,21,28,31,0.000290307400155024,0,0
4413,21,28,32,0.000382183873882692,0,0
4414,21,28,33,0.000478234532285355,0,0
4415,21,28,34,0.0938321684854158,41.311151266019,1
4416,21,28,35,0.0937126437505399,41.311151265979,1
4417,21,28,36,0.0935822011971747,41.3111512661521,1
4418,21,28,37,0.0934493751362778,41.3111512660526,1
4419,21,28,38,0.0933167524732351,41.3111512660699,1
4420,21,28,39,0.0931840313835235,41.3111512659806,1
4421,21,28,40,0.0930635558392117,41.3111512660998,1
4422,21,29,30,9.71852759476512e-05,0,0
4423,21,29,31,0.000191205898011135,0,0
4424,21,29,32,0.000283051916226435,0,0
4425,21,29,33,0.000379057114980177,0,0
4426,21,29,34,0.09397350987322,41.3111512662623,1
4427,21,29,35,0.0938537022599692,41.3111512660884,1
4428,21,29,36,0.0937229512018903,41.3111512662054,1
4429,21,29,37,0.0935898096338202,41.3111512660695,1
4430,21,29,38,0.0934568720774186,41.3111512662109,1
4431,21,29,39,0.0933238361752393,41.311151266033,1
4432,21,29,40,0.0932030745096392,41.3111512660479,1
4433,21,30,31,9.40104715410229e-05,0,0
4434,21,30,32,0.00018583191688953,0,0
4435,21,30,33,0.000281798065571232,0,0
4436,21,30,34,0.0941175715408145,41.3111512662038,1
4437,21,30,35,0.093997479544572,41.311151266112,1
4438,21,30,36,0.0938664183356689,41.3111512661502,1
4439,21,30,37,0.0937329596102654,41.3111512661643,1
4440,21,30,38,0.0935997055103805,41.3111512659669,1
4441,21,30,39,0.0934663531383869,41.3111512660986,1
4442,21,30,40,0.0933453038538368,41.3111512661068,1
4443,21,31,32,9.1807265513753e-05,0,0
4444,21,31,33,0.000187745662984121,0,0
4445,21,31,34,0.0942667571832083,41.311151266032,1
4446,21,31,35,0.0941463775510519,41.3111512661067,1
4447,21,31,36,0.0940150026344943,41.3111512661596,1
4448,21,31,37,0.0938812231734037,41.3111512662773,1
4449,21,31,38,0.0937476489530012,41.3111512662053,1
4450,21,31,39,0.0936139765214881,41.3111512660846,1
4451,21,31,40,0.0934926363707928,41.3111512663851,1
4452,21,32,33,9.5925767258052e-05,0,0
4453,21,32,34,0.0944266650389576,41.3111512658936,1
4454,21,32,35,0.09430598635469,41.3111512662978,1
4455,21,32,36,0.0941742852668449,41.3111512661167,1
4456,21,32,37,0.094040172408458,41.3111512660617,1
4457,21,32,38,0.0939062654224685,41.311151266312,1
4458,21,32,39,0.0937722602701238,41.3111512659535,1
4459,21,32,40,0.0936506177679112,41.3111512662623,1
4460,21,33,34,0.0946067369807953,41.3111512661814,1
4461,21,33,35,0.0944857292267045,41.3111512660161,1
4462,21,33,36,0.0943536692168991,41.311151266078,1
4463,21,33,37,0.0942191895545873,41.3111512660904,1
4464,21,33,38,0.0940849164530436,41.3111512659187,1
4465,21,33,39,0.0939505452184027,41.3111512660483,1
4466,21,33,40,0.093828570066353,41.311151266055,1
4467,21,34,35,9.73890667514005e-05,41.3111512658712,1
4468,21,34,36,0.000203472482917576,41.3111512663452,1
4469,21,34,37,0.000312787308393545,41.3111512659504,1
4470,21,34,38,0.000421810984898046,41.3111512659464,1
4471,21,34,39,0.000530617645126934,41.3111512655136,1
4472,21,34,40,0.000629721498216495,41.3111512658497,1
4473,21,35,36,0.000106083672862204,41.3111512660942,1
4474,21,35,37,0.000215397112678861,41.3111512661779,1
4475,21,35,38,0.000324419563285573,41.3111512663397,1
4476,21,35,39,0.000433225376212822,41.3111512661888,1
4477,21,35,40,0.000532328031835263,41.3111512661883,1
4478,21,36,37,0.000109311642323697,41.3111512663504,1
4479,21,36,38,0.000218332470229115,41.3111512661706,1
4480,21,36,39,0.000327137073422061,41.3111512663928,1
4481,21,36,40,0.000426238163458391,41.3111512657039,1
4482,21,37,38,0.000109021003088071,41.3111512656435,1
4483,21,37,39,0.00021782620333301,41.3111512662376,1
4484,21,37,40,0.000316927359324036,41.3111512659071,1
4485,21,38,39,0.000108805621338396,41.3111512663192,1
4486,21,38,40,0.000207906684289437,41.3111512659695,1
4487,21,39,40,9.91005873171723e-05,41.3111512654606,1
4488,22,23,24,1.67509300270527e-05,0,0
4489,22,23,25,3.48949031745067e-05,0,0
4490,22,23,26,5.73556240893755e-05,0,0
4491,22,23,27,0.00152518643820362,41.3111512664206,1
4492,22,23,28,0.00153454960842497,41.3111512660617,1
4493,22,23,29,0.00154379481271641,41.3111512663253,1
4494,22,23,30,0.00155295409084702,41.3111512660446,1
4495,22,23,31,0.00156197936166737,41.3111512660549,1
4496,22,23,32,0.00157103296777707,41.3111512662761,1
4497,22,23,33,0.00158071283078301,41.3111512662084,1
4498,22,23,34,0.00652402361491103,41.3111512662434,1
4499,22,23,35,0.00651733249636427,41.3111512662901,1
4500,22,23,36,0.0065100268998165,41.311151266018,1
4501,22,23,37,0.00650260888455653,41.3111512665042,1
4502,22,23,38,0.00649520020885139,41.3111512661178,1
4503,22,23,39,0.0064877811759983,41.3111512662485,1
4504,22,23,40,0.00648105214091341,41.3111512662502,1
4505,22,24,25,1.83105894531924e-05,0,0
4506,22,24,26,4.11336490084404e-05,0,0
4507,22,24,27,0.00199047716631863,41.311151266235,1
4508,22,24,28,0.00200156414864201,41.3111512662334,1
4509,22,24,29,0.00201253327671896,41.3111512661934,1
4510,22,24,30,0.00202341083448347,41.3111512662597,1
4511,22,24,31,0.00203414784928863,41.3111512661941,1
4512,22,24,32,0.00204494495174475,41.3111512661037,1
4513,22,24,33,0.00205651233046336,41.3111512661614,1
4514,22,24,34,0.0074839415193666,41.3111512660762,1
4515,22,24,35,0.00747651642100433,41.3111512662779,1
4516,22,24,36,0.00746840879860255,41.3111512661553,1
4517,22,24,37,0.00746018052670774,41.3111512662345,1
4518,22,24,38,0.00745196221981995,41.3111512661986,1
4519,22,24,39,0.00744373147416605,41.3111512662294,1
4520,22,24,40,0.0074362672896684,41.3111512662023,1
4521,22,25,26,2.29921212260755e-05,0,0
4522,22,25,27,0.00247929190875744,41.311151266189,1
4523,22,25,28,0.00249215292652905,41.3111512660724,1
4524,22,25,29,0.00250489738439598,41.3111512662859,1
4525,22,25,30,0.00251754501310009,41.3111512661862,1
4526,22,25,31,0.00253004635260634,41.3111512663107,1
4527,22,25,32,0.00254264189087705,41.3111512661401,1
4528,22,25,33,0.00255615747255156,41.3111512662208,1
4529,22,25,34,0.00845879580761036,41.3111512661608,1
4530,22,25,35,0.00845064224458436,41.3111512661059,1
4531,22,25,36,0.00844173856464853,41.311151266069,1
4532,22,25,37,0.00843270643814353,41.3111512658728,1
4533,22,25,38,0.00842368486121411,41.3111512661234,1
4534,22,25,39,0.0084146486938079,41.3111512663496,1
4535,22,25,40,0.008406455154927,41.3111512663202,1
4536,22,26,27,0.00307019230605704,41.3111512661432,1
4537,22,26,28,0.00308516218728334,41.3111512663526,1
4538,22,26,29,0.00310001821007316,41.3111512662589,1
4539,22,26,30,0.00311477169432495,41.3111512662748,1
4540,22,26,31,0.00312937302466781,41.311151266039,1
4541,22,26,32,0.00314411051645795,41.3111512662562,1
4542,22,26,33,0.0031599476155158,41.3111512660658,1
4543,22,26,34,0.00960479440444828,41.3111512663051,1
4544,22,26,35,0.00959580140952368,41.311151266136,1
4545,22,26,36,0.00958598034894517,41.3111512662811,1
4546,22,26,37,0.0095760222371632,41.3111512661989,1
4547,22,26,38,0.00956607531157974,41.3111512664255,1
4548,22,26,39,0.00955611122838726,41.3111512661584,1
4549,22,26,40,0.00954707750950778,41.3111512663382,1
4550,22,27,28,0.000103126300862644,0,0
4551,22,27,29,0.000202965692201257,0,0
4552,22,27,30,0.000300932216629493,0,0
4553,22,27,31,0.000395771495260109,0,0
4554,22,27,32,0.000488506763912666,0,0
4555,22,27,33,0.00058552448988682,0,0
4556,22,27,34,0.0938165179974435,41.31115126629,1
4557,22,27,35,0.0936974882267489,41.3111512661814,1
4558,22,27,36,0.0935675857450429,41.3111512664175,1
4559,22,27,37,0.0934353100273983,41.3111512661953,1
4560,22,27,38,0.0933032367866907,41.3111512662154,1
4561,22,27,39,0.0931710653885069,41.3111512663186,1
4562,22,27,40,0.0930510889026332,41.3111512662478,1
4563,22,28,29,9.98271892216427e-05,0,0
4564,22,28,30,0.000197775823884171,0,0
4565,22,28,31,0.000292587075459626,0,0
4566,22,28,32,0.000385279484563923,0,0
4567,22,28,33,0.000482238296441017,0,0
4568,22,28,34,0.0939513353550385,41.3111512661191,1
4569,22,28,35,0.093832027280204,41.3111512662626,1
4570,22,28,36,0.0937018212946841,41.3111512663249,1
4571,22,28,37,0.093569235105103,41.3111512661503,1
4572,22,28,38,0.0934368520039726,41.3111512663587,1
4573,22,28,39,0.093304370843078,41.3111512661456,1
4574,22,28,40,0.0931841128048956,41.3111512663198,1
4575,22,29,30,9.79429066929176e-05,0,0
4576,22,29,31,0.000192738246089373,0,0
4577,22,29,32,0.000285400134321926,0,0
4578,22,29,33,0.000382313389188767,0,0
4579,22,29,34,0.0940929562891082,41.3111512665087,1
4580,22,29,35,0.0939733646965783,41.311151266345,1
4581,22,29,36,0.0938428495103883,41.3111512661283,1
4582,22,29,37,0.093709947093301,41.3111512662803,1
4583,22,29,38,0.0935772483806449,41.3111512662165,1
4584,22,29,39,0.0934444516912083,41.3111512663236,1
4585,22,29,40,0.0933239068786722,41.3111512662208,1
4586,22,30,31,9.47851668147602e-05,0,0
4587,22,30,32,0.000187422427103444,0,0
4588,22,30,33,0.000284296545640201,0,0
4589,22,30,34,0.0942373030110738,41.3111512662673,1
4590,22,30,35,0.0941174263903427,41.3111512663058,1
4591,22,30,36,0.0939866003509709,41.3111512661322,1
4592,22,30,37,0.0938533800495237,41.3111512663295,1
4593,22,30,38,0.0937203640685496,41.3111512661595,1
4594,22,30,39,0.0935872501865905,41.3111512661886,1
4595,22,30,40,0.0934664170959709,41.3111512663602,1
4596,22,31,32,9.26230478896533e-05,0,0
4597,22,31,33,0.000189469353450717,0,0
4598,22,31,34,0.0943867836143835,41.311151266358,1
4599,22,31,35,0.0942666187042677,41.3111512662653,1
4600,22,31,36,0.0941354782459114,41.3111512665298,1
4601,22,31,37,0.0940019364723173,41.3111512659513,1
4602,22,31,38,0.0938685996365981,41.3111512663149,1
4603,22,31,39,0.0937351649630772,41.3111512660614,1
4604,22,31,40,0.0936140403386277,41.311151266387,1
4605,22,32,33,9.68336484724963e-05,0,0
4606,22,32,34,0.0945470071200395,41.3111512662436,1
4607,22,32,35,0.0944265424787093,41.3111512662268,1
4608,22,32,36,0.0942950751098646,41.3111512663695,1
4609,22,32,37,0.0941611991734464,41.311151266121,1
4610,22,32,38,0.0940275288089504,41.3111512661635,1
4611,22,32,39,0.0938937606537249,41.3111512662837,1
4612,22,32,40,0.0937723329837214,41.3111512662169,1
4613,22,33,34,0.0947274343122149,41.3111512663056,1
4614,22,33,35,0.0946066398523421,41.311151266378,1
4615,22,33,36,0.094474812746583,41.3111512662206,1
4616,22,33,37,0.0943405691620925,41.311151266499,1
4617,22,33,38,0.0942065318404865,41.3111512661991,1
4618,22,33,39,0.0940723967639998,41.3111512660406,1
4619,22,33,40,0.0939506356788462,41.3111512662492,1
4620,22,34,35,9.7572065678867e-05,41.3111512661613,1
4621,22,34,36,0.000203854959507035,41.3111512659716,1
4622,22,34,37,0.000313374385634907,41.311151266118,1
4623,22,34,38,0.00042260220163967,41.3111512660483,1
4624,22,34,39,0.000531612804946149,41.311151265578,1
4625,22,34,40,0.000630902165336983,41.3111512659748,1
4626,22,35,36,0.000106283149913092,41.3111512661869,1
4627,22,35,37,0.00021580119401179,41.3111512661725,1
4628,22,35,38,0.000325027787385607,41.311151265945,1
4629,22,35,39,0.000434037545736732,41.3111512659446,1
4630,22,35,40,0.000533325711921682,41.3111512663802,1
4631,22,36,37,0.000109516251246006,41.3111512661956,1
4632,22,36,38,0.000218741226161248,41.3111512659681,1
4633,22,36,39,0.000327749778016679,41.311151266065,1
4634,22,36,40,0.000427036382789903,41.311151265242,1
4635,22,37,38,0.000109225149700864,41.3111512656369,1
4636,22,37,39,0.00021823429718593,41.3111512664159,1
4637,22,37,40,0.000317520967880155,41.3111512659948,1
4638,22,38,39,0.000109009567555124,41.3111512663701,1
4639,22,38,40,0.000208296145535724,41.3111512658177,1
4640,22,39,40,9.9286103602768e-05,41.3111512655413,1
4641,23,24,25,1.66478029914275e-07,0,0
4642,23,24,26,5.28458308602731e-07,0,0
4643,23,24,27,0.000454767033257475,41.3111512659489,1
4644,23,24,28,0.000456532779134877,41.3111512660038,1
4645,23,24,29,0.000458299534569023,41.3111512662097,1
4646,23,24,30,0.00046006108375371,41.3111512660836,1
4647,23,24,31,0.000461816749587687,41.3111512660003,1
4648,23,24,32,0.000463606035869424,41.3111512664613,1
4649,23,24,33,0.000465544148737812,41.31115126599,1
4650,23,24,34,0.000970955138622276,41.3111512659754,1
4651,23,24,35,0.000970224066253661,41.3111512662086,1
4652,23,24,36,0.000969425244798955,41.3111512660034,1
4653,23,24,37,0.000968618029651258,41.3111512663938,1
4654,23,24,38,0.000967811453499418,41.3111512663449,1
4655,23,24,39,0.000967002845569637,41.3111512662444,1
4656,23,24,40,0.000966270455409007,41.3111512660642,1
4657,23,25,26,5.308391947869e-07,0,0
4658,23,25,27,0.000932195498027449,41.3111512659976,1
4659,23,25,28,0.000935780777721981,41.3111512658406,1
4660,23,25,29,0.000939369332883577,41.3111512662279,1
4661,23,25,30,0.000942947896555094,41.3111512661673,1
4662,23,25,31,0.000946515536076054,41.3111512658634,1
4663,23,25,32,0.000950152930832379,41.3111512661053,1
4664,23,25,33,0.000954094131485408,41.3111512661338,1
4665,23,25,34,0.00195781839560652,41.3111512663435,1
4666,23,25,35,0.00195636195257656,41.3111512658894,1
4667,23,25,36,0.0019547704841654,41.3111512659048,1
4668,23,25,37,0.00195316264759693,41.3111512662332,1
4669,23,25,38,0.00195155604933986,41.3111512662236,1
4670,23,25,39,0.00194994532149381,41.3111512663043,1
4671,23,25,40,0.00194848651012042,41.311151265843,1
4672,23,26,27,0.00150901767970467,41.3111512664722,1
4673,23,26,28,0.00151476825065976,41.3111512659997,1
4674,23,26,29,0.00152052599995238,41.3111512663533,1
4675,23,26,30,0.00152626863370875,41.3111512660973,1
4676,23,26,31,0.00153199535038014,41.311151266234,1
4677,23,26,32,0.00153783629042552,41.3111512661807,1
4678,23,26,33,0.00154416705945866,41.3111512662311,1
4679,23,26,34,0.00311875599559391,41.3111512661475,1
4680,23,26,35,0.00311646387600983,41.3111512661371,1
4681,23,26,36,0.00311395916732743,41.3111512664104,1
4682,23,26,37,0.00311142926500529,41.3111512662375,1
4683,23,26,38,0.00310890125597754,41.311151266265,1
4684,23,26,39,0.00310636661683608,41.3111512663521,1
4685,23,26,40,0.00310407118128836,41.3111512661422,1
4686,23,27,28,9.34258262298697e-05,0,0
4687,23,27,29,0.000183557102363871,0,0
4688,23,27,30,0.00027182962293932,0,0
4689,23,27,31,0.000356999694872024,0,0
4690,23,27,32,0.000439877864476308,0,0
4691,23,27,33,0.000526207346875716,0,0
4692,23,27,34,0.0887128805579104,41.3111512662114,1
4693,23,27,35,0.0885977897262002,41.3111512661408,1
4694,23,27,36,0.088472185188691,41.3111512662783,1
4695,23,27,37,0.0883442928750703,41.3111512662039,1
4696,23,27,38,0.0882165959376959,41.3111512660982,1
4697,23,27,39,0.0880888028116744,41.3111512658264,1
4698,23,27,40,0.0879728025789337,41.3111512659707,1
4699,23,28,29,9.01182768256497e-05,0,0
4700,23,28,30,0.000178371650567405,0,0
4701,23,28,31,0.000263511738295648,0,0
4702,23,28,32,0.000346344117942797,0,0
4703,23,28,33,0.000432610636524885,0,0
4704,23,28,34,0.0888578605415933,41.3111512663153,1
4705,23,28,35,0.088742473030239,41.3111512659088,1
4706,23,28,36,0.0886165449091605,41.3111512663012,1
4707,23,28,37,0.0884883218534841,41.3111512658028,1
4708,23,28,38,0.0883602948013776,41.3111512659765,1
4709,23,28,39,0.0882321716045495,41.3111512659493,1
4710,23,28,40,0.0881158714319124,41.3111512657082,1
4711,23,29,30,8.82471843736443e-05,0,0
4712,23,29,31,0.000173370195853804,0,0
4713,23,29,32,0.000256169931975075,0,0
4714,23,29,33,0.000342387719003773,0,0
4715,23,29,34,0.0890100715266157,41.3111512660066,1
4716,23,29,35,0.0888943817838841,41.3111512662207,1
4717,23,29,36,0.0887681240133562,41.31115126614,1
4718,23,29,37,0.0886395640838577,41.3111512663653,1
4719,23,29,38,0.0885112007903156,41.3111512664245,1
4720,23,29,39,0.0883827413810445,41.3111512661973,1
4721,23,29,40,0.0882661357052121,41.3111512664434,1
4722,23,30,31,8.51121360707187e-05,0,0
4723,23,30,32,0.000167885593158677,0,0
4724,23,30,33,0.000254061581909706,0,0
4725,23,30,34,0.0891652354672891,41.3111512662162,1
4726,23,30,35,0.0890492418226694,41.3111512663521,1
4727,23,30,36,0.0889226525756352,41.3111512662139,1
4728,23,30,37,0.0887937539371412,41.3111512662095,1
4729,23,30,38,0.088665052567365,41.311151266277,1
4730,23,30,39,0.0885362551036494,41.3111512659046,1
4731,23,30,40,0.0884193422591357,41.3111512659009,1
4732,23,31,32,8.27583124753002e-05,0,0
4733,23,31,33,0.00016890460802369,0,0
4734,23,31,34,0.0893258756392573,41.3111512661738,1
4735,23,31,35,0.0892095745942664,41.3111512661795,1
4736,23,31,36,0.089082650046071,41.311151266117,1
4737,23,31,37,0.0889534088462612,41.3111512664399,1
4738,23,31,38,0.0888243655497626,41.3111512660223,1
4739,23,31,39,0.0886952261684974,41.3111512659556,1
4740,23,31,40,0.0885780026595944,41.3111512659938,1
4741,23,32,33,8.61327521557772e-05,0,0
4742,23,32,34,0.0894979676112251,41.3111512663798,1
4743,23,32,35,0.089381346972913,41.3111512661593,1
4744,23,32,36,0.0892540738119021,41.3111512661325,1
4745,23,32,37,0.0891244765276874,41.3111512662394,1
4746,23,32,38,0.0889950777990415,41.3111512660765,1
4747,23,32,39,0.0888655829774512,41.3111512657988,1
4748,23,32,40,0.0887480365373363,41.3111512660919,1
4749,23,33,34,0.0896917229065936,41.3111512661219,1
4750,23,33,35,0.0895747505587003,41.3111512663096,1
4751,23,33,36,0.0894470937420701,41.3111512666538,1
4752,23,33,37,0.0893171046456529,41.311151266276,1
4753,23,33,38,0.0891873148161513,41.311151266339,1
4754,23,33,39,0.0890574288694683,41.3111512662564,1
4755,23,33,40,0.088939527094273,41.3111512663149,1
4756,23,34,35,0.000103113232296015,41.3111512660052,1
4757,23,34,36,0.000215457828740776,41.3111512663479,1
4758,23,34,37,0.000331049580723671,41.3111512658662,1
4759,23,34,38,0.000446348843590675,41.3111512655283,1
4760,23,34,39,0.00056145712952907,41.3111512660758,1
4761,23,34,40,0.000666254922097484,41.3111512658264,1
4762,23,35,36,0.000112344840567266,41.3111512658288,1
4763,23,35,37,0.00022793528314586,44.966166172139,1
4764,23,35,38,0.000343233388975762,41.311151266156,1
4765,23,35,39,0.000458340877441743,41.31115126563,1
4766,23,35,40,0.000563137541581455,44.9661661729176,1
4767,23,36,37,0.000115588742282236,41.3111512660914,1
4768,23,36,38,0.000230885314516478,41.3111512664073,1
4769,23,36,39,0.000345991661594082,41.3111512660923,1
4770,23,36,40,0.000450786848170091,41.3111512661974,1
4771,23,37,38,0.000115296739326386,41.3111512661653,1
4772,23,37,39,0.00023040365414933,41.3111512659083,1
4773,23,37,40,0.000335198906532876,41.3111512650758,1
4774,23,38,39,0.000115107314738349,41.3111512663719,1
4775,23,38,40,0.000219902481273865,41.311151265807,1
4776,23,39,40,0.000104794717338629,41.3111512662695,1
4777,24,25,26,1.68858342625426e-07,51.5250826026004,1
4778,24,25,27,0.000477327629729768,41.3111512662467,1
4779,24,25,28,0.000479147594878937,41.3111512662736,1
4780,24,25,29,0.000480969834870212,41.3111512661635,1
4781,24,25,30,0.000482787293929907,41.3111512663115,1
4782,24,25,31,0.000484599718624038,41.3111512663116,1
4783,24,25,32,0.000486448296949146,41.3111512658335,1
4784,24,25,33,0.000488451903589066,41.3111512659433,1
4785,24,25,34,0.000986980964873624,41.3111512660465,1
4786,24,25,35,0.000986255617072884,41.3111512660956,1
4787,24,25,36,0.000985462995369057,41.3111512661313,1
4788,24,25,37,0.000984662397512492,41.3111512662227,1
4789,24,25,38,0.000983862399111357,41.3111512660114,1
4790,24,25,39,0.00098306030337772,41.3111512662665,1
4791,24,25,40,0.00098233390354191,41.3111512661166,1
4792,24,26,27,0.00105393212803613,41.3111512661297,1
4793,24,26,28,0.0010579183283919,41.3111512663356,1
4794,24,26,29,0.00106191072588459,41.3111512662439,1
4795,24,26,30,0.001065893227751,41.3111512659379,1
4796,24,26,31,0.00106986571628742,41.3111512663564,1
4797,24,26,32,0.00107391886768127,41.3111512661765,1
4798,24,26,33,0.00107831317754684,41.3111512661645,1
4799,24,26,34,0.00214817784683635,41.3111512661538,1
4800,24,26,35,0.00214661686966991,41.3111512662496,1
4801,24,26,36,0.00214491105985087,41.3111512662134,1
4802,24,26,37,0.00214318844469669,41.3111512660349,1
4803,24,26,38,0.0021414670842872,41.3111512661851,1
4804,24,26,39,0.00213974112705409,41.3111512661513,1
4805,24,26,40,0.00213817814700173,41.3111512662793,1
4806,24,27,28,9.11780543529327e-05,0,0
4807,24,27,29,0.000179036548211837,0,0
4808,24,27,30,0.000265027668812489,0,0
4809,24,27,31,0.000347902327864345,0,0
4810,24,27,32,0.000428413246467043,0,0
4811,24,27,33,0.000512151468157436,0,0
4812,24,27,34,0.0878032351942211,41.3111512662193,1
4813,24,27,35,0.0876885247217822,41.3111512663001,1
4814,24,27,36,0.0875633350447059,41.3111512661184,1
4815,24,27,37,0.0874358672876798,41.3111512662734,1
4816,24,27,38,0.0873085941377612,41.3111512662382,1
4817,24,27,39,0.0871812247225482,41.3111512662169,1
4818,24,27,40,0.0870656097002797,41.3111512657484,1
4819,24,28,29,8.78454024313985e-05,0,0
4820,24,28,30,0.000173817224885976,0,0
4821,24,28,31,0.000256661664932831,0,0
4822,24,28,32,0.000337126446023929,0,0
4823,24,28,33,0.000420801222172738,0,0
4824,24,28,34,0.0879494823830032,41.3111512660826,1
4825,24,28,35,0.0878344730942964,41.3111512660405,1
4826,24,28,36,0.0877089574961236,41.3111512665343,1
4827,24,28,37,0.0875811566556749,41.3111512657573,1
4828,24,28,38,0.0874535510498294,41.3111512661991,1
4829,24,28,39,0.087325849212275,41.3111512662886,1
4830,24,28,40,0.0872099321258087,41.3111512659012,1
4831,24,29,30,8.59655735877841e-05,0,0
4832,24,29,31,0.000168792794045048,0,0
4833,24,29,32,0.00024922467720435,0,0
4834,24,29,33,0.00033285034091164,0,0
4835,24,29,34,0.0881030119524781,41.3111512660575,1
4836,24,29,35,0.0879876982564084,41.3111512662662,1
4837,24,29,36,0.087861850628248,41.3111512659777,1
4838,24,29,37,0.0877337105291592,41.3111512659951,1
4839,24,29,38,0.0876057662972655,41.3111512660465,1
4840,24,29,39,0.0874777258522035,41.3111512660715,1
4841,24,29,40,0.0873615010988172,41.3111512663555,1
4842,24,30,31,8.28162612539316e-05,0,0
4843,24,30,32,0.000163221671981132,0,0
4844,24,30,33,0.000246805222914472,0,0
4845,24,30,34,0.0882595232906874,41.3111512661651,1
4846,24,30,35,0.0881439034985359,41.311151266173,1
4847,24,30,36,0.0880177219934442,41.3111512661759,1
4848,24,30,37,0.087889240780385,41.3111512662181,1
4849,24,30,38,0.0877609560675086,41.3111512662052,1
4850,24,30,39,0.087632575152764,41.3111512658296,1
4851,24,30,40,0.0875160410486831,41.3111512660992,1
4852,24,31,32,8.03901584749773e-05,0,0
4853,24,31,33,0.000163943794952501,0,0
4854,24,31,34,0.0884215525467353,41.311151266212,1
4855,24,31,35,0.0883056231325715,41.3111512660698,1
4856,24,31,36,0.088179103895912,41.3111512661425,1
4857,24,31,37,0.0880502776861966,41.3111512662361,1
4858,24,31,38,0.0879216486115133,41.31115126635,1
4859,24,31,39,0.0877929233335834,41.3111512662329,1
4860,24,31,40,0.0876760763555491,41.3111512657336,1
4861,24,32,33,8.35399864201659e-05,0,0
4862,24,32,34,0.0885951197323946,41.3111512660707,1
4863,24,32,35,0.0884788684159028,41.3111512661497,1
4864,24,32,36,0.0883519980405041,41.3111512659891,1
4865,24,32,37,0.0882228132149172,41.3111512661249,1
4866,24,32,38,0.08809382617692,41.3111512659058,1
4867,24,32,39,0.0879647429166206,41.3111512661494,1
4868,24,32,40,0.0878475707105951,41.3111512665393,1
4869,24,33,34,0.0887905308261406,41.3111512661804,1
4870,24,33,35,0.0886739252554243,41.3111512663517,1
4871,24,33,36,0.088546668440765,41.3111512659989,1
4872,24,33,37,0.0884170890128299,41.3111512663317,1
4873,24,33,38,0.0882877080841944,41.3111512662686,1
4874,24,33,39,0.088158230897116,41.3111512658505,1
4875,24,33,40,0.0880407008245326,41.3111512660713,1
4876,24,34,35,0.000103763465888157,41.3111512663165,1
4877,24,34,36,0.000216820148609772,41.3111512661589,1
4878,24,34,37,0.000333120074417695,41.3111512655749,1
4879,24,34,38,0.000449127875119492,41.3111512657079,1
4880,24,34,39,0.000564948926592348,41.3111512660385,1
4881,24,34,40,0.000670389231052083,41.3111512655005,1
4882,24,35,36,0.000113056925643182,41.3111512658947,1
4883,24,35,37,0.000229355549412839,44.9661661721634,1
4884,24,35,38,0.000345362199741565,41.311151266024,1
4885,24,35,39,0.000461182458583477,41.3111512655825,1
4886,24,35,40,0.000566621641311004,44.9661661724464,1
4887,24,36,37,0.000116296932847969,41.3111512660306,1
4888,24,36,38,0.000232302058187596,41.3111512663984,1
4889,24,36,39,0.000348121182259573,41.311151266371,1
4890,24,36,40,0.000453558895943563,41.3111512659471,1
4891,24,37,38,0.000116005291663091,41.3111512662052,1
4892,24,37,39,0.000231824980678871,41.3111512664513,1
4893,24,37,40,0.000337262760185033,41.311151265149,1
4894,24,38,39,0.000115820086901874,41.3111512662306,1
4895,24,38,40,0.000221257781272057,41.3111512655462,1
4896,24,39,40,0.000105437247729804,41.3111512660605,1
4897,25,26,27,0.000576503865792624,41.3111512660514,1
4898,25,26,28,0.00057867054476779,41.3111512661816,1
4899,25,26,29,0.00058084115510508,41.3111512660598,1
4900,25,26,30,0.000583006655101873,41.3111512661206,1
4901,25,26,31,0.000585167182643204,41.3111512660003,1
4902,25,26,32,0.00058737223864827,41.311151266096,1
4903,25,26,33,0.000589763475049743,41.3111512659778,1
4904,25,26,34,0.00116131967274397,41.3111512658618,1
4905,25,26,35,0.00116048406406707,41.3111512660019,1
4906,25,26,36,0.00115957089883512,41.31115126577,1
4907,25,26,37,0.00115864890268083,41.3111512658019,1
4908,25,26,38,0.00115772756195967,41.3111512656904,1
4909,25,26,39,0.0011568037222256,41.3111512657966,1
4910,25,26,40,0.00115596716118935,41.3111512659553,1
4911,25,27,28,8.88389892896658e-05,0,0
4912,25,27,29,0.000174331430900238,0,0
4913,25,27,30,0.000257947039985473,0,0
4914,25,27,31,0.000338430788437887,0,0
4915,25,27,32,0.000416474870383991,0,0
4916,25,27,33,0.00049751184837055,0,0
4917,25,27,34,0.0868679316398941,41.3111512663647,1
4918,25,27,35,0.0867535949613802,41.3111512658342,1
4919,25,27,36,0.0866288129674196,41.311151266059,1
4920,25,27,37,0.0865017625655725,41.3111512658477,1
4921,25,27,38,0.086374906006688,41.3111512662929,1
4922,25,27,39,0.0862479530807145,41.3111512662073,1
4923,25,27,40,0.0861327167436707,41.311151266093,1
4924,25,28,29,8.54792584332281e-05,0,0
4925,25,28,30,0.000169075418127888,0,0
4926,25,28,31,0.000249528712946763,0,0
4927,25,28,32,0.000327526310425096,0,0
4928,25,28,33,0.000408499361852225,0,0
4929,25,28,34,0.0870154492198762,41.3111512658397,1
4930,25,28,35,0.0869008115958571,41.3111512661739,1
4931,25,28,36,0.0867757013511115,41.3111512659995,1
4932,25,28,37,0.0866483155339454,41.3111512661391,1
4933,25,28,38,0.0865211241872615,41.3111512661863,1
4934,25,28,39,0.0863938364964083,41.3111512659051,1
4935,25,28,40,0.0862782959794238,41.3111512658989,1
4936,25,29,30,8.35898510178185e-05,0,0
4937,25,29,31,0.000164025782694996,0,0
4938,25,29,32,0.000241990228043999,0,0
4939,25,29,33,0.000322913786418271,0,0
4940,25,29,34,0.0871703005250963,41.3111512660399,1
4941,25,29,35,0.0870553563252486,41.3111512663426,1
4942,25,29,36,0.0869299116779565,41.3111512660703,1
4943,25,29,37,0.0868021842269787,41.3111512662009,1
4944,25,29,38,0.0866746518791291,41.3111512658963,1
4945,25,29,39,0.0865470231948662,41.3111512663188,1
4946,25,29,40,0.0864311728559542,41.3111512658548,1
4947,25,30,31,8.0424888786256e-05,0,0
4948,25,30,32,0.000158362668847086,0,0
4949,25,30,33,0.000239243800597576,0,0
4950,25,30,34,0.0873281625262234,41.3111512662814,1
4951,25,30,35,0.0872129100437102,41.311151266013,1
4952,25,30,36,0.0870871291271371,41.3111512660074,1
4953,25,30,37,0.0869590581669713,41.3111512661009,1
4954,25,30,38,0.0868311829429954,41.3111512659513,1
4955,25,30,39,0.0867032113830807,41.3111512661574,1
4956,25,30,40,0.0865870495202787,41.3111512661818,1
4957,25,31,32,7.79224206072675e-05,0,0
4958,25,31,33,0.000158773417180502,0,0
4959,25,31,34,0.0874915841508471,41.3111512663669,1
4960,25,31,35,0.0873760198323948,41.3111512658245,1
4961,25,31,36,0.0872498987620336,41.3111512660776,1
4962,25,31,37,0.0871214803797643,41.311151266058,1
4963,25,31,38,0.0869932583686352,41.3111512660848,1
4964,25,31,39,0.086864940009297,41.311151266185,1
4965,25,31,40,0.0867484630719175,41.3111512660861,1
4966,25,32,33,8.08372399009353e-05,0,0
4967,25,32,34,0.0876666298575507,41.3111512664815,1
4968,25,32,35,0.0875507413357781,41.311151266038,1
4969,25,32,36,0.0874242666092578,41.3111512660151,1
4970,25,32,37,0.0872954870899337,41.3111512659855,1
4971,25,32,38,0.0871669045944462,41.3111512661637,1
4972,25,32,39,0.0870382257204607,41.3111512659495,1
4973,25,32,40,0.0869214212676036,41.3111512662043,1
4974,25,33,34,0.0878637003895024,41.3111512661771,1
4975,25,33,35,0.0877474550777099,41.3111512663145,1
4976,25,33,36,0.0876205911376756,41.3111512664141,1
4977,25,33,37,0.0874914142372111,41.3111512660192,1
4978,25,33,38,0.0873624350724778,41.3111512662427,1
4979,25,33,39,0.0872333594808096,41.3111512662972,1
4980,25,33,40,0.0871161946401773,41.3111512659146,1
4981,25,34,35,0.000104411852589617,41.3111512659338,1
4982,25,34,36,0.000218178668982365,41.3111512663289,1
4983,25,34,37,0.000335184358258713,41.3111512659366,1
4984,25,34,38,0.000451898327860785,41.311151265418,1
4985,25,34,39,0.000568429868352104,41.3111512664336,1
4986,25,34,40,0.000674510507082713,41.3111512654225,1
4987,25,35,36,0.000113767058130377,41.3111512657978,1
4988,25,35,37,0.0002307714526361,42.6257755043323,1
4989,25,35,38,0.000347484278440979,41.3111512662609,1
4990,25,35,39,0.000464015031080129,41.3111512654887,1
4991,25,35,40,0.000570094554687511,44.9661661726674,1
4992,25,36,37,0.000117002712832493,41.3111512662882,1
4993,25,36,38,0.000233714022139829,41.3111512663692,1
4994,25,36,39,0.000350243646540245,41.3111512663811,1
4995,25,36,40,0.000456321709511691,41.3111512660974,1
4996,25,37,38,0.000116711474873276,41.3111512658801,1
4997,25,37,39,0.000233241661455418,41.31115126596,1
4998,25,37,40,0.000339319790265472,41.3111512659475,1
4999,25,38,39,0.000116530582467167,41.3111512662071,1
5000,25,38,40,0.000222608626844985,41.3111512657341,1
5001,25,39,40,0.00010607760026,41.3111512663744,1
5002,26,27,28,8.6032656957167e-05,0,0
5003,26,27,29,0.00016868546628143,0,0
5004,26,27,30,0.000249449622741317,0,0
5005,26,27,31,0.00032706265968223,0,0
5006,26,27,32,0.000402143814262364,0,0
5007,26,27,33,0.000479935385139792,0,0
5008,26,27,34,0.0857566103096428,44.966166172216,1
5009,26,27,35,0.0856427009846755,44.9661661726515,1
5010,26,27,36,0.0855183850726104,44.9661661721844,1
5011,26,27,37,0.0853918119560882,44.9661661725267,1
5012,26,27,38,0.0852654318004809,44.9661661727559,1
5013,26,27,39,0.0851389551345234,44.9661661721896,1
5014,26,27,40,0.0850241518689401,44.9661661726796,1
5015,26,28,29,8.26395201327101e-05,0,0
5016,26,28,30,0.000163384051886987,0,0
5017,26,28,31,0.000240966363293355,0,0
5018,26,28,32,0.000316000631686874,0,0
5019,26,28,33,0.000393727718937799,0,0
5020,26,28,34,0.0859056043279205,44.9661661726798,1
5021,26,28,35,0.0857913915959594,44.9661661723259,1
5022,26,28,36,0.0856667447396403,44.9661661724748,1
5023,26,28,37,0.0855398335134486,44.9661661722004,1
5024,26,28,38,0.0854131158755669,44.9661661722612,1
5025,26,28,39,0.0852863017375513,44.9661661721968,1
5026,26,28,40,0.0851711918473925,44.9661661723061,1
5027,26,29,30,8.07381534008208e-05,0,0
5028,26,29,31,0.000158302934984353,0,0
5029,26,29,32,0.000233303756692766,0,0
5030,26,29,33,0.000310980909814641,0,0
5031,26,29,34,0.0860619915730059,41.3111512660959,1
5032,26,29,35,0.0859474697583755,44.966166172373,1
5033,26,29,36,0.0858224857564732,41.3111512659685,1
5034,26,29,37,0.0856952301521176,44.9661661722833,1
5035,26,29,38,0.0855681687686255,44.966166172266,1
5036,26,29,39,0.085441010879907,44.9661661723322,1
5037,26,29,40,0.0853255886778177,44.9661661722628,1
5038,26,30,31,7.75536417568523e-05,0,0
5039,26,30,32,0.000152527575097119,0,0
5040,26,30,33,0.000230161938316175,0,0
5041,26,30,34,0.0862214231762577,44.9661661722381,1
5042,26,30,35,0.0861065905511999,44.9661661726441,1
5043,26,30,36,0.0859812675141252,44.9661661723086,1
5044,26,30,37,0.0858536656330946,44.9661661727942,1
5045,26,30,38,0.0857262586059178,44.9661661724955,1
5046,26,30,39,0.0855987550610906,44.9661661722374,1
5047,26,30,40,0.0854830188241169,44.9661661721277,1
5048,26,31,32,7.49584500254013e-05,0,0
5049,26,31,33,0.000152562422662883,0,0
5050,26,31,34,0.0863864627838078,44.9661661723406,1
5051,26,31,35,0.0862713157634484,44.9661661726211,1
5052,26,31,36,0.0861456497721688,44.966166172222,1
5053,26,31,37,0.0860176976666303,44.9661661722617,1
5054,26,31,38,0.0858899410498542,44.9661661722662,1
5055,26,31,39,0.0857620878901767,44.9661661721924,1
5056,26,31,40,0.0856460340359494,44.9661661723109,1
5057,26,32,33,7.75900923846362e-05,0,0
5058,26,32,34,0.0865632263975801,41.311151265918,1
5059,26,32,35,0.0864477525138847,41.3111512659754,1
5060,26,32,36,0.0863217299559614,41.3111512659692,1
5061,26,32,37,0.0861934138003492,41.3111512661456,1
5062,26,32,38,0.0860652937861904,41.3111512660484,1
5063,26,32,39,0.0859370771854498,41.3111512660109,1
5064,26,32,40,0.085820693172705,41.3111512660609,1
5065,26,33,34,0.0867622249705549,41.3111512660165,1
5066,26,33,35,0.0866463913653988,41.311151266189,1
5067,26,33,36,0.0865199763865574,41.311151266101,1
5068,26,33,37,0.0863912596391569,41.3111512659017,1
5069,26,33,38,0.0862627397451358,41.3111512662461,1
5070,26,33,39,0.0861341232014336,41.3111512661579,1
5071,26,33,40,0.0860173758878283,41.3111512661763,1
5072,26,34,35,0.000105161779331212,41.3111512659725,1
5073,26,34,36,0.00021975001246365,41.3111512660398,1
5074,26,34,37,0.000337571573381753,41.3111512655029,1
5075,26,34,38,0.000455101927965238,41.3111512648524,1
5076,26,34,39,0.000572454959350882,41.3111512658524,1
5077,26,34,40,0.000679275842409801,41.3111512653823,1
5078,26,35,36,0.000114588473513052,41.311151265562,1
5079,26,35,37,0.000232408747996003,42.6257755041707,1
5080,26,35,38,0.000349937966325154,41.3111512662432,1
5081,26,35,39,0.00046729021534136,41.3111512652551,1
5082,26,35,40,0.000574109990858864,44.9661661723759,1
5083,26,36,37,0.000117818603416153,41.3111512658941,1
5084,26,36,38,0.000235346314986949,41.3111512660863,1
5085,26,36,39,0.000352697443256327,41.3111512662746,1
5086,26,36,40,0.000459515767781971,41.3111512660451,1
5087,26,37,38,0.000117527876268718,41.3111512664121,1
5088,26,37,39,0.000234879563553764,41.3111512660877,1
5089,26,37,40,0.000341697953938685,41.3111512661122,1
5090,26,38,39,0.00011735208087602,41.3111512661767,1
5091,26,38,40,0.000224170387636941,41.3111512652808,1
5092,26,39,40,0.000106817865536494,41.3111512661739,1
5093,27,28,29,2.14219884891878e-08,0,0
5094,27,28,30,5.38016187080119e-08,0,0
5095,27,28,31,1.04394451509011e-07,0,0
5096,27,28,32,1.81073628578851e-07,0,0
5097,27,28,33,2.86713849876512e-07,0,0
5098,27,28,34,0.000251605635399006,44.9661661720386,1
5099,27,28,35,0.00025111491698878,44.9661661721602,1
5100,27,28,36,0.000250579320407375,44.966166172052,1
5101,27,28,37,0.00025003440800811,44.9661661723826,1
5102,27,28,38,0.000249490303283438,44.9661661723535,1
5103,27,28,39,0.000248945707382119,44.9661661721478,1
5104,27,28,40,0.000248451490700269,44.9661661720981,1
5105,27,29,30,4.33770653336272e-08,0,0
5106,27,29,31,1.23249642196115e-07,0,0
5107,27,29,32,2.54900523528889e-07,0,0
5108,27,29,33,4.42660851042529e-07,0,0
5109,27,29,34,0.000514680036789117,41.3111512655657,1
5110,27,29,35,0.000513689514920701,41.3111512657618,1
5111,27,29,36,0.000512608408554965,41.3111512662093,1
5112,27,29,37,0.000511508474490961,41.3111512658926,1
5113,27,29,38,0.000510410172093273,41.31115126593,1
5114,27,29,39,0.000509310882607375,41.3111512655591,1
5115,27,29,40,0.000508313279037803,41.3111512655924,1
5116,27,30,31,9.81564017769171e-08,0,0
5117,27,30,32,2.73532877098311e-07,0,0
5118,27,30,33,5.31186211327837e-07,0,0
5119,27,30,34,0.000783153486836177,41.3111512665029,1
5120,27,30,35,0.000781659425941848,41.3111512664295,1
5121,27,30,36,0.000780028733976548,41.3111512664391,1
5122,27,30,37,0.000778369619449437,41.3111512664823,1
5123,27,30,38,0.000776712967425937,41.3111512664277,1
5124,27,30,39,0.000775054830893421,41.3111512664778,1
5125,27,30,40,0.000773550067807341,41.3111512665344,1
5126,27,31,32,2.00398781751766e-07,0,0
5127,27,31,33,5.07607280261519e-07,0,0
5128,27,31,34,0.00106056613649001,41.3111512660906,1
5129,27,31,35,0.00105856239539869,41.3111512660479,1
5130,27,31,36,0.00105637541733114,41.3111512663557,1
5131,27,31,37,0.00105415028519589,41.3111512662743,1
5132,27,31,38,0.0010519284576694,41.3111512660476,1
5133,27,31,39,0.001049704645772,41.3111512661353,1
5134,27,31,40,0.00104768652088149,41.3111512660602,1
5135,27,32,33,3.30067215429286e-07,0,0
5136,27,32,34,0.00135657684698148,41.3111512654306,1
5137,27,32,35,0.00135404332824853,41.311151265636,1
5138,27,32,36,0.00135127813194019,41.3111512656904,1
5139,27,32,37,0.00134846463979985,41.3111512657121,1
5140,27,32,38,0.00134565532911216,41.3111512658248,1
5141,27,32,39,0.00134284351938344,41.3111512657139,1
5142,27,32,40,0.00134029176713973,41.3111512657214,1
5143,27,33,34,0.00168938238760042,41.311151266094,1
5144,27,33,35,0.00168626528625972,41.3111512658107,1
5145,27,33,36,0.00168286314972656,41.3111512661284,1
5146,27,33,37,0.00167940152226698,41.3111512660441,1
5147,27,33,38,0.00167594504350593,41.3111512662947,1
5148,27,33,39,0.00167248550307109,41.3111512661106,1
5149,27,33,40,0.00166934590737104,41.311151266274,1
5150,27,34,35,0.000156011913076069,41.3111512660543,1
5151,27,34,36,0.000326323557290314,41.311151266177,1
5152,27,34,37,0.000499319851912383,41.3111512660114,1
5153,27,34,38,0.000672075384624796,41.311151265952,1
5154,27,34,39,0.000845038270004591,41.3111512658777,1
5155,27,34,40,0.00100192286821852,41.3111512658863,1
5156,27,35,36,0.000170311582164679,0,0
5157,27,35,37,0.00034330835515121,0,0
5158,27,35,38,0.000516064334986406,0,0
5159,27,35,39,0.000689027567640837,41.311151265698,1
5160,27,35,40,0.000845912632972313,41.3111512663873,1
5161,27,36,37,0.000172997364001474,41.3111512663127,1
5162,27,36,38,0.000345753900650684,41.3111512658229,1
5163,27,36,39,0.000518717581201599,41.3111512660815,1
5164,27,36,40,0.00067560321886221,41.3111512662082,1
5165,27,37,38,0.000172756502744686,41.3111512661758,1
5166,27,37,39,0.000345720038037091,41.3111512656956,1
5167,27,37,40,0.000502605712628041,41.3111512652638,1
5168,27,38,39,0.000172963424134028,41.3111512662989,1
5169,27,38,40,0.000329849166350888,41.3111512657103,1
5170,27,39,40,0.000156885910870318,0,0
5171,28,29,30,1.09973201037751e-08,0,0
5172,28,29,31,4.02768998408179e-08,0,0
5173,28,29,32,9.52484342979596e-08,0,0
5174,28,29,33,1.77368278926745e-07,0,0
5175,28,29,34,0.000263072635928507,44.9661661724296,1
5176,28,29,35,0.000262572832722296,44.9661661725299,1
5177,28,29,36,0.000262027323265267,44.966166172175,1
5178,28,29,37,0.000261472301582646,44.9661661724038,1
5179,28,29,38,0.000260918103923105,44.9661661725656,1
5180,28,29,39,0.000260363410430571,44.9661661722936,1
5181,28,29,40,0.000259860023534078,44.9661661721573,1
5182,28,30,31,4.75634280376592e-08,41.3111512663819,1
5183,28,30,32,1.46260711670482e-07,0,0
5184,28,30,33,2.98273735016997e-07,0,0
5185,28,30,34,0.000531544768855904,41.3111512662102,1
5186,28,30,35,0.000530541424368758,41.3111512660252,1
5187,28,30,36,0.000529446326930194,41.3111512659492,1
5188,28,30,37,0.000528332121830677,41.3111512662,1
5189,28,30,38,0.000527219571643575,41.311151266342,1
5190,28,30,39,0.000526106028318443,41.3111512660478,1
5191,28,30,40,0.00052509547923741,41.311151266255,1
5192,28,31,32,1.23719777157783e-07,0,0
5193,28,31,33,3.25288157235724e-07,0,0
5194,28,31,34,0.000808955178799857,41.3111512658356,1
5195,28,31,35,0.000807442150946733,41.3111512660407,1
5196,28,31,36,0.000805790764070995,41.311151266005,1
5197,28,31,37,0.000804110537141647,41.3111512659409,1
5198,28,31,38,0.000802432807310322,41.3111512659629,1
5199,28,31,39,0.000800753584660523,41.311151266106,1
5200,28,31,40,0.000799229669963375,41.3111512660346,1
5201,28,32,33,2.24426998014749e-07,0,0
5202,28,32,34,0.00110496156430523,41.3111512660871,1
5203,28,32,35,0.00110291875582223,41.3111512660889,1
5204,28,32,36,0.00110068914763183,41.3111512661241,1
5205,28,32,37,0.00109842055631418,41.3111512660736,1
5206,28,32,38,0.00109615533905744,41.3111512661139,1
5207,28,32,39,0.00109388811458875,41.3111512660353,1
5208,28,32,40,0.00109183056858887,41.3111512661006,1
5209,28,33,34,0.00143776147121738,44.9661661720346,1
5210,28,33,35,0.00143513507537648,44.966166172341,1
5211,28,33,36,0.00143226852203495,44.9661661725355,1
5212,28,33,37,0.00142935178865579,44.9661661721777,1
5213,28,33,38,0.00142643939674843,44.9661661725543,1
5214,28,33,39,0.00142352443537715,44.9661661720223,1
5215,28,33,40,0.00142087903984182,44.9661661726022,1
5216,28,34,35,0.00015597442961598,41.3111512662754,1
5217,28,34,36,0.00032624577805637,0,0
5218,28,34,37,0.000499196954808206,41.3111512659076,1
5219,28,34,38,0.000671907805734209,41.3111512658156,1
5220,28,34,39,0.000844826889840742,41.3111512662007,1
5221,28,34,40,0.00100167065307472,41.3111512654512,1
5222,28,35,36,0.000170271285189997,0,0
5223,28,35,37,0.000343222947122387,44.9661661725319,1
5224,28,35,38,0.000515934251257076,0,0
5225,28,35,39,0.000688853686933668,41.3111512653417,1
5226,28,35,40,0.000845697923300665,41.3111512661054,1
5227,28,36,37,0.000172952261720231,41.3111512659591,1
5228,28,36,38,0.000345664130642884,41.3111512658487,1
5229,28,36,39,0.000518584020236886,41.3111512660408,1
5230,28,36,40,0.000675428836708011,41.3111512662792,1
5231,28,37,38,0.000172711834218518,41.3111512659313,1
5232,28,37,39,0.000345631575759357,41.3111512652257,1
5233,28,37,40,0.00050247642897594,41.3111512659043,1
5234,28,38,39,0.0001729196283911,41.3111512664046,1
5235,28,38,40,0.000329764549774206,41.311151265653,1
5236,28,39,40,0.000156845092386443,41.3111512663557,1
5237,29,30,31,1.82839211830175e-08,0,0
5238,29,30,32,6.20098785038313e-08,0,0
5239,29,30,33,1.31903363989301e-07,0,0
5240,29,30,34,0.000268472639589748,44.9661661726247,1
5241,29,30,35,0.000267969095753613,44.9661661722746,1
5242,29,30,36,0.000267419505010143,44.9661661724756,1
5243,29,30,37,0.000266860318602999,44.9661661726205,1
5244,29,30,38,0.000266301963105779,44.9661661723461,1
5245,29,30,39,0.000265743110341082,44.9661661722471,1
5246,29,30,40,0.000265235945448236,44.9661661722749,1
5247,29,31,32,6.87486403882207e-08,0,0
5248,29,31,33,1.88197754920328e-07,0,0
5249,29,31,34,0.00054588265427629,41.3111512661739,1
5250,29,31,35,0.000544869423585038,41.3111512660749,1
5251,29,31,36,0.000543763539667695,41.3111512661325,1
5252,29,31,37,0.000542638327149333,41.3111512661302,1
5253,29,31,38,0.00054151478777574,41.3111512663003,1
5254,29,31,39,0.000540390251557582,41.3111512661858,1
5255,29,31,40,0.000539369717175414,41.3111512663126,1
5256,29,32,33,1.42307712128577e-07,0,0
5257,29,32,34,0.000841886594695009,41.3111512663015,1
5258,29,32,35,0.000840343580058321,41.31115126615,1
5259,29,32,36,0.000838659471342207,41.3111512661548,1
5260,29,32,37,0.000836945889990115,41.311151266162,1
5261,29,32,38,0.000835234858833037,41.3111512661153,1
5262,29,32,39,0.000833522316635256,41.3111512661417,1
5263,29,32,40,0.000831968146937277,41.3111512661652,1
5264,29,33,34,0.00117468294632646,41.3111512659307,1
5265,29,33,35,0.00117255633919406,41.3111512659775,1
5266,29,33,36,0.00117023527992027,41.3111512659245,1
5267,29,33,37,0.00116787354966055,41.3111512659756,1
5268,29,33,38,0.00116551533713749,41.3111512659795,1
5269,29,33,39,0.00116315505161624,41.3111512659466,1
5270,29,33,40,0.00116101302620143,41.3111512660674,1
5271,29,34,35,0.000155936332274581,41.3111512663743,1
5272,29,34,36,0.000326166743206126,0,0
5273,29,34,37,0.000499071959388051,41.3111512657864,1
5274,29,34,38,0.000671737304016301,41.3111512659807,1
5275,29,34,39,0.000844611803929001,41.3111512660836,1
5276,29,34,40,0.00100141397165515,41.3111512651338,1
5277,29,35,36,0.000170230346458061,0,0
5278,29,35,37,0.000343136054763071,0,0
5279,29,35,38,0.000515801858798812,0,0
5280,29,35,39,0.000688676714656695,41.3111512656367,1
5281,29,35,40,0.000845479361642936,41.3111512669145,1
5282,29,36,37,0.000172906317028483,41.3111512660948,1
5283,29,36,38,0.000345572693974067,41.3111512656538,1
5284,29,36,39,0.000518448009882001,41.3111512660086,1
5285,29,36,40,0.000675251244891617,41.3111512662877,1
5286,29,37,38,0.000172666341427004,41.3111512662355,1
5287,29,37,39,0.00034554150643528,41.3111512663151,1
5288,29,37,40,0.000502344778002041,41.3111512662605,1
5289,29,38,39,0.000172875049830232,41.3111512663524,1
5290,29,38,40,0.00032967839011416,41.3111512652769,1
5291,29,39,40,0.000156803513680743,41.3111512662457,1
5292,30,31,32,2.50227390824953e-08,0,0
5293,30,31,33,7.45784148193773e-08,0,0
5294,30,31,34,0.000277409077040686,41.3111512663096,1
5295,30,31,35,0.000276899389275817,41.3111512665064,1
5296,30,31,36,0.000276343095153821,41.3111512662945,1
5297,30,31,37,0.000275777067778649,41.3111512661684,1
5298,30,31,38,0.000275211882666972,41.3111512660268,1
5299,30,31,39,0.000274646198043925,41.3111512662493,1
5300,30,31,40,0.00027413282741439,41.3111512662569,1
5301,30,32,33,7.24141706271515e-08,0,0
5302,30,32,34,0.000573409952096947,41.3111512662088,1
5303,30,32,35,0.000572370479754933,41.3111512660356,1
5304,30,32,36,0.000571235960251583,41.3111512661753,1
5305,30,32,37,0.000570081562733936,41.3111512661,1
5306,30,32,38,0.000568928884596046,41.3111512659408,1
5307,30,32,39,0.000567775192909695,41.3111512659945,1
5308,30,32,40,0.000566728185792065,41.3111512660922,1
5309,30,33,34,0.000906202034523712,42.6257755042298,1
5310,30,33,35,0.000904578967493352,42.6257755041018,1
5311,30,33,36,0.000902807495209976,42.6257755041468,1
5312,30,33,37,0.000901004945379376,42.6257755042214,1
5313,30,33,38,0.000899205082577591,42.6257755042424,1
5314,30,33,39,0.000897403644522572,42.6257755041357,1
5315,30,33,40,0.000895768778623261,42.625775504257,1
5316,30,34,35,0.000155897152597703,41.3111512670332,1
5317,30,34,36,0.000326085457856213,0,0
5318,30,34,37,0.000498943437045832,41.3111512654039,1
5319,30,34,38,0.000671562008740603,41.3111512661334,1
5320,30,34,39,0.000844390676348642,44.9661661722936,1
5321,30,34,40,0.00100115009275825,41.3111512660775,1
5322,30,35,36,0.00017018823955311,0,0
5323,30,35,37,0.000343046717857787,0,0
5324,30,35,38,0.000515665755202899,0,0
5325,30,35,39,0.000688494783162171,41.3111512651315,1
5326,30,35,40,0.000845254685002348,41.3111512662992,1
5327,30,36,37,0.000172859096027554,41.3111512663176,1
5328,30,36,38,0.000345478714462253,41.3111512648538,1
5329,30,36,39,0.000518308208647767,41.3111512659161,1
5330,30,36,40,0.000675068706486839,44.9661661720856,1
5331,30,37,38,0.000172619582095753,41.311151266037,1
5332,30,37,39,0.000345448922514569,41.3111512663697,1
5333,30,37,40,0.000502209456720863,41.3111512662863,1
5334,30,38,39,0.000172829223197868,41.3111512659795,1
5335,30,38,40,0.000329589826675734,41.3111512659823,1
5336,30,39,40,0.00015676077928519,0,0
5337,31,32,33,2.28584067654496e-08,0,0
5338,31,32,34,0.000295998741448637,41.3111512657288,1
5339,31,32,35,0.000295468957188891,41.3111512659282,1
5340,31,32,36,0.000294890732215281,41.3111512659843,1
5341,31,32,37,0.000294302362077982,41.3111512658667,1
5342,31,32,38,0.000293714869093679,41.3111512658956,1
5343,31,32,39,0.000293126862163748,41.3111512661841,1
5344,31,32,40,0.000292593225688961,41.311151265825,1
5345,31,33,34,0.000628787574847765,41.3111512659728,1
5346,31,33,35,0.000627674194734557,41.3111512656572,1
5347,31,33,36,0.000626459015830493,41.3111512657592,1
5348,31,33,37,0.000625222491398139,41.3111512656972,1
5349,31,33,38,0.000623987811843599,41.3111512659286,1
5350,31,33,39,0.000622752056818304,41.3111512658224,1
5351,31,33,40,0.000621630559781025,41.3111512659523,1
5352,31,34,35,0.000155857213251605,41.3111512663559,1
5353,31,34,36,0.000326002605684657,41.3111512657622,1
5354,31,34,37,0.000498812379251249,41.3111512659895,1
5355,31,34,38,0.000671383223992448,41.3111512662043,1
5356,31,34,39,0.000844165137319465,44.9661661726227,1
5357,31,34,40,0.00100088092686842,41.3111512661427,1
5358,31,35,36,0.000170145325480824,0,0
5359,31,35,37,0.000342955605238857,0,0
5360,31,35,38,0.000515526921948578,0,0
5361,31,35,39,0.000688309200085987,41.311151266018,1
5362,31,35,40,0.000845025481310406,41.3111512660466,1
5363,31,36,37,0.000172810906589015,41.3111512659973,1
5364,31,36,38,0.000345382812666832,41.3111512660748,1
5365,31,36,39,0.000518165563281202,41.3111512661032,1
5366,31,36,40,0.000674882448576285,44.9661661722104,1
5367,31,37,38,0.000172571868908551,41.3111512665392,1
5368,31,37,39,0.000345354462854456,41.3111512660298,1
5369,31,37,40,0.000502071384324432,41.3111512662223,1
5370,31,38,39,0.000172782474657324,41.3111512663658,1
5371,31,38,40,0.000329499465959906,41.3111512661059,1
5372,31,39,40,0.000156717169549514,41.3111512667406,1
5373,32,33,34,0.00033278792619295,41.3111512656776,1
5374,32,33,35,0.000332204328764719,41.3111512656781,1
5375,32,33,36,0.000331567373171471,41.3111512659717,1
5376,32,33,37,0.000330919216810395,41.3111512659553,1
5377,32,33,38,0.000330272028210531,41.3111512658528,1
5378,32,33,39,0.000329624278167427,41.3111512656669,1
5379,32,33,40,0.000329036415738719,41.3111512658569,1
5380,32,34,35,0.000155815796228979,41.3111512659277,1
5381,32,34,36,0.00032591670879522,44.9661661723235,1
5382,32,34,37,0.000498676375510149,41.3111512664454,1
5383,32,34,38,0.000671197622307961,41.3111512662247,1
5384,32,34,39,0.000843930977167993,41.3111512659043,1
5385,32,34,40,0.00100060142167649,41.3111512663209,1
5386,32,35,36,0.000170100844317982,0,0
5387,32,35,37,0.000342861024580066,0,0
5388,32,35,38,0.000515382749913994,0,0
5389,32,35,39,0.000688116474219622,41.3111512659769,1
5390,32,35,40,0.000844787416895012,41.3111512659873,1
5391,32,36,37,0.000172760816560699,41.3111512660504,1
5392,32,36,38,0.000345283139868029,41.311151266195,1
5393,32,36,39,0.000518017343148107,41.3111512667301,1
5394,32,36,40,0.000674688898284586,41.3111512661417,1
5395,32,37,38,0.000172522285274969,44.9661661722732,1
5396,32,37,39,0.000345256328870272,41.3111512662748,1
5397,32,37,40,0.000501927919981724,41.311151266162,1
5398,32,38,39,0.00017273392215747,41.3111512645728,1
5399,32,38,40,0.000329405583684712,41.3111512663994,1
5400,32,39,40,0.000156671842310092,0,0
5401,33,34,35,0.00015576970911407,41.3111512663118,1
5402,33,34,36,0.000325821134827913,44.9661661727008,1
5403,33,34,37,0.000498524996485937,41.3111512662912,1
5404,33,34,38,0.000670991009655742,41.3111512659325,1
5405,33,34,39,0.000843670300209027,41.3111512658179,1
5406,33,34,40,0.00100029024399747,41.3111512658655,1
5407,33,35,36,0.000170051356038111,0,0
5408,33,35,37,0.00034275573934464,0,0
5409,33,35,38,0.000515222238283839,0,0
5410,33,35,39,0.000687901903387652,41.3111512657816,1
5411,33,35,40,0.000844522352492312,41.311151266431,1
5412,33,36,37,0.00017270503003258,41.3111512650683,1
5413,33,36,38,0.000345172136422814,41.3111512659958,1
5414,33,36,39,0.000517852287657141,41.3111512662784,1
5415,33,36,40,0.000674473358463776,41.3111512659896,1
5416,33,37,38,0.000172467067407209,41.3111512663329,1
5417,33,37,39,0.000345147055634514,41.3111512660183,1
5418,33,37,40,0.000501768162195761,41.3111512662019,1
5419,33,38,39,0.000172679864422253,41.3111512659781,1
5420,33,38,40,0.000329301042041487,41.3111512660092,1
5421,33,39,40,0.000156621361195062,0,0
5422,34,35,36,3.86513398137377e-10,41.3111512660092,1
5423,34,35,37,1.81703635875074e-09,0,0
5424,34,35,38,3.78605375316813e-09,0,0
5425,34,35,39,5.17820467461991e-09,0,0
5426,34,35,40,7.12635567061155e-09,0,0
5427,34,36,37,5.03766396417579e-09,0,0
5428,34,36,38,9.58416979159331e-09,0,0
5429,34,36,39,1.29245821856331e-08,0,0
5430,34,36,40,1.73881231154576e-08,0,0
5431,34,37,38,4.28984142327761e-09,0,0
5432,34,37,39,6.73099317065719e-09,0,0
5433,34,37,40,1.11388965084547e-08,0,0
5434,34,38,39,1.79975751719874e-09,0,0
5435,34,38,40,6.3848611970424e-09,0,0
5436,34,39,40,5.34498650477415e-09,0,0
5437,35,36,37,2.83411448709315e-09,0,0
5438,35,36,38,5.41160328733966e-09,0,0
5439,35,36,39,7.3598650329027e-09,0,0
5440,35,36,40,9.87525536225251e-09,0,0
5441,35,37,38,2.32082411819848e-09,0,0
5442,35,37,39,3.36982458075592e-09,0,0
5443,35,37,40,5.82957669393062e-09,0,0
5444,35,38,39,4.07605839244886e-10,0,0
5445,35,38,40,3.04455798232398e-09,0,0
5446,35,39,40,3.39683513622354e-09,0,0
5447,36,37,38,2.56665027285104e-10,0,0
5448,36,37,39,1.15592698718523e-09,0,0
5449,36,37,40,1.21156599482792e-09,0,0
5450,36,38,39,1.540656991984e-09,0,0
5451,36,38,40,1.41909640760446e-09,0,0
5452,36,39,40,8.81443645544123e-10,0,0
5453,37,38,39,6.4139506604651e-10,0,0
5454,37,38,40,4.6419544157952e-10,0,0
5455,37,39,40,9.37082924305126e-10,0,0
5456,38,39,40,7.59883401278802e-10,0,0
5457,0,0,0,0,0,0
5458,0,0,0,0,0,0
5459,0,0,0,0,0,0
5460,0,0,0,0,0,0
5461,0,0,0,0,0,0
5462,0,0,0,0,0,0
5463,0,0,0,0,0,0
5464,0,0,0,0,0,0
5465,0,0,0,0,0,0
5466,0,0,0,0,0,0
5467,0,0,0,0,0,0
5468,0,0,0,0,0,0
5469,0,0,0,0,0,0
5470,0,0,0,0,0,0
5471,0,0,0,0,0,0
5472,0,0,0,0,0,0
5473,0,0,0,0,0,0
5474,0,0,0,0,0,0
5475,0,0,0,0,0,0
5476,0,0,0,0,0,0
5477,0,0,0,0,0,0
5478,0,0,0,0,0,0
5479,0,0,0,0,0,0
5480,0,0,0,0,0,0
5481,0,0,0,0,0,0
5482,0,0,0,0,0,0
5483,0,0,0,0,0,0
5484,0,0,0,0,0,0
5485,0,0,0,0,0,0
5486,0,0,0,0,0,0
5487,0,0,0,0,0,0
5488,0,0,0,0,0,0
5489,0,0,0,0,0,0
5490,0,0,0,0,0,0
5491,0,0,0,0,0,0
5492,0,0,0,0,0,0
5493,0,0,0,0,0,0
5494,0,0,0,0,0,0
5495,0,0,0,0,0,0
5496,0,0,0,0,0,0
5497,0,0,0,0,0,0
5498,0,0,0,0,0,0
5499,0,0,0,0,0,0
5500,0,0,0,0,0,0
5501,0,0,0,0,0,0
5502,0,0,0,0,0,0
5503,0,0,0,0,0,0
5504,0,0,0,0,0,0
5505,0,0,0,0,0,0
5506,0,0,0,0,0,0
5507,0,0,0,0,0,0
5508,0,0,0,0,0,0
5509,0,0,0,0,0,0
5510,0,0,0,0,0,0
5511,0,0,0,0,0,0
5512,0,0,0,0,0,0
5513,0,0,0,0,0,0
5514,0,0,0,0,0,0
5515,0,0,0,0,0,0
5516,0,0,0,0,0,0
5517,0,0,0,0,0,0
5518,0,0,0,0,0,0
5519,0,0,0,0,0,0
5520,0,0,0,0,0,0
5521,0,0,0,0,0,0
5522,0,0,0,0,0,0
5523,0,0,0,0,0,0
5524,0,0,0,0,0,0
5525,0,0,0,0,0,0
5526,0,0,0,0,0,0
5527,0,0,0,0,0,0
5528,0,0,0,0,0,0
5529,0,0,0,0,0,0
5530,0,0,0,0,0,0
5531,0,0,0,0,0,0
5532,0,0,0,0,0,0
5533,0,0,0,0,0,0
5534,0,0,0,0,0,0
5535,0,0,0,0,0,0
5536,0,0,0,0,0,0
5537,0,0,0,0,0,0
5538,0,0,0,0,0,0
5539,0,0,0,0,0,0
5540,0,0,0,0,0,0
5541,0,0,0,0,0,0
5542,0,0,0,0,0,0
5543,0,0,0,0,0,0
5544,0,0,0,0,0,0
5545,0,0,0,0,0,0
5546,0,0,0,0,0,0
5547,0,0,0,0,0,0
5548,0,0,0,0,0,0
5549,0,0,0,0,0,0
5550,0,0,0,0,0,0
5551,0,0,0,0,0,0
5552,0,0,0,0,0,0
5553,0,0,0,0,0,0
5554,0,0,0,0,0,0
5555,0,0,0,0,0,0
5556,0,0,0,0,0,0
5557,0,0,0,0,0,0
5558,0,0,0,0,0,0
5559,0,0,0,0,0,0
5560,0,0,0,0,0,0
5561,0,0,0,0,0,0
5562,0,0,0,0,0,0
5563,0,0,0,0,0,0
5564,0,0,0,0,0,0
5565,0,0,0,0,0,0
5566,0,0,0,0,0,0
5567,0,0,0,0,0,0
5568,0,0,0,0,0,0
5569,0,0,0,0,0,0
5570,0,0,0,0,0,0
5571,0,0,0,0,0,0
5572,0,0,0,0,0,0
5573,0,0,0,0,0,0
5574,0,0,0,0,0,0
5575,0,0,0,0,0,0
5576,0,0,0,0,0,0
5577,0,0,0,0,0,0
5578,0,0,0,0,0,0
5579,0,0,0,0,0,0
5580,0,0,0,0,0,0
5581,0,0,0,0,0,0
5582,0,0,0,0,0,0
5583,0,0,0,0,0,0
5584,0,0,0,0,0,0
5585,0,0,0,0,0,0
5586,0,0,0,0,0,0
5587,0,0,0,0,0,0
5588,0,0,0,0,0,0
5589,0,0,0,0,0,0
5590,0,0,0,0,0,0
5591,0,0,0,0,0,0
5592,0,0,0,0,0,0
5593,0,0,0,0,0,0
5594,0,0,0,0,0,0
5595,0,0,0,0,0,0
5596,0,0,0,0,0,0
5597,0,0,0,0,0,0
5598,0,0,0,0,0,0
5599,0,0,0,0,0,0
5600,0,0,0,0,0,0
5601,0,0,0,0,0,0
5602,0,0,0,0,0,0
5603,0,0,0,0,0,0
5604,0,0,0,0,0,0
5605,0,0,0,0,0,0
5606,0,0,0,0,0,0
5607,0,0,0,0,0,0
5608,0,0,0,0,0,0
5609,0,0,0,0,0,0
5610,0,0,0,0,0,0
5611,0,0,0,0,0,0
5612,0,0,0,0,0,0
5613,0,0,0,0,0,0
5614,0,0,0,0,0,0
5615,0,0,0,0,0,0
5616,0,0,0,0,0,0
5617,0,0,0,0,0,0
5618,0,0,0,0,0,0
5619,0,0,0,0,0,0
5620,0,0,0,0,0,0
5621,0,0,0,0,0,0
5622,0,0,0,0,0,0
5623,0,0,0,0,0,0
5624,0,0,0,0,0,0
5625,0,0,0,0,0,0
5626,0,0,0,0,0,0
5627,0,0,0,0,0,0
5628,0,0,0,0,0,0
5629,0,0,0,0,0,0
5630,0,0,0,0,0,0
5631,0,0,0,0,0,0
5632,0,0,0,0,0,0
5633,0,0,0,0,0,0
5634,0,0,0,0,0,0
5635,0,0,0,0,0,0
5636,0,0,0,0,0,0
5637,0,0,0,0,0,0
5638,0,0,0,0,0,0
5639,0,0,0,0,0,0
5640,0,0,0,0,0,0
5641,0,0,0,0,0,0
5642,0,0,0,0,0,0
5643,0,0,0,0,0,0
5644,0,0,0,0,0,0
5645,0,0,0,0,0,0
5646,0,0,0,0,0,0
5647,0,0,0,0,0,0
5648,0,0,0,0,0,0
5649,0,0,0,0,0,0
5650,0,0,0,0,0,0
5651,0,0,0,0,0,0
5652,0,0,0,0,0,0
5653,0,0,0,0,0,0
5654,0,0,0,0,0,0
5655,0,0,0,0,0,0
5656,0,0,0,0,0,0
5657,0,0,0,0,0,0
5658,0,0,0,0,0,0
5659,0,0,0,0,0,0
5660,0,0,0,0,0,0
5661,0,0,0,0,0,0
5662,0,0,0,0,0,0
5663,0,0,0,0,0,0
5664,0,0,0,0,0,0
5665,0,0,0,0,0,0
5666,0,0,0,0,0,0
5667,0,0,0,0,0,0
5668,0,0,0,0,0,0
5669,0,0,0,0,0,0
5670,0,0,0,0,0,0
5671,0,0,0,0,0,0
5672,0,0,0,0,0,0
5673,0,0,0,0,0,0
5674,0,0,0,0,0,0
5675,0,0,0,0,0,0
5676,0,0,0,0,0,0
5677,0,0,0,0,0,0
5678,0,0,0,0,0,0
5679,0,0,0,0,0,0
5680,0,0,0,0,0,0
5681,0,0,0,0,0,0
5682,0,0,0,0,0,0
5683,0,0,0,0,0,0
5684,0,0,0,0,0,0
5685,0,0,0,0,0,0
5686,0,0,0,0,0,0
5687,0,0,0,0,0,0
5688,0,0,0,0,0,0
5689,0,0,0,0,0,0
5690,0,0,0,0,0,0
5691,0,0,0,0,0,0
5692,0,0,0,0,0,0
5693,0,0,0,0,0,0
5694,0,0,0,0,0,0
5695,0,0,0,0,0,0
5696,0,0,0,0,0,0
5697,0,0,0,0,0,0
5698,0,0,0,0,0,0
5699,0,0,0,0,0,0
5700,0,0,0,0,0,0
5701,0,0,0,0,0,0
5702,0,0,0,0,0,0
5703,0,0,0,0,0,0
5704,0,0,0,0,0,0
5705,0,0,0,0,0,0
5706,0,0,0,0,0,0
5707,0,0,0,0,0,0
5708,0,0,0,0,0,0
5709,0,0,0,0,0,0
5710,0,0,0,0,0,0
5711,0,0,0,0,0,0
5712,0,0,0,0,0,0
5713,0,0,0,0,0,0
5714,0,0,0,0,0,0
5715,0,0,0,0,0,0
5716,0,0,0,0,0,0
5717,0,0,0,0,0,0
5718,0,0,0,0,0,0
5719,0,0,0,0,0,0
5720,0,0,0,0,0,0
5721,0,0,0,0,0,0
5722,0,0,0,0,0,0
5723,0,0,0,0,0,0
5724,0,0,0,0,0,0
5725,0,0,0,0,0,0
5726,0,0,0,0,0,0
5727,0,0,0,0,0,0
5728,0,0,0,0,0,0
5729,0,0,0,0,0,0
5730,0,0,0,0,0,0
5731,0,0,0,0,0,0
5732,0,0,0,0,0,0
5733,0,0,0,0,0,0
5734,0,0,0,0,0,0
5735,0,0,0,0,0,0
5736,0,0,0,0,0,0
5737,0,0,0,0,0,0
5738,0,0,0,0,0,0
5739,0,0,0,0,0,0
5740,0,0,0,0,0,0
5741,0,0,0,0,0,0
5742,0,0,0,0,0,0
5743,0,0,0,0,0,0
5744,0,0,0,0,0,0
5745,0,0,0,0,0,0
5746,0,0,0,0,0,0
5747,0,0,0,0,0,0
5748,0,0,0,0,0,0
5749,0,0,0,0,0,0
5750,0,0,0,0,0,0
5751,0,0,0,0,0,0
5752,0,0,0,0,0,0
5753,0,0,0,0,0,0
5754,0,0,0,0,0,0
5755,0,0,0,0,0,0
5756,0,0,0,0,0,0
5757,0,0,0,0,0,0
5758,0,0,0,0,0,0
5759,0,0,0,0,0,0
5760,0,0,0,0,0,0
5761,0,0,0,0,0,0
5762,0,0,0,0,0,0
5763,0,0,0,0,0,0
5764,0,0,0,0,0,0
5765,0,0,0,0,0,0
5766,0,0,0,0,0,0
5767,0,0,0,0,0,0
5768,0,0,0,0,0,0
5769,0,0,0,0,0,0
5770,0,0,0,0,0,0
5771,0,0,0,0,0,0
5772,0,0,0,0,0,0
5773,0,0,0,0,0,0
5774,0,0,0,0,0,0
5775,0,0,0,0,0,0
5776,0,0,0,0,0,0
5777,0,0,0,0,0,0
5778,0,0,0,0,0,0
5779,0,0,0,0,0,0
5780,0,0,0,0,0,0
5781,0,0,0,0,0,0
5782,0,0,0,0,0,0
5783,0,0,0,0,0,0
5784,0,0,0,0,0,0
5785,0,0,0,0,0,0
5786,0,0,0,0,0,0
5787,0,0,0,0,0,0
5788,0,0,0,0,0,0
5789,0,0,0,0,0,0
5790,0,0,0,0,0,0
5791,0,0,0,0,0,0
5792,0,0,0,0,0,0
5793,0,0,0,0,0,0
5794,0,0,0,0,0,0
5795,0,0,0,0,0,0
5796,0,0,0,0,0,0
5797,0,0,0,0,0,0
5798,0,0,0,0,0,0
5799,0,0,0,0,0,0
5800,0,0,0,0,0,0
5801,0,0,0,0,0,0
5802,0,0,0,0,0,0
5803,0,0,0,0,0,0
5804,0,0,0,0,0,0
5805,0,0,0,0,0,0
5806,0,0,0,0,0,0
5807,0,0,0,0,0,0
5808,0,0,0,0,0,0
5809,0,0,0,0,0,0
5810,0,0,0,0,0,0
5811,0,0,0,0,0,0
5812,0,0,0,0,0,0
5813,0,0,0,0,0,0
5814,0,0,0,0,0,0
5815,0,0,0,0,0,0
5816,0,0,0,0,0,0
5817,0,0,0,0,0,0
5818,0,0,0,0,0,0
5819,0,0,0,0,0,0
5820,0,0,0,0,0,0
5821,0,0,0,0,0,0
5822,0,0,0,0,0,0
5823,0,0,0,0,0,0
5824,0,0,0,0,0,0
5825,0,0,0,0,0,0
5826,0,0,0,0,0,0
5827,0,0,0,0,0,0
5828,0,0,0,0,0,0
5829,0,0,0,0,0,0
5830,0,0,0,0,0,0
5831,0,0,0,0,0,0
5832,0,0,0,0,0,0
5833,0,0,0,0,0,0
5834,0,0,0,0,0,0
5835,0,0,0,0,0,0
5836,0,0,0,0,0,0
5837,0,0,0,0,0,0
5838,0,0,0,0,0,0
5839,0,0,0,0,0,0
5840,0,0,0,0,0,0
5841,0,0,0,0,0,0
5842,0,0,0,0,0,0
5843,0,0,0,0,0,0
5844,0,0,0,0,0,0
5845,0,0,0,0,0,0
5846,0,0,0,0,0,0
5847,0,0,0,0,0,0
5848,0,0,0,0,0,0
5849,0,0,0,0,0,0
5850,0,0,0,0,0,0
5851,0,0,0,0,0,0
5852,0,0,0,0,0,0
5853,0,0,0,0,0,0
5854,0,0,0,0,0,0
5855,0,0,0,0,0,0
5856,0,0,0,0,0,0
5857,0,0,0,0,0,0
5858,0,0,0,0,0,0
5859,0,0,0,0,0,0
5860,0,0,0,0,0,0
5861,0,0,0,0,0,0
5862,0,0,0,0,0,0
5863,0,0,0,0,0,0
5864,0,0,0,0,0,0
5865,0,0,0,0,0,0
5866,0,0,0,0,0,0
5867,0,0,0,0,0,0
5868,0,0,0,0,0,0
5869,0,0,0,0,0,0
5870,0,0,0,0,0,0
5871,0,0,0,0,0,0
5872,0,0,0,0,0,0
5873,0,0,0,0,0,0
5874,0,0,0,0,0,0
5875,0,0,0,0,0,0
5876,0,0,0,0,0,0
5877,0,0,0,0,0,0
5878,0,0,0,0,0,0
5879,0,0,0,0,0,0
5880,0,0,0,0,0,0
5881,0,0,0,0,0,0
5882,0,0,0,0,0,0
5883,0,0,0,0,0,0
5884,0,0,0,0,0,0
5885,0,0,0,0,0,0
5886,0,0,0,0,0,0
5887,0,0,0,0,0,0
5888,0,0,0,0,0,0
5889,0,0,0,0,0,0
5890,0,0,0,0,0,0
5891,0,0,0,0,0,0
5892,0,0,0,0,0,0
5893,0,0,0,0,0,0
5894,0,0,0,0,0,0
5895,0,0,0,0,0,0
5896,0,0,0,0,0,0
5897,0,0,0,0,0,0
5898,0,0,0,0,0,0
5899,0,0,0,0,0,0
5900,0,0,0,0,0,0
5901,0,0,0,0,0,0
5902,0,0,0,0,0,0
5903,0,0,0,0,0,0
5904,0,0,0,0,0,0
5905,0,0,0,0,0,0
5906,0,0,0,0,0,0
5907,0,0,0,0,0,0
5908,0,0,0,0,0,0
5909,0,0,0,0,0,0
5910,0,0,0,0,0,0
5911,0,0,0,0,0,0
5912,0,0,0,0,0,0
5913,0,0,0,0,0,0
5914,0,0,0,0,0,0
5915,0,0,0,0,0,0
5916,0,0,0,0,0,0
5917,0,0,0,0,0,0
5918,0,0,0,0,0,0
5919,0,0,0,0,0,0
5920,0,0,0,0,0,0
5921,0,0,0,0,0,0
5922,0,0,0,0,0,0
5923,0,0,0,0,0,0
5924,0,0,0,0,0,0
5925,0,0,0,0,0,0
5926,0,0,0,0,0,0
5927,0,0,0,0,0,0
5928,0,0,0,0,0,0
5929,0,0,0,0,0,0
5930,0,0,0,0,0,0
5931,0,0,0,0,0,0
5932,0,0,0,0,0,0
5933,0,0,0,0,0,0
5934,0,0,0,0,0,0
5935,0,0,0,0,0,0
5936,0,0,0,0,0,0
5937,0,0,0,0,0,0
5938,0,0,0,0,0,0
5939,0,0,0,0,0,0
5940,0,0,0,0,0,0
5941,0,0,0,0,0,0
5942,0,0,0,0,0,0
5943,0,0,0,0,0,0
5944,0,0,0,0,0,0
5945,0,0,0,0,0,0
5946,0,0,0,0,0,0
5947,0,0,0,0,0,0
5948,0,0,0,0,0,0
5949,0,0,0,0,0,0
5950,0,0,0,0,0,0
5951,0,0,0,0,0,0
5952,0,0,0,0,0,0
5953,0,0,0,0,0,0
5954,0,0,0,0,0,0
5955,0,0,0,0,0,0
5956,0,0,0,0,0,0
5957,0,0,0,0,0,0
5958,0,0,0,0,0,0
5959,0,0,0,0,0,0
5960,0,0,0,0,0,0
5961,0,0,0,0,0,0
5962,0,0,0,0,0,0
5963,0,0,0,0,0,0
5964,0,0,0,0,0,0
5965,0,0,0,0,0,0
5966,0,0,0,0,0,0
5967,0,0,0,0,0,0
5968,0,0,0,0,0,0
5969,0,0,0,0,0,0
5970,0,0,0,0,0,0
5971,0,0,0,0,0,0
5972,0,0,0,0,0,0
5973,0,0,0,0,0,0
5974,0,0,0,0,0,0
5975,0,0,0,0,0,0
5976,0,0,0,0,0,0
5977,0,0,0,0,0,0
5978,0,0,0,0,0,0
5979,0,0,0,0,0,0
5980,0,0,0,0,0,0
5981,0,0,0,0,0,0
5982,0,0,0,0,0,0
5983,0,0,0,0,0,0
5984,0,0,0,0,0,0
5985,0,0,0,0,0,0
5986,0,0,0,0,0,0
5987,0,0,0,0,0,0
5988,0,0,0,0,0,0
5989,0,0,0,0,0,0
5990,0,0,0,0,0,0
5991,0,0,0,0,0,0
5992,0,0,0,0,0,0
5993,0,0,0,0,0,0
5994,0,0,0,0,0,0
5995,0,0,0,0,0,0
5996,0,0,0,0,0,0
5997,0,0,0,0,0,0
5998,0,0,0,0,0,0
5999,0,0,0,0,0,0
6000,0,0,0,0,0,0
6001,0,0,0,0,0,0
6002,0,0,0,0,0,0
6003,0,0,0,0,0,0
6004,0,0,0,0,0,0
6005,0,0,0,0,0,0
6006,0,0,0,0,0,0
6007,0,0,0,0,0,0
6008,0,0,0,0,0,0
6009,0,0,0,0,0,0
6010,0,0,0,0,0,0
6011,0,0,0,0,0,0
6012,0,0,0,0,0,0
6013,0,0,0,0,0,0
6014,0,0,0,0,0,0
6015,0,0,0,0,0,0
6016,0,0,0,0,0,0
6017,0,0,0,0,0,0
6018,0,0,0,0,0,0
6019,0,0,0,0,0,0
6020,0,0,0,0,0,0
6021,0,0,0,0,0,0
6022,0,0,0,0,0,0
6023,0,0,0,0,0,0
6024,0,0,0,0,0,0
6025,0,0,0,0,0,0
6026,0,0,0,0,0,0
6027,0,0,0,0,0,0
6028,0,0,0,0,0,0
6029,0,0,0,0,0,0
6030,0,0,0,0,0,0
6031,0,0,0,0,0,0
6032,0,0,0,0,0,0
6033,0,0,0,0,0,0
6034,0,0,0,0,0,0
6035,0,0,0,0,0,0
6036,0,0,0,0,0,0
6037,0,0,0,0,0,0
6038,0,0,0,0,0,0
6039,0,0,0,0,0,0
6040,0,0,0,0,0,0
6041,0,0,0,0,0,0
6042,0,0,0,0,0,0
6043,0,0,0,0,0,0
6044,0,0,0,0,0,0
6045,0,0,0,0,0,0
6046,0,0,0,0,0,0
6047,0,0,0,0,0,0
6048,0,0,0,0,0,0
6049,0,0,0,0,0,0
6050,0,0,0,0,0,0
6051,0,0,0,0,0,0
6052,0,0,0,0,0,0
6053,0,0,0,0,0,0
6054,0,0,0,0,0,0
6055,0,0,0,0,0,0
6056,0,0,0,0,0,0
6057,0,0,0,0,0,0
6058,0,0,0,0,0,0
6059,0,0,0,0,0,0
6060,0,0,0,0,0,0
6061,0,0,0,0,0,0
6062,0,0,0,0,0,0
6063,0,0,0,0,0,0
6064,0,0,0,0,0,0
6065,0,0,0,0,0,0
6066,0,0,0,0,0,0
6067,0,0,0,0,0,0
6068,0,0,0,0,0,0
6069,0,0,0,0,0,0
6070,0,0,0,0,0,0
6071,0,0,0,0,0,0
6072,0,0,0,0,0,0
6073,0,0,0,0,0,0
6074,0,0,0,0,0,0
6075,0,0,0,0,0,0
6076,0,0,0,0,0,0
6077,0,0,0,0,0,0
6078,0,0,0,0,0,0
6079,0,0,0,0,0,0
6080,0,0,0,0,0,0
6081,0,0,0,0,0,0
6082,0,0,0,0,0,0
6083,0,0,0,0,0,0
6084,0,0,0,0,0,0
6085,0,0,0,0,0,0
6086,0,0,0,0,0,0
6087,0,0,0,0,0,0
6088,0,0,0,0,0,0
6089,0,0,0,0,0,0
6090,0,0,0,0,0,0
6091,0,0,0,0,0,0
6092,0,0,0,0,0,0
6093,0,0,0,0,0,0
6094,0,0,0,0,0,0
6095,0,0,0,0,0,0
6096,0,0,0,0,0,0
6097,0,0,0,0,0,0
6098,0,0,0,0,0,0
6099,0,0,0,0,0,0
6100,0,0,0,0,0,0
6101,0,0,0,0,0,0
6102,0,0,0,0,0,0
6103,0,0,0,0,0,0
6104,0,0,0,0,0,0
6105,0,0,0,0,0,0
6106,0,0,0,0,0,0
6107,0,0,0,0,0,0
6108,0,0,0,0,0,0
6109,0,0,0,0,0,0
6110,0,0,0,0,0,0
6111,0,0,0,0,0,0
6112,0,0,0,0,0,0
6113,0,0,0,0,0,0
6114,0,0,0,0,0,0
6115,0,0,0,0,0,0
6116,0,0,0,0,0,0
6117,0,0,0,0,0,0
6118,0,0,0,0,0,0
6119,0,0,0,0,0,0
6120,0,0,0,0,0,0
6121,0,0,0,0,0,0
6122,0,0,0,0,0,0
6123,0,0,0,0,0,0
6124,0,0,0,0,0,0
6125,0,0,0,0,0,0
6126,0,0,0,0,0,0
6127,0,0,0,0,0,0
6128,0,0,0,0,0,0
6129,0,0,0,0,0,0
6130,0,0,0,0,0,0
6131,0,0,0,0,0,0
6132,0,0,0,0,0,0
6133,0,0,0,0,0,0
6134,0,0,0,0,0,0
6135,0,0,0,0,0,0
6136,0,0,0,0,0,0
6137,0,0,0,0,0,0
6138,0,0,0,0,0,0
6139,0,0,0,0,0,0
6140,0,0,0,0,0,0
6141,0,0,0,0,0,0
6142,0,0,0,0,0,0
6143,0,0,0,0,0,0
6144,0,0,0,0,0,0
6145,0,0,0,0,0,0
6146,0,0,0,0,0,0
6147,0,0,0,0,0,0
6148,0,0,0,0,0,0
6149,0,0,0,0,0,0
6150,0,0,0,0,0,0
6151,0,0,0,0,0,0
6152,0,0,0,0,0,0
6153,0,0,0,0,0,0
6154,0,0,0,0,0,0
6155,0,0,0,0,0,0
6156,0,0,0,0,0,0
6157,0,0,0,0,0,0
6158,0,0,0,0,0,0
6159,0,0,0,0,0,0
6160,0,0,0,0,0,0
6161,0,0,0,0,0,0
6162,0,0,0,0,0,0
6163,0,0,0,0,0,0
6164,0,0,0,0,0,0
6165,0,0,0,0,0,0
6166,0,0,0,0,0,0
6167,0,0,0,0,0,0
6168,0,0,0,0,0,0
6169,0,0,0,0,0,0
6170,0,0,0,0,0,0
6171,0,0,0,0,0,0
6172,0,0,0,0,0,0
6173,0,0,0,0,0,0
6174,0,0,0,0,0,0
6175,0,0,0,0,0,0
6176,0,0,0,0,0,0
6177,0,0,0,0,0,0
6178,0,0,0,0,0,0
6179,0,0,0,0,0,0
6180,0,0,0,0,0,0
6181,0,0,0,0,0,0
6182,0,0,0,0,0,0
6183,0,0,0,0,0,0
6184,0,0,0,0,0,0
6185,0,0,0,0,0,0
6186,0,0,0,0,0,0
6187,0,0,0,0,0,0
6188,0,0,0,0,0,0
6189,0,0,0,0,0,0
6190,0,0,0,0,0,0
6191,0,0,0,0,0,0
6192,0,0,0,0,0,0
6193,0,0,0,0,0,0
6194,0,0,0,0,0,0
6195,0,0,0,0,0,0
6196,0,0,0,0,0,0
6197,0,0,0,0,0,0
6198,0,0,0,0,0,0
6199,0,0,0,0,0,0
6200,0,0,0,0,0,0
6201,0,0,0,0,0,0
6202,0,0,0,0,0,0
6203,0,0,0,0,0,0
6204,0,0,0,0,0,0
6205,0,0,0,0,0,0
6206,0,0,0,0,0,0
6207,0,0,0,0,0,0
6208,0,0,0,0,0,0
6209,0,0,0,0,0,0
6210,0,0,0,0,0,0
6211,0,0,0,0,0,0
6212,0,0,0,0,0,0
6213,0,0,0,0,0,0
6214,0,0,0,0,0,0
6215,0,0,0,0,0,0
6216,0,0,0,0,0,0
6217,0,0,0,0,0,0
6218,0,0,0,0,0,0
6219,0,0,0,0,0,0
6220,0,0,0,0,0,0
6221,0,0,0,0,0,0
6222,0,0,0,0,0,0
6223,0,0,0,0,0,0
6224,0,0,0,0,0,0
6225,0,0,0,0,0,0
6226,0,0,0,0,0,0
6227,0,0,0,0,0,0
6228,0,0,0,0,0,0
6229,0,0,0,0,0,0
6230,0,0,0,0,0,0
6231,0,0,0,0,0,0
6232,0,0,0,0,0,0
6233,0,0,0,0,0,0
6234,0,0,0,0,0,0
6235,0,0,0,0,0,0
6236,0,0,0,0,0,0
6237,0,0,0,0,0,0
6238,0,0,0,0,0,0
6239,0,0,0,0,0,0
6240,0,0,0,0,0,0
6241,0,0,0,0,0,0
6242,0,0,0,0,0,0
6243,0,0,0,0,0,0
6244,0,0,0,0,0,0
6245,0,0,0,0,0,0
6246,0,0,0,0,0,0
6247,0,0,0,0,0,0
6248,0,0,0,0,0,0
6249,0,0,0,0,0,0
6250,0,0,0,0,0,0
6251,0,0,0,0,0,0
6252,0,0,0,0,0,0
6253,0,0,0,0,0,0
6254,0,0,0,0,0,0
6255,0,0,0,0,0,0
6256,0,0,0,0,0,0
6257,0,0,0,0,0,0
6258,0,0,0,0,0,0
6259,0,0,0,0,0,0
6260,0,0,0,0,0,0
6261,0,0,0,0,0,0
6262,0,0,0,0,0,0
6263,0,0,0,0,0,0
6264,0,0,0,0,0,0
6265,0,0,0,0,0,0
6266,0,0,0,0,0,0
6267,0,0,0,0,0,0
6268,0,0,0,0,0,0
6269,0,0,0,0,0,0
6270,0,0,0,0,0,0
6271,0,0,0,0,0,0
6272,0,0,0,0,0,0
6273,0,0,0,0,0,0
6274,0,0,0,0,0,0
6275,0,0,0,0,0,0
6276,0,0,0,0,0,0
6277,0,0,0,0,0,0
6278,0,0,0,0,0,0
6279,0,0,0,0,0,0
6280,0,0,0,0,0,0
6281,0,0,0,0,0,0
6282,0,0,0,0,0,0
6283,0,0,0,0,0,0
6284,0,0,0,0,0,0
6285,0,0,0,0,0,0
6286,0,0,0,0,0,0
6287,0,0,0,0,0,0
6288,0,0,0,0,0,0
6289,0,0,0,0,0,0
6290,0,0,0,0,0,0
6291,0,0,0,0,0,0
6292,0,0,0,0,0,0
6293,0,0,0,0,0,0
6294,0,0,0,0,0,0
6295,0,0,0,0,0,0
6296,0,0,0,0,0,0
6297,0,0,0,0,0,0
6298,0,0,0,0,0,0
6299,0,0,0,0,0,0
6300,0,0,0,0,0,0
6301,0,0,0,0,0,0
6302,0,0,0,0,0,0
6303,0,0,0,0,0,0
6304,0,0,0,0,0,0
6305,0,0,0,0,0,0
6306,0,0,0,0,0,0
6307,0,0,0,0,0,0
6308,0,0,0,0,0,0
6309,0,0,0,0,0,0
6310,0,0,0,0,0,0
6311,0,0,0,0,0,0
6312,0,0,0,0,0,0
6313,0,0,0,0,0,0
6314,0,0,0,0,0,0
6315,0,0,0,0,0,0
6316,0,0,0,0,0,0
6317,0,0,0,0,0,0
6318,0,0,0,0,0,0
6319,0,0,0,0,0,0
6320,0,0,0,0,0,0
6321,0,0,0,0,0,0
6322,0,0,0,0,0,0
6323,0,0,0,0,0,0
6324,0,0,0,0,0,0
6325,0,0,0,0,0,0
6326,0,0,0,0,0,0
6327,0,0,0,0,0,0
6328,0,0,0,0,0,0
6329,0,0,0,0,0,0
6330,0,0,0,0,0,0
6331,0,0,0,0,0,0
6332,0,0,0,0,0,0
6333,0,0,0,0,0,0
6334,0,0,0,0,0,0
6335,0,0,0,0,0,0
6336,0,0,0,0,0,0
6337,0,0,0,0,0,0
6338,0,0,0,0,0,0
6339,0,0,0,0,0,0
6340,0,0,0,0,0,0
6341,0,0,0,0,0,0
6342,0,0,0,0,0,0
6343,0,0,0,0,0,0
6344,0,0,0,0,0,0
6345,0,0,0,0,0,0
6346,0,0,0,0,0,0
6347,0,0,0,0,0,0
6348,0,0,0,0,0,0
6349,0,0,0,0,0,0
6350,0,0,0,0,0,0
6351,0,0,0,0,0,0
6352,0,0,0,0,0,0
6353,0,0,0,0,0,0
6354,0,0,0,0,0,0
6355,0,0,0,0,0,0
6356,0,0,0,0,0,0
6357,0,0,0,0,0,0
6358,0,0,0,0,0,0
6359,0,0,0,0,0,0
6360,0,0,0,0,0,0
6361,0,0,0,0,0,0
6362,0,0,0,0,0,0
6363,0,0,0,0,0,0
6364,0,0,0,0,0,0
6365,0,0,0,0,0,0
6366,0,0,0,0,0,0
6367,0,0,0,0,0,0
6368,0,0,0,0,0,0
6369,0,0,0,0,0,0
6370,0,0,0,0,0,0
6371,0,0,0,0,0,0
6372,0,0,0,0,0,0
6373,0,0,0,0,0,0
6374,0,0,0,0,0,0
6375,0,0,0,0,0,0
6376,0,0,0,0,0,0
6377,0,0,0,0,0,0
6378,0,0,0,0,0,0
6379,0,0,0,0,0,0
6380,0,0,0,0,0,0
6381,0,0,0,0,0,0
6382,0,0,0,0,0,0
6383,0,0,0,0,0,0
6384,0,0,0,0,0,0
6385,0,0,0,0,0,0
6386,0,0,0,0,0,0
6387,0,0,0,0,0,0
6388,0,0,0,0,0,0
6389,0,0,0,0,0,0
6390,0,0,0,0,0,0
6391,0,0,0,0,0,0
6392,0,0,0,0,0,0
6393,0,0,0,0,0,0
6394,0,0,0,0,0,0
6395,0,0,0,0,0,0
6396,0,0,0,0,0,0
6397,0,0,0,0,0,0
6398,0,0,0,0,0,0
6399,0,0,0,0,0,0
6400,0,0,0,0,0,0
6401,0,0,0,0,0,0
6402,0,0,0,0,0,0
6403,0,0,0,0,0,0
6404,0,0,0,0,0,0
6405,0,0,0,0,0,0
6406,0,0,0,0,0,0
6407,0,0,0,0,0,0
6408,0,0,0,0,0,0
6409,0,0,0,0,0,0
6410,0,0,0,0,0,0
6411,0,0,0,0,0,0
6412,0,0,0,0,0,0
6413,0,0,0,0,0,0
6414,0,0,0,0,0,0
6415,0,0,0,0,0,0
6416,0,0,0,0,0,0
6417,0,0,0,0,0,0
6418,0,0,0,0,0,0
6419,0,0,0,0,0,0
6420,0,0,0,0,0,0
6421,0,0,0,0,0,0
6422,0,0,0,0,0,0
6423,0,0,0,0,0,0
6424,0,0,0,0,0,0
6425,0,0,0,0,0,0
6426,0,0,0,0,0,0
6427,0,0,0,0,0,0
6428,0,0,0,0,0,0
6429,0,0,0,0,0,0
6430,0,0,0,0,0,0
6431,0,0,0,0,0,0
6432,0,0,0,0,0,0
6433,0,0,0,0,0,0
6434,0,0,0,0,0,0
6435,0,0,0,0,0,0
6436,0,0,0,0,0,0
6437,0,0,0,0,0,0
6438,0,0,0,0,0,0
6439,0,0,0,0,0,0
6440,0,0,0,0,0,0
6441,0,0,0,0,0,0
6442,0,0,0,0,0,0
6443,0,0,0,0,0,0
6444,0,0,0,0,0,0
6445,0,0,0,0,0,0
6446,0,0,0,0,0,0
6447,0,0,0,0,0,0
6448,0,0,0,0,0,0
6449,0,0,0,0,0,0
6450,0,0,0,0,0,0
6451,0,0,0,0,0,0
6452,0,0,0,0,0,0
6453,0,0,0,0,0,0
6454,0,0,0,0,0,0
6455,0,0,0,0,0,0
6456,0,0,0,0,0,0
6457,0,0,0,0,0,0
6458,0,0,0,0,0,0
6459,0,0,0,0,0,0
6460,0,0,0,0,0,0
6461,0,0,0,0,0,0
6462,0,0,0,0,0,0
6463,0,0,0,0,0,0
6464,0,0,0,0,0,0
6465,0,0,0,0,0,0
6466,0,0,0,0,0,0
6467,0,0,0,0,0,0
6468,0,0,0,0,0,0
6469,0,0,0,0,0,0
6470,0,0,0,0,0,0
6471,0,0,0,0,0,0
6472,0,0,0,0,0,0
6473,0,0,0,0,0,0
6474,0,0,0,0,0,0
6475,0,0,0,0,0,0
6476,0,0,0,0,0,0
6477,0,0,0,0,0,0
6478,0,0,0,0,0,0
6479,0,0,0,0,0,0
6480,0,0,0,0,0,0
6481,0,0,0,0,0,0
6482,0,0,0,0,0,0
6483,0,0,0,0,0,0
6484,0,0,0,0,0,0
6485,0,0,0,0,0,0
6486,0,0,0,0,0,0
6487,0,0,0,0,0,0
6488,0,0,0,0,0,0
6489,0,0,0,0,0,0
6490,0,0,0,0,0,0
6491,0,0,0,0,0,0
6492,0,0,0,0,0,0
6493,0,0,0,0,0,0
6494,0,0,0,0,0,0
6495,0,0,0,0,0,0
6496,0,0,0,0,0,0
6497,0,0,0,0,0,0
6498,0,0,0,0,0,0
6499,0,0,0,0,0,0
6500,0,0,0,0,0,0
6501,0,0,0,0,0,0
6502,0,0,0,0,0,0
6503,0,0,0,0,0,0
6504,0,0,0,0,0,0
6505,0,0,0,0,0,0
6506,0,0,0,0,0,0
6507,0,0,0,0,0,0
6508,0,0,0,0,0,0
6509,0,0,0,0,0,0
6510,0,0,0,0,0,0
6511,0,0,0,0,0,0
6512,0,0,0,0,0,0
6513,0,0,0,0,0,0
6514,0,0,0,0,0,0
6515,0,0,0,0,0,0
6516,0,0,0,0,0,0
6517,0,0,0,0,0,0
6518,0,0,0,0,0,0
6519,0,0,0,0,0,0
6520,0,0,0,0,0,0
6521,0,0,0,0,0,0
6522,0,0,0,0,0,0
6523,0,0,0,0,0,0
6524,0,0,0,0,0,0
6525,0,0,0,0,0,0
6526,0,0,0,0,0,0
6527,0,0,0,0,0,0
6528,0,0,0,0,0,0
6529,0,0,0,0,0,0
6530,0,0,0,0,0,0
6531,0,0,0,0,0,0
6532,0,0,0,0,0,0
6533,0,0,0,0,0,0
6534,0,0,0,0,0,0
6535,0,0,0,0,0,0
6536,0,0,0,0,0,0
6537,0,0,0,0,0,0
6538,0,0,0,0,0,0
6539,0,0,0,0,0,0
6540,0,0,0,0,0,0
6541,0,0,0,0,0,0
6542,0,0,0,0,0,0
6543,0,0,0,0,0,0
6544,0,0,0,0,0,0
6545,0,0,0,0,0,0
6546,0,0,0,0,0,0
6547,0,0,0,0,0,0
6548,0,0,0,0,0,0
6549,0,0,0,0,0,0
6550,0,0,0,0,0,0
6551,0,0,0,0,0,0
6552,0,0,0,0,0,0
6553,0,0,0,0,0,0
6554,0,0,0,0,0,0
6555,0,0,0,0,0,0
6556,0,0,0,0,0,0
6557,0,0,0,0,0,0
6558,0,0,0,0,0,0
6559,0,0,0,0,0,0
6560,0,0,0,0,0,0
6561,0,0,0,0,0,0
6562,0,0,0,0,0,0
6563,0,0,0,0,0,0
6564,0,0,0,0,0,0
6565,0,0,0,0,0,0
6566,0,0,0,0,0,0
6567,0,0,0,0,0,0
6568,0,0,0,0,0,0
6569,0,0,0,0,0,0
6570,0,0,0,0,0,0
6571,0,0,0,0,0,0
6572,0,0,0,0,0,0
6573,0,0,0,0,0,0
6574,0,0,0,0,0,0
6575,0,0,0,0,0,0
6576,0,0,0,0,0,0
6577,0,0,0,0,0,0
6578,0,0,0,0,0,0
6579,0,0,0,0,0,0
6580,0,0,0,0,0,0
6581,0,0,0,0,0,0
6582,0,0,0,0,0,0
6583,0,0,0,0,0,0
6584,0,0,0,0,0,0
6585,0,0,0,0,0,0
6586,0,0,0,0,0,0
6587,0,0,0,0,0,0
6588,0,0,0,0,0,0
6589,0,0,0,0,0,0
6590,0,0,0,0,0,0
6591,0,0,0,0,0,0
6592,0,0,0,0,0,0
6593,0,0,0,0,0,0
6594,0,0,0,0,0,0
6595,0,0,0,0,0,0
6596,0,0,0,0,0,0
6597,0,0,0,0,0,0
6598,0,0,0,0,0,0
6599,0,0,0,0,0,0
6600,0,0,0,0,0,0
6601,0,0,0,0,0,0
6602,0,0,0,0,0,0
6603,0,0,0,0,0,0
6604,0,0,0,0,0,0
6605,0,0,0,0,0,0
6606,0,0,0,0,0,0
6607,0,0,0,0,0,0
6608,0,0,0,0,0,0
6609,0,0,0,0,0,0
6610,0,0,0,0,0,0
6611,0,0,0,0,0,0
6612,0,0,0,0,0,0
6613,0,0,0,0,0,0
6614,0,0,0,0,0,0
6615,0,0,0,0,0,0
6616,0,0,0,0,0,0
6617,0,0,0,0,0,0
6618,0,0,0,0,0,0
6619,0,0,0,0,0,0
6620,0,0,0,0,0,0
6621,0,0,0,0,0,0
6622,0,0,0,0,0,0
6623,0,0,0,0,0,0
6624,0,0,0,0,0,0
6625,0,0,0,0,0,0
6626,0,0,0,0,0,0
6627,0,0,0,0,0,0
6628,0,0,0,0,0,0
6629,0,0,0,0,0,0
6630,0,0,0,0,0,0
6631,0,0,0,0,0,0
6632,0,0,0,0,0,0
6633,0,0,0,0,0,0
6634,0,0,0,0,0,0
6635,0,0,0,0,0,0
6636,0,0,0,0,0,0
6637,0,0,0,0,0,0
6638,0,0,0,0,0,0
6639,0,0,0,0,0,0
6640,0,0,0,0,0,0
6641,0,0,0,0,0,0
6642,0,0,0,0,0,0
6643,0,0,0,0,0,0
6644,0,0,0,0,0,0
6645,0,0,0,0,0,0
6646,0,0,0,0,0,0
6647,0,0,0,0,0,0
6648,0,0,0,0,0,0
6649,0,0,0,0,0,0
6650,0,0,0,0,0,0
6651,0,0,0,0,0,0
6652,0,0,0,0,0,0
6653,0,0,0,0,0,0
6654,0,0,0,0,0,0
6655,0,0,0,0,0,0
6656,0,0,0,0,0,0
6657,0,0,0,0,0,0
6658,0,0,0,0,0,0
6659,0,0,0,0,0,0
6660,0,0,0,0,0,0
6661,0,0,0,0,0,0
6662,0,0,0,0,0,0
6663,0,0,0,0,0,0
6664,0,0,0,0,0,0
6665,0,0,0,0,0,0
6666,0,0,0,0,0,0
6667,0,0,0,0,0,0
6668,0,0,0,0,0,0
6669,0,0,0,0,0,0
6670,0,0,0,0,0,0
6671,0,0,0,0,0,0
6672,0,0,0,0,0,0
6673,0,0,0,0,0,0
6674,0,0,0,0,0,0
6675,0,0,0,0,0,0
6676,0,0,0,0,0,0
6677,0,0,0,0,0,0
6678,0,0,0,0,0,0
6679,0,0,0,0,0,0
6680,0,0,0,0,0,0
6681,0,0,0,0,0,0
6682,0,0,0,0,0,0
6683,0,0,0,0,0,0
6684,0,0,0,0,0,0
6685,0,0,0,0,0,0
6686,0,0,0,0,0,0
6687,0,0,0,0,0,0
6688,0,0,0,0,0,0
6689,0,0,0,0,0,0
6690,0,0,0,0,0,0
6691,0,0,0,0,0,0
6692,0,0,0,0,0,0
6693,0,0,0,0,0,0
6694,0,0,0,0,0,0
6695,0,0,0,0,0,0
6696,0,0,0,0,0,0
6697,0,0,0,0,0,0
6698,0,0,0,0,0,0
6699,0,0,0,0,0,0
6700,0,0,0,0,0,0
6701,0,0,0,0,0,0
6702,0,0,0,0,0,0
6703,0,0,0,0,0,0
6704,0,0,0,0,0,0
6705,0,0,0,0,0,0
6706,0,0,0,0,0,0
6707,0,0,0,0,0,0
6708,0,0,0,0,0,0
6709,0,0,0,0,0,0
6710,0,0,0,0,0,0
6711,0,0,0,0,0,0
6712,0,0,0,0,0,0
6713,0,0,0,0,0,0
6714,0,0,0,0,0,0
6715,0,0,0,0,0,0
6716,0,0,0,0,0,0
6717,0,0,0,0,0,0
6718,0,0,0,0,0,0
6719,0,0,0,0,0,0
6720,0,0,0,0,0,0
6721,0,0,0,0,0,0
6722,0,0,0,0,0,0
6723,0,0,0,0,0,0
6724,0,0,0,0,0,0
6725,0,0,0,0,0,0
6726,0,0,0,0,0,0
6727,0,0,0,0,0,0
6728,0,0,0,0,0,0
6729,0,0,0,0,0,0
6730,0,0,0,0,0,0
6731,0,0,0,0,0,0
6732,0,0,0,0,0,0
6733,0,0,0,0,0,0
6734,0,0,0,0,0,0
6735,0,0,0,0,0,0
6736,0,0,0,0,0,0
6737,0,0,0,0,0,0
6738,0,0,0,0,0,0
6739,0,0,0,0,0,0
6740,0,0,0,0,0,0
6741,0,0,0,0,0,0
6742,0,0,0,0,0,0
6743,0,0,0,0,0,0
6744,0,0,0,0,0,0
6745,0,0,0,0,0,0
6746,0,0,0,0,0,0
6747,0,0,0,0,0,0
6748,0,0,0,0,0,0
6749,0,0,0,0,0,0
6750,0,0,0,0,0,0
6751,0,0,0,0,0,0
6752,0,0,0,0,0,0
6753,0,0,0,0,0,0
6754,0,0,0,0,0,0
6755,0,0,0,0,0,0
6756,0,0,0,0,0,0
6757,0,0,0,0,0,0
6758,0,0,0,0,0,0
6759,0,0,0,0,0,0
6760,0,0,0,0,0,0
6761,0,0,0,0,0,0
6762,0,0,0,0,0,0
6763,0,0,0,0,0,0
6764,0,0,0,0,0,0
6765,0,0,0,0,0,0
6766,0,0,0,0,0,0
6767,0,0,0,0,0,0
6768,0,0,0,0,0,0
6769,0,0,0,0,0,0
6770,0,0,0,0,0,0
6771,0,0,0,0,0,0
6772,0,0,0,0,0,0
6773,0,0,0,0,0,0
6774,0,0,0,0,0,0
6775,0,0,0,0,0,0
6776,0,0,0,0,0,0
6777,0,0,0,0,0,0
6778,0,0,0,0,0,0
6779,0,0,0,0,0,0
6780,0,0,0,0,0,0
6781,0,0,0,0,0,0
6782,0,0,0,0,0,0
6783,0,0,0,0,0,0
6784,0,0,0,0,0,0
6785,0,0,0,0,0,0
6786,0,0,0,0,0,0
6787,0,0,0,0,0,0
6788,0,0,0,0,0,0
6789,0,0,0,0,0,0
6790,0,0,0,0,0,0
6791,0,0,0,0,0,0
6792,0,0,0,0,0,0
6793,0,0,0,0,0,0
6794,0,0,0,0,0,0
6795,0,0,0,0,0,0
6796,0,0,0,0,0,0
6797,0,0,0,0,0,0
6798,0,0,0,0,0,0
6799,0,0,0,0,0,0
6800,0,0,0,0,0,0
6801,0,0,0,0,0,0
6802,0,0,0,0,0,0
6803,0,0,0,0,0,0
6804,0,0,0,0,0,0
6805,0,0,0,0,0,0
6806,0,0,0,0,0,0
6807,0,0,0,0,0,0
6808,0,0,0,0,0,0
6809,0,0,0,0,0,0
6810,0,0,0,0,0,0
6811,0,0,0,0,0,0
6812,0,0,0,0,0,0
6813,0,0,0,0,0,0
6814,0,0,0,0,0,0
6815,0,0,0,0,0,0
6816,0,0,0,0,0,0
6817,0,0,0,0,0,0
6818,0,0,0,0,0,0
6819,0,0,0,0,0,0
6820,0,0,0,0,0,0
6821,0,0,0,0,0,0
6822,0,0,0,0,0,0
6823,0,0,0,0,0,0
6824,0,0,0,0,0,0
6825,0,0,0,0,0,0
6826,0,0,0,0,0,0
6827,0,0,0,0,0,0
6828,0,0,0,0,0,0
6829,0,0,0,0,0,0
6830,0,0,0,0,0,0
6831,0,0,0,0,0,0
6832,0,0,0,0,0,0
6833,0,0,0,0,0,0
6834,0,0,0,0,0,0
6835,0,0,0,0,0,0
6836,0,0,0,0,0,0
6837,0,0,0,0,0,0
6838,0,0,0,0,0,0
6839,0,0,0,0,0,0
6840,0,0,0,0,0,0
6841,0,0,0,0,0,0
6842,0,0,0,0,0,0
6843,0,0,0,0,0,0
6844,0,0,0,0,0,0
6845,0,0,0,0,0,0
6846,0,0,0,0,0,0
6847,0,0,0,0,0,0
6848,0,0,0,0,0,0
6849,0,0,0,0,0,0
6850,0,0,0,0,0,0
6851,0,0,0,0,0,0
6852,0,0,0,0,0,0
6853,0,0,0,0,0,0
6854,0,0,0,0,0,0
6855,0,0,0,0,0,0
6856,0,0,0,0,0,0
6857,0,0,0,0,0,0
6858,0,0,0,0,0,0
6859,0,0,0,0,0,0
6860,0,0,0,0,0,0
6861,0,0,0,0,0,0
6862,0,0,0,0,0,0
6863,0,0,0,0,0,0
6864,0,0,0,0,0,0
6865,0,0,0,0,0,0
6866,0,0,0,0,0,0
6867,0,0,0,0,0,0
6868,0,0,0,0,0,0
6869,0,0,0,0,0,0
6870,0,0,0,0,0,0
6871,0,0,0,0,0,0
6872,0,0,0,0,0,0
6873,0,0,0,0,0,0
6874,0,0,0,0,0,0
6875,0,0,0,0,0,0
6876,0,0,0,0,0,0
6877,0,0,0,0,0,0
6878,0,0,0,0,0,0
6879,0,0,0,0,0,0
6880,0,0,0,0,0,0
6881,0,0,0,0,0,0
6882,0,0,0,0,0,0
6883,0,0,0,0,0,0
6884,0,0,0,0,0,0
6885,0,0,0,0,0,0
6886,0,0,0,0,0,0
6887,0,0,0,0,0,0
6888,0,0,0,0,0,0
6889,0,0,0,0,0,0
6890,0,0,0,0,0,0
6891,0,0,0,0,0,0
6892,0,0,0,0,0,0
6893,0,0,0,0,0,0
6894,0,0,0,0,0,0
6895,0,0,0,0,0,0
6896,0,0,0,0,0,0
6897,0,0,0,0,0,0
6898,0,0,0,0,0,0
6899,0,0,0,0,0,0
6900,0,0,0,0,0,0
6901,0,0,0,0,0,0
6902,0,0,0,0,0,0
6903,0,0,0,0,0,0
6904,0,0,0,0,0,0
6905,0,0,0,0,0,0
6906,0,0,0,0,0,0
6907,0,0,0,0,0,0
6908,0,0,0,0,0,0
6909,0,0,0,0,0,0
6910,0,0,0,0,0,0
6911,0,0,0,0,0,0
6912,0,0,0,0,0,0
6913,0,0,0,0,0,0
6914,0,0,0,0,0,0
6915,0,0,0,0,0,0
6916,0,0,0,0,0,0
6917,0,0,0,0,0,0
6918,0,0,0,0,0,0
6919,0,0,0,0,0,0
6920,0,0,0,0,0,0
6921,0,0,0,0,0,0
6922,0,0,0,0,0,0
6923,0,0,0,0,0,0
6924,0,0,0,0,0,0
6925,0,0,0,0,0,0
6926,0,0,0,0,0,0
6927,0,0,0,0,0,0
6928,0,0,0,0,0,0
6929,0,0,0,0,0,0
6930,0,0,0,0,0,0
6931,0,0,0,0,0,0
6932,0,0,0,0,0,0
6933,0,0,0,0,0,0
6934,0,0,0,0,0,0
6935,0,0,0,0,0,0
6936,0,0,0,0,0,0
6937,0,0,0,0,0,0
6938,0,0,0,0,0,0
6939,0,0,0,0,0,0
6940,0,0,0,0,0,0
6941,0,0,0,0,0,0
6942,0,0,0,0,0,0
6943,0,0,0,0,0,0
6944,0,0,0,0,0,0
6945,0,0,0,0,0,0
6946,0,0,0,0,0,0
6947,0,0,0,0,0,0
6948,0,0,0,0,0,0
6949,0,0,0,0,0,0
6950,0,0,0,0,0,0
6951,0,0,0,0,0,0
6952,0,0,0,0,0,0
6953,0,0,0,0,0,0
6954,0,0,0,0,0,0
6955,0,0,0,0,0,0
6956,0,0,0,0,0,0
6957,0,0,0,0,0,0
6958,0,0,0,0,0,0
6959,0,0,0,0,0,0
6960,0,0,0,0,0,0
6961,0,0,0,0,0,0
6962,0,0,0,0,0,0
6963,0,0,0,0,0,0
6964,0,0,0,0,0,0
6965,0,0,0,0,0,0
6966,0,0,0,0,0,0
6967,0,0,0,0,0,0
6968,0,0,0,0,0,0
6969,0,0,0,0,0,0
6970,0,0,0,0,0,0
6971,0,0,0,0,0,0
6972,0,0,0,0,0,0
6973,0,0,0,0,0,0
6974,0,0,0,0,0,0
6975,0,0,0,0,0,0
6976,0,0,0,0,0,0
6977,0,0,0,0,0,0
6978,0,0,0,0,0,0
6979,0,0,0,0,0,0
6980,0,0,0,0,0,0
6981,0,0,0,0,0,0
6982,0,0,0,0,0,0
6983,0,0,0,0,0,0
6984,0,0,0,0,0,0
6985,0,0,0,0,0,0
6986,0,0,0,0,0,0
6987,0,0,0,0,0,0
6988,0,0,0,0,0,0
6989,0,0,0,0,0,0
6990,0,0,0,0,0,0
6991,0,0,0,0,0,0
6992,0,0,0,0,0,0
6993,0,0,0,0,0,0
6994,0,0,0,0,0,0
6995,0,0,0,0,0,0
6996,0,0,0,0,0,0
6997,0,0,0,0,0,0
6998,0,0,0,0,0,0
6999,0,0,0,0,0,0
7000,0,0,0,0,0,0
7001,0,0,0,0,0,0
7002,0,0,0,0,0,0
7003,0,0,0,0,0,0
7004,0,0,0,0,0,0
7005,0,0,0,0,0,0
7006,0,0,0,0,0,0
7007,0,0,0,0,0,0
7008,0,0,0,0,0,0
7009,0,0,0,0,0,0
7010,0,0,0,0,0,0
7011,0,0,0,0,0,0
7012,0,0,0,0,0,0
7013,0,0,0,0,0,0
7014,0,0,0,0,0,0
7015,0,0,0,0,0,0
7016,0,0,0,0,0,0
7017,0,0,0,0,0,0
7018,0,0,0,0,0,0
7019,0,0,0,0,0,0
7020,0,0,0,0,0,0
7021,0,0,0,0,0,0
7022,0,0,0,0,0,0
7023,0,0,0,0,0,0
7024,0,0,0,0,0,0
7025,0,0,0,0,0,0
7026,0,0,0,0,0,0
7027,0,0,0,0,0,0
7028,0,0,0,0,0,0
7029,0,0,0,0,0,0
7030,0,0,0,0,0,0
7031,0,0,0,0,0,0
7032,0,0,0,0,0,0
7033,0,0,0,0,0,0
7034,0,0,0,0,0,0
7035,0,0,0,0,0,0
7036,0,0,0,0,0,0
7037,0,0,0,0,0,0
7038,0,0,0,0,0,0
7039,0,0,0,0,0,0
7040,0,0,0,0,0,0
7041,0,0,0,0,0,0
7042,0,0,0,0,0,0
7043,0,0,0,0,0,0
7044,0,0,0,0,0,0
7045,0,0,0,0,0,0
7046,0,0,0,0,0,0
7047,0,0,0,0,0,0
7048,0,0,0,0,0,0
7049,0,0,0,0,0,0
7050,0,0,0,0,0,0
7051,0,0,0,0,0,0
7052,0,0,0,0,0,0
7053,0,0,0,0,0,0
7054,0,0,0,0,0,0
7055,0,0,0,0,0,0
7056,0,0,0,0,0,0
7057,0,0,0,0,0,0
7058,0,0,0,0,0,0
7059,0,0,0,0,0,0
7060,0,0,0,0,0,0
7061,0,0,0,0,0,0
7062,0,0,0,0,0,0
7063,0,0,0,0,0,0
7064,0,0,0,0,0,0
7065,0,0,0,0,0,0
7066,0,0,0,0,0,0
7067,0,0,0,0,0,0
7068,0,0,0,0,0,0
7069,0,0,0,0,0,0
7070,0,0,0,0,0,0
7071,0,0,0,0,0,0
7072,0,0,0,0,0,0
7073,0,0,0,0,0,0
7074,0,0,0,0,0,0
7075,0,0,0,0,0,0
7076,0,0,0,0,0,0
7077,0,0,0,0,0,0
7078,0,0,0,0,0,0
7079,0,0,0,0,0,0
7080,0,0,0,0,0,0
7081,0,0,0,0,0,0
7082,0,0,0,0,0,0
7083,0,0,0,0,0,0
7084,0,0,0,0,0,0
7085,0,0,0,0,0,0
7086,0,0,0,0,0,0
7087,0,0,0,0,0,0
7088,0,0,0,0,0,0
7089,0,0,0,0,0,0
7090,0,0,0,0,0,0
7091,0,0,0,0,0,0
7092,0,0,0,0,0,0
7093,0,0,0,0,0,0
7094,0,0,0,0,0,0
7095,0,0,0,0,0,0
7096,0,0,0,0,0,0
7097,0,0,0,0,0,0
7098,0,0,0,0,0,0
7099,0,0,0,0,0,0
7100,0,0,0,0,0,0
7101,0,0,0,0,0,0
7102,0,0,0,0,0,0
7103,0,0,0,0,0,0
7104,0,0,0,0,0,0
7105,0,0,0,0,0,0
7106,0,0,0,0,0,0
7107,0,0,0,0,0,0
7108,0,0,0,0,0,0
7109,0,0,0,0,0,0
7110,0,0,0,0,0,0
7111,0,0,0,0,0,0
7112,0,0,0,0,0,0
7113,0,0,0,0,0,0
7114,0,0,0,0,0,0
7115,0,0,0,0,0,0
7116,0,0,0,0,0,0
7117,0,0,0,0,0,0
7118,0,0,0,0,0,0
7119,0,0,0,0,0,0
7120,0,0,0,0,0,0
7121,0,0,0,0,0,0
7122,0,0,0,0,0,0
7123,0,0,0,0,0,0
7124,0,0,0,0,0,0
7125,0,0,0,0,0,0
7126,0,0,0,0,0,0
7127,0,0,0,0,0,0
7128,0,0,0,0,0,0
7129,0,0,0,0,0,0
7130,0,0,0,0,0,0
7131,0,0,0,0,0,0
7132,0,0,0,0,0,0
7133,0,0,0,0,0,0
7134,0,0,0,0,0,0
7135,0,0,0,0,0,0
7136,0,0,0,0,0,0
7137,0,0,0,0,0,0
7138,0,0,0,0,0,0
7139,0,0,0,0,0,0
7140,0,0,0,0,0,0
7141,0,0,0,0,0,0
7142,0,0,0,0,0,0
7143,0,0,0,0,0,0
7144,0,0,0,0,0,0
7145,0,0,0,0,0,0
7146,0,0,0,0,0,0
7147,0,0,0,0,0,0
7148,0,0,0,0,0,0
7149,0,0,0,0,0,0
7150,0,0,0,0,0,0
7151,0,0,0,0,0,0
7152,0,0,0,0,0,0
7153,0,0,0,0,0,0
7154,0,0,0,0,0,0
7155,0,0,0,0,0,0
7156,0,0,0,0,0,0
7157,0,0,0,0,0,0
7158,0,0,0,0,0,0
7159,0,0,0,0,0,0
7160,0,0,0,0,0,0
7161,0,0,0,0,0,0
7162,0,0,0,0,0,0
7163,0,0,0,0,0,0
7164,0,0,0,0,0,0
7165,0,0,0,0,0,0
7166,0,0,0,0,0,0
7167,0,0,0,0,0,0
7168,0,0,0,0,0,0
7169,0,0,0,0,0,0
7170,0,0,0,0,0,0
7171,0,0,0,0,0,0
7172,0,0,0,0,0,0
7173,0,0,0,0,0,0
7174,0,0,0,0,0,0
7175,0,0,0,0,0,0
7176,0,0,0,0,0,0
7177,0,0,0,0,0,0
7178,0,0,0,0,0,0
7179,0,0,0,0,0,0
7180,0,0,0,0,0,0
7181,0,0,0,0,0,0
7182,0,0,0,0,0,0
7183,0,0,0,0,0,0
7184,0,0,0,0,0,0
7185,0,0,0,0,0,0
7186,0,0,0,0,0,0
7187,0,0,0,0,0,0
7188,0,0,0,0,0,0
7189,0,0,0,0,0,0
7190,0,0,0,0,0,0
7191,0,0,0,0,0,0
7192,0,0,0,0,0,0
7193,0,0,0,0,0,0
7194,0,0,0,0,0,0
7195,0,0,0,0,0,0
7196,0,0,0,0,0,0
7197,0,0,0,0,0,0
7198,0,0,0,0,0,0
7199,0,0,0,0,0,0
7200,0,0,0,0,0,0
7201,0,0,0,0,0,0
7202,0,0,0,0,0,0
7203,0,0,0,0,0,0
7204,0,0,0,0,0,0
7205,0,0,0,0,0,0
7206,0,0,0,0,0,0
7207,0,0,0,0,0,0
7208,0,0,0,0,0,0
7209,0,0,0,0,0,0
7210,0,0,0,0,0,0
7211,0,0,0,0,0,0
7212,0,0,0,0,0,0
7213,0,0,0,0,0,0
7214,0,0,0,0,0,0
7215,0,0,0,0,0,0
7216,0,0,0,0,0,0
7217,0,0,0,0,0,0
7218,0,0,0,0,0,0
7219,0,0,0,0,0,0
7220,0,0,0,0,0,0
7221,0,0,0,0,0,0
7222,0,0,0,0,0,0
7223,0,0,0,0,0,0
7224,0,0,0,0,0,0
7225,0,0,0,0,0,0
7226,0,0,0,0,0,0
7227,0,0,0,0,0,0
7228,0,0,0,0,0,0
7229,0,0,0,0,0,0
7230,0,0,0,0,0,0
7231,0,0,0,0,0,0
7232,0,0,0,0,0,0
7233,0,0,0,0,0,0
7234,0,0,0,0,0,0
7235,0,0,0,0,0,0
7236,0,0,0,0,0,0
7237,0,0,0,0,0,0
7238,0,0,0,0,0,0
7239,0,0,0,0,0,0
7240,0,0,0,0,0,0
7241,0,0,0,0,0,0
7242,0,0,0,0,0,0
7243,0,0,0,0,0,0
7244,0,0,0,0,0,0
7245,0,0,0,0,0,0
7246,0,0,0,0,0,0
7247,0,0,0,0,0,0
7248,0,0,0,0,0,0
7249,0,0,0,0,0,0
7250,0,0,0,0,0,0
7251,0,0,0,0,0,0
7252,0,0,0,0,0,0
7253,0,0,0,0,0,0
7254,0,0,0,0,0,0
7255,0,0,0,0,0,0
7256,0,0,0,0,0,0
7257,0,0,0,0,0,0
7258,0,0,0,0,0,0
7259,0,0,0,0,0,0
7260,0,0,0,0,0,0
7261,0,0,0,0,0,0
7262,0,0,0,0,0,0
7263,0,0,0,0,0,0
7264,0,0,0,0,0,0
7265,0,0,0,0,0,0
7266,0,0,0,0,0,0
7267,0,0,0,0,0,0
7268,0,0,0,0,0,0
7269,0,0,0,0,0,0
7270,0,0,0,0,0,0
7271,0,0,0,0,0,0
7272,0,0,0,0,0,0
7273,0,0,0,0,0,0
7274,0,0,0,0,0,0
7275,0,0,0,0,0,0
7276,0,0,0,0,0,0
7277,0,0,0,0,0,0
7278,0,0,0,0,0,0
7279,0,0,0,0,0,0
7280,0,0,0,0,0,0
7281,0,0,0,0,0,0
7282,0,0,0,0,0,0
7283,0,0,0,0,0,0
7284,0,0,0,0,0,0
7285,0,0,0,0,0,0
7286,0,0,0,0,0,0
7287,0,0,0,0,0,0
7288,0,0,0,0,0,0
7289,0,0,0,0,0,0
7290,0,0,0,0,0,0
7291,0,0,0,0,0,0
7292,0,0,0,0,0,0
7293,0,0,0,0,0,0
7294,0,0,0,0,0,0
7295,0,0,0,0,0,0
7296,0,0,0,0,0,0
7297,0,0,0,0,0,0
7298,0,0,0,0,0,0
7299,0,0,0,0,0,0
7300,0,0,0,0,0,0
7301,0,0,0,0,0,0
7302,0,0,0,0,0,0
7303,0,0,0,0,0,0
7304,0,0,0,0,0,0
7305,0,0,0,0,0,0
7306,0,0,0,0,0,0
7307,0,0,0,0,0,0
7308,0,0,0,0,0,0
7309,0,0,0,0,0,0
7310,0,0,0,0,0,0
7311,0,0,0,0,0,0
7312,0,0,0,0,0,0
7313,0,0,0,0,0,0
7314,0,0,0,0,0,0
7315,0,0,0,0,0,0
7316,0,0,0,0,0,0
7317,0,0,0,0,0,0
7318,0,0,0,0,0,0
7319,0,0,0,0,0,0
7320,0,0,0,0,0,0
7321,0,0,0,0,0,0
7322,0,0,0,0,0,0
7323,0,0,0,0,0,0
7324,0,0,0,0,0,0
7325,0,0,0,0,0,0
7326,0,0,0,0,0,0
7327,0,0,0,0,0,0
7328,0,0,0,0,0,0
7329,0,0,0,0,0,0
7330,0,0,0,0,0,0
7331,0,0,0,0,0,0
7332,0,0,0,0,0,0
7333,0,0,0,0,0,0
7334,0,0,0,0,0,0
7335,0,0,0,0,0,0
7336,0,0,0,0,0,0
7337,0,0,0,0,0,0
7338,0,0,0,0,0,0
7339,0,0,0,0,0,0
7340,0,0,0,0,0,0
7341,0,0,0,0,0,0
7342,0,0,0,0,0,0
7343,0,0,0,0,0,0
7344,0,0,0,0,0,0
7345,0,0,0,0,0,0
7346,0,0,0,0,0,0
7347,0,0,0,0,0,0
7348,0,0,0,0,0,0
7349,0,0,0,0,0,0
7350,0,0,0,0,0,0
7351,0,0,0,0,0,0
7352,0,0,0,0,0,0
7353,0,0,0,0,0,0
7354,0,0,0,0,0,0
7355,0,0,0,0,0,0
7356,0,0,0,0,0,0
7357,0,0,0,0,0,0
7358,0,0,0,0,0,0
7359,0,0,0,0,0,0
7360,0,0,0,0,0,0
7361,0,0,0,0,0,0
7362,0,0,0,0,0,0
7363,0,0,0,0,0,0
7364,0,0,0,0,0,0
7365,0,0,0,0,0,0
7366,0,0,0,0,0,0
7367,0,0,0,0,0,0
7368,0,0,0,0,0,0
7369,0,0,0,0,0,0
7370,0,0,0,0,0,0
7371,0,0,0,0,0,0
7372,0,0,0,0,0,0
7373,0,0,0,0,0,0
7374,0,0,0,0,0,0
7375,0,0,0,0,0,0
7376,0,0,0,0,0,0
7377,0,0,0,0,0,0
7378,0,0,0,0,0,0
7379,0,0,0,0,0,0
7380,0,0,0,0,0,0
7381,0,0,0,0,0,0
7382,0,0,0,0,0,0
7383,0,0,0,0,0,0
7384,0,0,0,0,0,0
7385,0,0,0,0,0,0
7386,0,0,0,0,0,0
7387,0,0,0,0,0,0
7388,0,0,0,0,0,0
7389,0,0,0,0,0,0
7390,0,0,0,0,0,0
7391,0,0,0,0,0,0
7392,0,0,0,0,0,0
7393,0,0,0,0,0,0
7394,0,0,0,0,0,0
7395,0,0,0,0,0,0
7396,0,0,0,0,0,0
7397,0,0,0,0,0,0
7398,0,0,0,0,0,0
7399,0,0,0,0,0,0
7400,0,0,0,0,0,0
7401,0,0,0,0,0,0
7402,0,0,0,0,0,0
7403,0,0,0,0,0,0
7404,0,0,0,0,0,0
7405,0,0,0,0,0,0
7406,0,0,0,0,0,0
7407,0,0,0,0,0,0
7408,0,0,0,0,0,0
7409,0,0,0,0,0,0
7410,0,0,0,0,0,0
7411,0,0,0,0,0,0
7412,0,0,0,0,0,0
7413,0,0,0,0,0,0
7414,0,0,0,0,0,0
7415,0,0,0,0,0,0
7416,0,0,0,0,0,0
7417,0,0,0,0,0,0
7418,0,0,0,0,0,0
7419,0,0,0,0,0,0
7420,0,0,0,0,0,0
7421,0,0,0,0,0,0
7422,0,0,0,0,0,0
7423,0,0,0,0,0,0
7424,0,0,0,0,0,0
7425,0,0,0,0,0,0
7426,0,0,0,0,0,0
7427,0,0,0,0,0,0
7428,0,0,0,0,0,0
7429,0,0,0,0,0,0
7430,0,0,0,0,0,0
7431,0,0,0,0,0,0
7432,0,0,0,0,0,0
7433,0,0,0,0,0,0
7434,0,0,0,0,0,0
7435,0,0,0,0,0,0
7436,0,0,0,0,0,0
7437,0,0,0,0,0,0
7438,0,0,0,0,0,0
7439,0,0,0,0,0,0
7440,0,0,0,0,0,0
7441,0,0,0,0,0,0
7442,0,0,0,0,0,0
7443,0,0,0,0,0,0
7444,0,0,0,0,0,0
7445,0,0,0,0,0,0
7446,0,0,0,0,0,0
7447,0,0,0,0,0,0
7448,0,0,0,0,0,0
7449,0,0,0,0,0,0
7450,0,0,0,0,0,0
7451,0,0,0,0,0,0
7452,0,0,0,0,0,0
7453,0,0,0,0,0,0
7454,0,0,0,0,0,0
7455,0,0,0,0,0,0
7456,0,0,0,0,0,0
7457,0,0,0,0,0,0
7458,0,0,0,0,0,0
7459,0,0,0,0,0,0
7460,0,0,0,0,0,0
7461,0,0,0,0,0,0
7462,0,0,0,0,0,0
7463,0,0,0,0,0,0
7464,0,0,0,0,0,0
7465,0,0,0,0,0,0
7466,0,0,0,0,0,0
7467,0,0,0,0,0,0
7468,0,0,0,0,0,0
7469,0,0,0,0,0,0
7470,0,0,0,0,0,0
7471,0,0,0,0,0,0
7472,0,0,0,0,0,0
7473,0,0,0,0,0,0
7474,0,0,0,0,0,0
7475,0,0,0,0,0,0
7476,0,0,0,0,0,0
7477,0,0,0,0,0,0
7478,0,0,0,0,0,0
7479,0,0,0,0,0,0
7480,0,0,0,0,0,0
7481,0,0,0,0,0,0
7482,0,0,0,0,0,0
7483,0,0,0,0,0,0
7484,0,0,0,0,0,0
7485,0,0,0,0,0,0
7486,0,0,0,0,0,0
7487,0,0,0,0,0,0
7488,0,0,0,0,0,0
7489,0,0,0,0,0,0
7490,0,0,0,0,0,0
7491,0,0,0,0,0,0
7492,0,0,0,0,0,0
7493,0,0,0,0,0,0
7494,0,0,0,0,0,0
7495,0,0,0,0,0,0
7496,0,0,0,0,0,0
7497,0,0,0,0,0,0
7498,0,0,0,0,0,0
7499,0,0,0,0,0,0
7500,0,0,0,0,0,0
7501,0,0,0,0,0,0
7502,0,0,0,0,0,0
7503,0,0,0,0,0,0
7504,0,0,0,0,0,0
7505,0,0,0,0,0,0
7506,0,0,0,0,0,0
7507,0,0,0,0,0,0
7508,0,0,0,0,0,0
7509,0,0,0,0,0,0
7510,0,0,0,0,0,0
7511,0,0,0,0,0,0
7512,0,0,0,0,0,0
7513,0,0,0,0,0,0
7514,0,0,0,0,0,0
7515,0,0,0,0,0,0
7516,0,0,0,0,0,0
7517,0,0,0,0,0,0
7518,0,0,0,0,0,0
7519,0,0,0,0,0,0
7520,0,0,0,0,0,0
7521,0,0,0,0,0,0
7522,0,0,0,0,0,0
7523,0,0,0,0,0,0
7524,0,0,0,0,0,0
7525,0,0,0,0,0,0
7526,0,0,0,0,0,0
7527,0,0,0,0,0,0
7528,0,0,0,0,0,0
7529,0,0,0,0,0,0
7530,0,0,0,0,0,0
7531,0,0,0,0,0,0
7532,0,0,0,0,0,0
7533,0,0,0,0,0,0
7534,0,0,0,0,0,0
7535,0,0,0,0,0,0
7536,0,0,0,0,0,0
7537,0,0,0,0,0,0
7538,0,0,0,0,0,0
7539,0,0,0,0,0,0
7540,0,0,0,0,0,0
7541,0,0,0,0,0,0
7542,0,0,0,0,0,0
7543,0,0,0,0,0,0
7544,0,0,0,0,0,0
7545,0,0,0,0,0,0
7546,0,0,0,0,0,0
7547,0,0,0,0,0,0
7548,0,0,0,0,0,0
7549,0,0,0,0,0,0
7550,0,0,0,0,0,0
7551,0,0,0,0,0,0
7552,0,0,0,0,0,0
7553,0,0,0,0,0,0
7554,0,0,0,0,0,0
7555,0,0,0,0,0,0
7556,0,0,0,0,0,0
7557,0,0,0,0,0,0
7558,0,0,0,0,0,0
7559,0,0,0,0,0,0
7560,0,0,0,0,0,0
7561,0,0,0,0,0,0
7562,0,0,0,0,0,0
7563,0,0,0,0,0,0
7564,0,0,0,0,0,0
7565,0,0,0,0,0,0
7566,0,0,0,0,0,0
7567,0,0,0,0,0,0
7568,0,0,0,0,0,0
7569,0,0,0,0,0,0
7570,0,0,0,0,0,0
7571,0,0,0,0,0,0
7572,0,0,0,0,0,0
7573,0,0,0,0,0,0
7574,0,0,0,0,0,0
7575,0,0,0,0,0,0
7576,0,0,0,0,0,0
7577,0,0,0,0,0,0
7578,0,0,0,0,0,0
7579,0,0,0,0,0,0
7580,0,0,0,0,0,0
7581,0,0,0,0,0,0
7582,0,0,0,0,0,0
7583,0,0,0,0,0,0
7584,0,0,0,0,0,0
7585,0,0,0,0,0,0
7586,0,0,0,0,0,0
7587,0,0,0,0,0,0
7588,0,0,0,0,0,0
7589,0,0,0,0,0,0
7590,0,0,0,0,0,0
7591,0,0,0,0,0,0
7592,0,0,0,0,0,0
7593,0,0,0,0,0,0
7594,0,0,0,0,0,0
7595,0,0,0,0,0,0
7596,0,0,0,0,0,0
7597,0,0,0,0,0,0
7598,0,0,0,0,0,0
7599,0,0,0,0,0,0
7600,0,0,0,0,0,0
7601,0,0,0,0,0,0
7602,0,0,0,0,0,0
7603,0,0,0,0,0,0
7604,0,0,0,0,0,0
7605,0,0,0,0,0,0
7606,0,0,0,0,0,0
7607,0,0,0,0,0,0
7608,0,0,0,0,0,0
7609,0,0,0,0,0,0
7610,0,0,0,0,0,0
7611,0,0,0,0,0,0
7612,0,0,0,0,0,0
7613,0,0,0,0,0,0
7614,0,0,0,0,0,0
7615,0,0,0,0,0,0
7616,0,0,0,0,0,0
7617,0,0,0,0,0,0
7618,0,0,0,0,0,0
7619,0,0,0,0,0,0
7620,0,0,0,0,0,0
7621,0,0,0,0,0,0
7622,0,0,0,0,0,0
7623,0,0,0,0,0,0
7624,0,0,0,0,0,0
7625,0,0,0,0,0,0
7626,0,0,0,0,0,0
7627,0,0,0,0,0,0
7628,0,0,0,0,0,0
7629,0,0,0,0,0,0
7630,0,0,0,0,0,0
7631,0,0,0,0,0,0
7632,0,0,0,0,0,0
7633,0,0,0,0,0,0
7634,0,0,0,0,0,0
7635,0,0,0,0,0,0
7636,0,0,0,0,0,0
7637,0,0,0,0,0,0
7638,0,0,0,0,0,0
7639,0,0,0,0,0,0
7640,0,0,0,0,0,0
7641,0,0,0,0,0,0
7642,0,0,0,0,0,0
7643,0,0,0,0,0,0
7644,0,0,0,0,0,0
7645,0,0,0,0,0,0
7646,0,0,0,0,0,0
7647,0,0,0,0,0,0
7648,0,0,0,0,0,0
7649,0,0,0,0,0,0
7650,0,0,0,0,0,0
7651,0,0,0,0,0,0
7652,0,0,0,0,0,0
7653,0,0,0,0,0,0
7654,0,0,0,0,0,0
7655,0,0,0,0,0,0
7656,0,0,0,0,0,0
7657,0,0,0,0,0,0
7658,0,0,0,0,0,0
7659,0,0,0,0,0,0
7660,0,0,0,0,0,0
7661,0,0,0,0,0,0
7662,0,0,0,0,0,0
7663,0,0,0,0,0,0
7664,0,0,0,0,0,0
7665,0,0,0,0,0,0
7666,0,0,0,0,0,0
7667,0,0,0,0,0,0
7668,0,0,0,0,0,0
7669,0,0,0,0,0,0
7670,0,0,0,0,0,0
7671,0,0,0,0,0,0
7672,0,0,0,0,0,0
7673,0,0,0,0,0,0
7674,0,0,0,0,0,0
7675,0,0,0,0,0,0
7676,0,0,0,0,0,0
7677,0,0,0,0,0,0
7678,0,0,0,0,0,0
7679,0,0,0,0,0,0
7680,0,0,0,0,0,0
7681,0,0,0,0,0,0
7682,0,0,0,0,0,0
7683,0,0,0,0,0,0
7684,0,0,0,0,0,0
7685,0,0,0,0,0,0
7686,0,0,0,0,0,0
7687,0,0,0,0,0,0
7688,0,0,0,0,0,0
7689,0,0,0,0,0,0
7690,0,0,0,0,0,0
7691,0,0,0,0,0,0
7692,0,0,0,0,0,0
7693,0,0,0,0,0,0
7694,0,0,0,0,0,0
7695,0,0,0,0,0,0
7696,0,0,0,0,0,0
7697,0,0,0,0,0,0
7698,0,0,0,0,0,0
7699,0,0,0,0,0,0
7700,0,0,0,0,0,0
7701,0,0,0,0,0,0
7702,0,0,0,0,0,0
7703,0,0,0,0,0,0
7704,0,0,0,0,0,0
7705,0,0,0,0,0,0
7706,0,0,0,0,0,0
7707,0,0,0,0,0,0
7708,0,0,0,0,0,0
7709,0,0,0,0,0,0
7710,0,0,0,0,0,0
7711,0,0,0,0,0,0
7712,0,0,0,0,0,0
7713,0,0,0,0,0,0
7714,0,0,0,0,0,0
7715,0,0,0,0,0,0
7716,0,0,0,0,0,0
7717,0,0,0,0,0,0
7718,0,0,0,0,0,0
7719,0,0,0,0,0,0
7720,0,0,0,0,0,0
7721,0,0,0,0,0,0
7722,0,0,0,0,0,0
7723,0,0,0,0,0,0
7724,0,0,0,0,0,0
7725,0,0,0,0,0,0
7726,0,0,0,0,0,0
7727,0,0,0,0,0,0
7728,0,0,0,0,0,0
7729,0,0,0,0,0,0
7730,0,0,0,0,0,0
7731,0,0,0,0,0,0
7732,0,0,0,0,0,0
7733,0,0,0,0,0,0
7734,0,0,0,0,0,0
7735,0,0,0,0,0,0
7736,0,0,0,0,0,0
7737,0,0,0,0,0,0
7738,0,0,0,0,0,0
7739,0,0,0,0,0,0
7740,0,0,0,0,0,0
7741,0,0,0,0,0,0
7742,0,0,0,0,0,0
7743,0,0,0,0,0,0
7744,0,0,0,0,0,0
7745,0,0,0,0,0,0
7746,0,0,0,0,0,0
7747,0,0,0,0,0,0
7748,0,0,0,0,0,0
7749,0,0,0,0,0,0
7750,0,0,0,0,0,0
7751,0,0,0,0,0,0
7752,0,0,0,0,0,0
7753,0,0,0,0,0,0
7754,0,0,0,0,0,0
7755,0,0,0,0,0,0
7756,0,0,0,0,0,0
7757,0,0,0,0,0,0
7758,0,0,0,0,0,0
7759,0,0,0,0,0,0
7760,0,0,0,0,0,0
7761,0,0,0,0,0,0
7762,0,0,0,0,0,0
7763,0,0,0,0,0,0
7764,0,0,0,0,0,0
7765,0,0,0,0,0,0
7766,0,0,0,0,0,0
7767,0,0,0,0,0,0
7768,0,0,0,0,0,0
7769,0,0,0,0,0,0
7770,0,0,0,0,0,0
7771,0,0,0,0,0,0
7772,0,0,0,0,0,0
7773,0,0,0,0,0,0
7774,0,0,0,0,0,0
7775,0,0,0,0,0,0
7776,0,0,0,0,0,0
7777,0,0,0,0,0,0
7778,0,0,0,0,0,0
7779,0,0,0,0,0,0
7780,0,0,0,0,0,0
7781,0,0,0,0,0,0
7782,0,0,0,0,0,0
7783,0,0,0,0,0,0
7784,0,0,0,0,0,0
7785,0,0,0,0,0,0
7786,0,0,0,0,0,0
7787,0,0,0,0,0,0
7788,0,0,0,0,0,0
7789,0,0,0,0,0,0
7790,0,0,0,0,0,0
7791,0,0,0,0,0,0
7792,0,0,0,0,0,0
7793,0,0,0,0,0,0
7794,0,0,0,0,0,0
7795,0,0,0,0,0,0
7796,0,0,0,0,0,0
7797,0,0,0,0,0,0
7798,0,0,0,0,0,0
7799,0,0,0,0,0,0
7800,0,0,0,0,0,0
7801,0,0,0,0,0,0
7802,0,0,0,0,0,0
7803,0,0,0,0,0,0
7804,0,0,0,0,0,0
7805,0,0,0,0,0,0
7806,0,0,0,0,0,0
7807,0,0,0,0,0,0
7808,0,0,0,0,0,0
7809,0,0,0,0,0,0
7810,0,0,0,0,0,0
7811,0,0,0,0,0,0
7812,0,0,0,0,0,0
7813,0,0,0,0,0,0
7814,0,0,0,0,0,0
7815,0,0,0,0,0,0
7816,0,0,0,0,0,0
7817,0,0,0,0,0,0
7818,0,0,0,0,0,0
7819,0,0,0,0,0,0
7820,0,0,0,0,0,0
7821,0,0,0,0,0,0
7822,0,0,0,0,0,0
7823,0,0,0,0,0,0
7824,0,0,0,0,0,0
7825,0,0,0,0,0,0
7826,0,0,0,0,0,0
7827,0,0,0,0,0,0
7828,0,0,0,0,0,0
7829,0,0,0,0,0,0
7830,0,0,0,0,0,0
7831,0,0,0,0,0,0
7832,0,0,0,0,0,0
7833,0,0,0,0,0,0
7834,0,0,0,0,0,0
7835,0,0,0,0,0,0
7836,0,0,0,0,0,0
7837,0,0,0,0,0,0
7838,0,0,0,0,0,0
7839,0,0,0,0,0,0
7840,0,0,0,0,0,0
7841,0,0,0,0,0,0
7842,0,0,0,0,0,0
7843,0,0,0,0,0,0
7844,0,0,0,0,0,0
7845,0,0,0,0,0,0
7846,0,0,0,0,0,0
7847,0,0,0,0,0,0
7848,0,0,0,0,0,0
7849,0,0,0,0,0,0
7850,0,0,0,0,0,0
7851,0,0,0,0,0,0
7852,0,0,0,0,0,0
7853,0,0,0,0,0,0
7854,0,0,0,0,0,0
7855,0,0,0,0,0,0
7856,0,0,0,0,0,0
7857,0,0,0,0,0,0
7858,0,0,0,0,0,0
7859,0,0,0,0,0,0
7860,0,0,0,0,0,0
7861,0,0,0,0,0,0
7862,0,0,0,0,0,0
7863,0,0,0,0,0,0
7864,0,0,0,0,0,0
7865,0,0,0,0,0,0
7866,0,0,0,0,0,0
7867,0,0,0,0,0,0
7868,0,0,0,0,0,0
7869,0,0,0,0,0,0
7870,0,0,0,0,0,0
7871,0,0,0,0,0,0
7872,0,0,0,0,0,0
7873,0,0,0,0,0,0
7874,0,0,0,0,0,0
7875,0,0,0,0,0,0
7876,0,0,0,0,0,0
7877,0,0,0,0,0,0
7878,0,0,0,0,0,0
7879,0,0,0,0,0,0
7880,0,0,0,0,0,0
7881,0,0,0,0,0,0
7882,0,0,0,0,0,0
7883,0,0,0,0,0,0
7884,0,0,0,0,0,0
7885,0,0,0,0,0,0
7886,0,0,0,0,0,0
7887,0,0,0,0,0,0
7888,0,0,0,0,0,0
7889,0,0,0,0,0,0
7890,0,0,0,0,0,0
7891,0,0,0,0,0,0
7892,0,0,0,0,0,0
7893,0,0,0,0,0,0
7894,0,0,0,0,0,0
7895,0,0,0,0,0,0
7896,0,0,0,0,0,0
7897,0,0,0,0,0,0
7898,0,0,0,0,0,0
7899,0,0,0,0,0,0
7900,0,0,0,0,0,0
7901,0,0,0,0,0,0
7902,0,0,0,0,0,0
7903,0,0,0,0,0,0
7904,0,0,0,0,0,0
7905,0,0,0,0,0,0
7906,0,0,0,0,0,0
7907,0,0,0,0,0,0
7908,0,0,0,0,0,0
7909,0,0,0,0,0,0
7910,0,0,0,0,0,0
7911,0,0,0,0,0,0
7912,0,0,0,0,0,0
7913,0,0,0,0,0,0
7914,0,0,0,0,0,0
7915,0,0,0,0,0,0
7916,0,0,0,0,0,0
7917,0,0,0,0,0,0
7918,0,0,0,0,0,0
7919,0,0,0,0,0,0
7920,0,0,0,0,0,0
7921,0,0,0,0,0,0
7922,0,0,0,0,0,0
7923,0,0,0,0,0,0
7924,0,0,0,0,0,0
7925,0,0,0,0,0,0
7926,0,0,0,0,0,0
7927,0,0,0,0,0,0
7928,0,0,0,0,0,0
7929,0,0,0,0,0,0
7930,0,0,0,0,0,0
7931,0,0,0,0,0,0
7932,0,0,0,0,0,0
7933,0,0,0,0,0,0
7934,0,0,0,0,0,0
7935,0,0,0,0,0,0
7936,0,0,0,0,0,0
7937,0,0,0,0,0,0
7938,0,0,0,0,0,0
7939,0,0,0,0,0,0
7940,0,0,0,0,0,0
7941,0,0,0,0,0,0
7942,0,0,0,0,0,0
7943,0,0,0,0,0,0
7944,0,0,0,0,0,0
7945,0,0,0,0,0,0
7946,0,0,0,0,0,0
7947,0,0,0,0,0,0
7948,0,0,0,0,0,0
7949,0,0,0,0,0,0
7950,0,0,0,0,0,0
7951,0,0,0,0,0,0
7952,0,0,0,0,0,0
7953,0,0,0,0,0,0
7954,0,0,0,0,0,0
7955,0,0,0,0,0,0
7956,0,0,0,0,0,0
7957,0,0,0,0,0,0
7958,0,0,0,0,0,0
7959,0,0,0,0,0,0
7960,0,0,0,0,0,0
7961,0,0,0,0,0,0
7962,0,0,0,0,0,0
7963,0,0,0,0,0,0
7964,0,0,0,0,0,0
7965,0,0,0,0,0,0
7966,0,0,0,0,0,0
7967,0,0,0,0,0,0
7968,0,0,0,0,0,0
7969,0,0,0,0,0,0
7970,0,0,0,0,0,0
7971,0,0,0,0,0,0
7972,0,0,0,0,0,0
7973,0,0,0,0,0,0
7974,0,0,0,0,0,0
7975,0,0,0,0,0,0
7976,0,0,0,0,0,0
7977,0,0,0,0,0,0
7978,0,0,0,0,0,0
7979,0,0,0,0,0,0
7980,0,0,0,0,0,0
7981,0,0,0,0,0,0
7982,0,0,0,0,0,0
7983,0,0,0,0,0,0
7984,0,0,0,0,0,0
7985,0,0,0,0,0,0
7986,0,0,0,0,0,0
7987,0,0,0,0,0,0
7988,0,0,0,0,0,0
7989,0,0,0,0,0,0
7990,0,0,0,0,0,0
7991,0,0,0,0,0,0
7992,0,0,0,0,0,0
7993,0,0,0,0,0,0
7994,0,0,0,0,0,0
7995,0,0,0,0,0,0
7996,0,0,0,0,0,0
7997,0,0,0,0,0,0
7998,0,0,0,0,0,0
7999,0,0,0,0,0,0
8000,0,0,0,0,0,0
8001,0,0,0,0,0,0
8002,0,0,0,0,0,0
8003,0,0,0,0,0,0
8004,0,0,0,0,0,0
8005,0,0,0,0,0,0
8006,0,0,0,0,0,0
8007,0,0,0,0,0,0
8008,0,0,0,0,0,0
8009,0,0,0,0,0,0
8010,0,0,0,0,0,0
8011,0,0,0,0,0,0
8012,0,0,0,0,0,0
8013,0,0,0,0,0,0
8014,0,0,0,0,0,0
8015,0,0,0,0,0,0
8016,0,0,0,0,0,0
8017,0,0,0,0,0,0
8018,0,0,0,0,0,0
8019,0,0,0,0,0,0
8020,0,0,0,0,0,0
8021,0,0,0,0,0,0
8022,0,0,0,0,0,0
8023,0,0,0,0,0,0
8024,0,0,0,0,0,0
8025,0,0,0,0,0,0
8026,0,0,0,0,0,0
8027,0,0,0,0,0,0
8028,0,0,0,0,0,0
8029,0,0,0,0,0,0
8030,0,0,0,0,0,0
8031,0,0,0,0,0,0
8032,0,0,0,0,0,0
8033,0,0,0,0,0,0
8034,0,0,0,0,0,0
8035,0,0,0,0,0,0
8036,0,0,0,0,0,0
8037,0,0,0,0,0,0
8038,0,0,0,0,0,0
8039,0,0,0,0,0,0
8040,0,0,0,0,0,0
8041,0,0,0,0,0,0
8042,0,0,0,0,0,0
8043,0,0,0,0,0,0
8044,0,0,0,0,0,0
8045,0,0,0,0,0,0
8046,0,0,0,0,0,0
8047,0,0,0,0,0,0
8048,0,0,0,0,0,0
8049,0,0,0,0,0,0
8050,0,0,0,0,0,0
8051,0,0,0,0,0,0
8052,0,0,0,0,0,0
8053,0,0,0,0,0,0
8054,0,0,0,0,0,0
8055,0,0,0,0,0,0
8056,0,0,0,0,0,0
8057,0,0,0,0,0,0
8058,0,0,0,0,0,0
8059,0,0,0,0,0,0
8060,0,0,0,0,0,0
8061,0,0,0,0,0,0
8062,0,0,0,0,0,0
8063,0,0,0,0,0,0
8064,0,0,0,0,0,0
8065,0,0,0,0,0,0
8066,0,0,0,0,0,0
8067,0,0,0,0,0,0
8068,0,0,0,0,0,0
8069,0,0,0,0,0,0
8070,0,0,0,0,0,0
8071,0,0,0,0,0,0
8072,0,0,0,0,0,0
8073,0,0,0,0,0,0
8074,0,0,0,0,0,0
8075,0,0,0,0,0,0
8076,0,0,0,0,0,0
8077,0,0,0,0,0,0
8078,0,0,0,0,0,0
8079,0,0,0,0,0,0
8080,0,0,0,0,0,0
8081,0,0,0,0,0,0
8082,0,0,0,0,0,0
8083,0,0,0,0,0,0
8084,0,0,0,0,0,0
8085,0,0,0,0,0,0
8086,0,0,0,0,0,0
8087,0,0,0,0,0,0
8088,0,0,0,0,0,0
8089,0,0,0,0,0,0
8090,0,0,0,0,0,0
8091,0,0,0,0,0,0
8092,0,0,0,0,0,0
8093,0,0,0,0,0,0
8094,0,0,0,0,0,0
8095,0,0,0,0,0,0
8096,0,0,0,0,0,0
8097,0,0,0,0,0,0
8098,0,0,0,0,0,0
8099,0,0,0,0,0,0
8100,0,0,0,0,0,0
8101,0,0,0,0,0,0
8102,0,0,0,0,0,0
8103,0,0,0,0,0,0
8104,0,0,0,0,0,0
8105,0,0,0,0,0,0
8106,0,0,0,0,0,0
8107,0,0,0,0,0,0
8108,0,0,0,0,0,0
8109,0,0,0,0,0,0
8110,0,0,0,0,0,0
8111,0,0,0,0,0,0
8112,0,0,0,0,0,0
8113,0,0,0,0,0,0
8114,0,0,0,0,0,0
8115,0,0,0,0,0,0
8116,0,0,0,0,0,0
8117,0,0,0,0,0,0
8118,0,0,0,0,0,0
8119,0,0,0,0,0,0
8120,0,0,0,0,0,0
8121,0,0,0,0,0,0
8122,0,0,0,0,0,0
8123,0,0,0,0,0,0
8124,0,0,0,0,0,0
8125,0,0,0,0,0,0
8126,0,0,0,0,0,0
8127,0,0,0,0,0,0
8128,0,0,0,0,0,0
8129,0,0,0,0,0,0
8130,0,0,0,0,0,0
8131,0,0,0,0,0,0
8132,0,0,0,0,0,0
8133,0,0,0,0,0,0
8134,0,0,0,0,0,0
8135,0,0,0,0,0,0
8136,0,0,0,0,0,0
8137,0,0,0,0,0,0
8138,0,0,0,0,0,0
8139,0,0,0,0,0,0
8140,0,0,0,0,0,0
8141,0,0,0,0,0,0
8142,0,0,0,0,0,0
8143,0,0,0,0,0,0
8144,0,0,0,0,0,0
8145,0,0,0,0,0,0
8146,0,0,0,0,0,0
8147,0,0,0,0,0,0
8148,0,0,0,0,0,0
8149,0,0,0,0,0,0
8150,0,0,0,0,0,0
8151,0,0,0,0,0,0
8152,0,0,0,0,0,0
8153,0,0,0,0,0,0
8154,0,0,0,0,0,0
8155,0,0,0,0,0,0
8156,0,0,0,0,0,0
8157,0,0,0,0,0,0
8158,0,0,0,0,0,0
8159,0,0,0,0,0,0
8160,0,0,0,0,0,0
8161,0,0,0,0,0,0
8162,0,0,0,0,0,0
8163,0,0,0,0,0,0
8164,0,0,0,0,0,0
8165,0,0,0,0,0,0
8166,0,0,0,0,0,0
8167,0,0,0,0,0,0
8168,0,0,0,0,0,0
8169,0,0,0,0,0,0
8170,0,0,0,0,0,0
8171,0,0,0,0,0,0
8172,0,0,0,0,0,0
8173,0,0,0,0,0,0
8174,0,0,0,0,0,0
8175,0,0,0,0,0,0
8176,0,0,0,0,0,0
8177,0,0,0,0,0,0
8178,0,0,0,0,0,0
8179,0,0,0,0,0,0
8180,0,0,0,0,0,0
8181,0,0,0,0,0,0
8182,0,0,0,0,0,0
8183,0,0,0,0,0,0
8184,0,0,0,0,0,0
8185,0,0,0,0,0,0
8186,0,0,0,0,0,0
8187,0,0,0,0,0,0
8188,0,0,0,0,0,0
8189,0,0,0,0,0,0
8190,0,0,0,0,0,0
8191,0,0,0,0,0,0
8192,0,0,0,0,0,0
8193,0,0,0,0,0,0
8194,0,0,0,0,0,0
8195,0,0,0,0,0,0
8196,0,0,0,0,0,0
8197,0,0,0,0,0,0
8198,0,0,0,0,0,0
8199,0,0,0,0,0,0
8200,0,0,0,0,0,0
8201,0,0,0,0,0,0
8202,0,0,0,0,0,0
8203,0,0,0,0,0,0
8204,0,0,0,0,0,0
8205,0,0,0,0,0,0
8206,0,0,0,0,0,0
8207,0,0,0,0,0,0
8208,0,0,0,0,0,0
8209,0,0,0,0,0,0
8210,0,0,0,0,0,0
8211,0,0,0,0,0,0
8212,0,0,0,0,0,0
8213,0,0,0,0,0,0
8214,0,0,0,0,0,0
8215,0,0,0,0,0,0
8216,0,0,0,0,0,0
8217,0,0,0,0,0,0
8218,0,0,0,0,0,0
8219,0,0,0,0,0,0
8220,0,0,0,0,0,0
8221,0,0,0,0,0,0
8222,0,0,0,0,0,0
8223,0,0,0,0,0,0
8224,0,0,0,0,0,0
8225,0,0,0,0,0,0
8226,0,0,0,0,0,0
8227,0,0,0,0,0,0
8228,0,0,0,0,0,0
8229,0,0,0,0,0,0
8230,0,0,0,0,0,0
8231,0,0,0,0,0,0
8232,0,0,0,0,0,0
8233,0,0,0,0,0,0
8234,0,0,0,0,0,0
8235,0,0,0,0,0,0
8236,0,0,0,0,0,0
8237,0,0,0,0,0,0
8238,0,0,0,0,0,0
8239,0,0,0,0,0,0
8240,0,0,0,0,0,0
8241,0,0,0,0,0,0
8242,0,0,0,0,0,0
8243,0,0,0,0,0,0
8244,0,0,0,0,0,0
8245,0,0,0,0,0,0
8246,0,0,0,0,0,0
8247,0,0,0,0,0,0
8248,0,0,0,0,0,0
8249,0,0,0,0,0,0
8250,0,0,0,0,0,0
8251,0,0,0,0,0,0
8252,0,0,0,0,0,0
8253,0,0,0,0,0,0
8254,0,0,0,0,0,0
8255,0,0,0,0,0,0
8256,0,0,0,0,0,0
8257,0,0,0,0,0,0
8258,0,0,0,0,0,0
8259,0,0,0,0,0,0
8260,0,0,0,0,0,0
8261,0,0,0,0,0,0
8262,0,0,0,0,0,0
8263,0,0,0,0,0,0
8264,0,0,0,0,0,0
8265,0,0,0,0,0,0
8266,0,0,0,0,0,0
8267,0,0,0,0,0,0
8268,0,0,0,0,0,0
8269,0,0,0,0,0,0
8270,0,0,0,0,0,0
8271,0,0,0,0,0,0
8272,0,0,0,0,0,0
8273,0,0,0,0,0,0
8274,0,0,0,0,0,0
8275,0,0,0,0,0,0
8276,0,0,0,0,0,0
8277,0,0,0,0,0,0
8278,0,0,0,0,0,0
8279,0,0,0,0,0,0
8280,0,0,0,0,0,0
8281,0,0,0,0,0,0
8282,0,0,0,0,0,0
8283,0,0,0,0,0,0
8284,0,0,0,0,0,0
8285,0,0,0,0,0,0
8286,0,0,0,0,0,0
8287,0,0,0,0,0,0
8288,0,0,0,0,0,0
8289,0,0,0,0,0,0
8290,0,0,0,0,0,0
8291,0,0,0,0,0,0
8292,0,0,0,0,0,0
8293,0,0,0,0,0,0
8294,0,0,0,0,0,0
8295,0,0,0,0,0,0
8296,0,0,0,0,0,0
8297,0,0,0,0,0,0
8298,0,0,0,0,0,0
8299,0,0,0,0,0,0
8300,0,0,0,0,0,0
8301,0,0,0,0,0,0
8302,0,0,0,0,0,0
8303,0,0,0,0,0,0
8304,0,0,0,0,0,0
8305,0,0,0,0,0,0
8306,0,0,0,0,0,0
8307,0,0,0,0,0,0
8308,0,0,0,0,0,0
8309,0,0,0,0,0,0
8310,0,0,0,0,0,0
8311,0,0,0,0,0,0
8312,0,0,0,0,0,0
8313,0,0,0,0,0,0
8314,0,0,0,0,0,0
8315,0,0,0,0,0,0
8316,0,0,0,0,0,0
8317,0,0,0,0,0,0
8318,0,0,0,0,0,0
8319,0,0,0,0,0,0
8320,0,0,0,0,0,0
8321,0,0,0,0,0,0
8322,0,0,0,0,0,0
8323,0,0,0,0,0,0
8324,0,0,0,0,0,0
8325,0,0,0,0,0,0
8326,0,0,0,0,0,0
8327,0,0,0,0,0,0
8328,0,0,0,0,0,0
8329,0,0,0,0,0,0
8330,0,0,0,0,0,0
8331,0,0,0,0,0,0
8332,0,0,0,0,0,0
8333,0,0,0,0,0,0
8334,0,0,0,0,0,0
8335,0,0,0,0,0,0
8336,0,0,0,0,0,0
8337,0,0,0,0,0,0
8338,0,0,0,0,0,0
8339,0,0,0,0,0,0
8340,0,0,0,0,0,0
8341,0,0,0,0,0,0
8342,0,0,0,0,0,0
8343,0,0,0,0,0,0
8344,0,0,0,0,0,0
8345,0,0,0,0,0,0
8346,0,0,0,0,0,0
8347,0,0,0,0,0,0
8348,0,0,0,0,0,0
8349,0,0,0,0,0,0
8350,0,0,0,0,0,0
8351,0,0,0,0,0,0
8352,0,0,0,0,0,0
8353,0,0,0,0,0,0
8354,0,0,0,0,0,0
8355,0,0,0,0,0,0
8356,0,0,0,0,0,0
8357,0,0,0,0,0,0
8358,0,0,0,0,0,0
8359,0,0,0,0,0,0
8360,0,0,0,0,0,0
8361,0,0,0,0,0,0
8362,0,0,0,0,0,0
8363,0,0,0,0,0,0
8364,0,0,0,0,0,0
8365,0,0,0,0,0,0
8366,0,0,0,0,0,0
8367,0,0,0,0,0,0
8368,0,0,0,0,0,0
8369,0,0,0,0,0,0
8370,0,0,0,0,0,0
8371,0,0,0,0,0,0
8372,0,0,0,0,0,0
8373,0,0,0,0,0,0
8374,0,0,0,0,0,0
8375,0,0,0,0,0,0
8376,0,0,0,0,0,0
8377,0,0,0,0,0,0
8378,0,0,0,0,0,0
8379,0,0,0,0,0,0
8380,0,0,0,0,0,0
8381,0,0,0,0,0,0
8382,0,0,0,0,0,0
8383,0,0,0,0,0,0
8384,0,0,0,0,0,0
8385,0,0,0,0,0,0
8386,0,0,0,0,0,0
8387,0,0,0,0,0,0
8388,0,0,0,0,0,0
8389,0,0,0,0,0,0
8390,0,0,0,0,0,0
8391,0,0,0,0,0,0
8392,0,0,0,0,0,0
8393,0,0,0,0,0,0
8394,0,0,0,0,0,0
8395,0,0,0,0,0,0
8396,0,0,0,0,0,0
8397,0,0,0,0,0,0
8398,0,0,0,0,0,0
8399,0,0,0,0,0,0
8400,0,0,0,0,0,0
8401,0,0,0,0,0,0
8402,0,0,0,0,0,0
8403,0,0,0,0,0,0
8404,0,0,0,0,0,0
8405,0,0,0,0,0,0
8406,0,0,0,0,0,0
8407,0,0,0,0,0,0
8408,0,0,0,0,0,0
8409,0,0,0,0,0,0
8410,0,0,0,0,0,0
8411,0,0,0,0,0,0
8412,0,0,0,0,0,0
8413,0,0,0,0,0,0
8414,0,0,0,0,0,0
8415,0,0,0,0,0,0
8416,0,0,0,0,0,0
8417,0,0,0,0,0,0
8418,0,0,0,0,0,0
8419,0,0,0,0,0,0
8420,0,0,0,0,0,0
8421,0,0,0,0,0,0
8422,0,0,0,0,0,0
8423,0,0,0,0,0,0
8424,0,0,0,0,0,0
8425,0,0,0,0,0,0
8426,0,0,0,0,0,0
8427,0,0,0,0,0,0
8428,0,0,0,0,0,0
8429,0,0,0,0,0,0
8430,0,0,0,0,0,0
8431,0,0,0,0,0,0
8432,0,0,0,0,0,0
8433,0,0,0,0,0,0
8434,0,0,0,0,0,0
8435,0,0,0,0,0,0
8436,0,0,0,0,0,0
8437,0,0,0,0,0,0
8438,0,0,0,0,0,0
8439,0,0,0,0,0,0
8440,0,0,0,0,0,0
8441,0,0,0,0,0,0
8442,0,0,0,0,0,0
8443,0,0,0,0,0,0
8444,0,0,0,0,0,0
8445,0,0,0,0,0,0
8446,0,0,0,0,0,0
8447,0,0,0,0,0,0
8448,0,0,0,0,0,0
8449,0,0,0,0,0,0
8450,0,0,0,0,0,0
8451,0,0,0,0,0,0
8452,0,0,0,0,0,0
8453,0,0,0,0,0,0
8454,0,0,0,0,0,0
8455,0,0,0,0,0,0
8456,0,0,0,0,0,0
8457,0,0,0,0,0,0
8458,0,0,0,0,0,0
8459,0,0,0,0,0,0
8460,0,0,0,0,0,0
8461,0,0,0,0,0,0
8462,0,0,0,0,0,0
8463,0,0,0,0,0,0
8464,0,0,0,0,0,0
8465,0,0,0,0,0,0
8466,0,0,0,0,0,0
8467,0,0,0,0,0,0
8468,0,0,0,0,0,0
8469,0,0,0,0,0,0
8470,0,0,0,0,0,0
8471,0,0,0,0,0,0
8472,0,0,0,0,0,0
8473,0,0,0,0,0,0
8474,0,0,0,0,0,0
8475,0,0,0,0,0,0
8476,0,0,0,0,0,0
8477,0,0,0,0,0,0
8478,0,0,0,0,0,0
8479,0,0,0,0,0,0
8480,0,0,0,0,0,0
8481,0,0,0,0,0,0
8482,0,0,0,0,0,0
8483,0,0,0,0,0,0
8484,0,0,0,0,0,0
8485,0,0,0,0,0,0
8486,0,0,0,0,0,0
8487,0,0,0,0,0,0
8488,0,0,0,0,0,0
8489,0,0,0,0,0,0
8490,0,0,0,0,0,0
8491,0,0,0,0,0,0
8492,0,0,0,0,0,0
8493,0,0,0,0,0,0
8494,0,0,0,0,0,0
8495,0,0,0,0,0,0
8496,0,0,0,0,0,0
8497,0,0,0,0,0,0
8498,0,0,0,0,0,0
8499,0,0,0,0,0,0
8500,0,0,0,0,0,0
8501,0,0,0,0,0,0
8502,0,0,0,0,0,0
8503,0,0,0,0,0,0
8504,0,0,0,0,0,0
8505,0,0,0,0,0,0
8506,0,0,0,0,0,0
8507,0,0,0,0,0,0
8508,0,0,0,0,0,0
8509,0,0,0,0,0,0
8510,0,0,0,0,0,0
8511,0,0,0,0,0,0
8512,0,0,0,0,0,0
8513,0,0,0,0,0,0
8514,0,0,0,0,0,0
8515,0,0,0,0,0,0
8516,0,0,0,0,0,0
8517,0,0,0,0,0,0
8518,0,0,0,0,0,0
8519,0,0,0,0,0,0
8520,0,0,0,0,0,0
8521,0,0,0,0,0,0
8522,0,0,0,0,0,0
8523,0,0,0,0,0,0
8524,0,0,0,0,0,0
8525,0,0,0,0,0,0
8526,0,0,0,0,0,0
8527,0,0,0,0,0,0
8528,0,0,0,0,0,0
8529,0,0,0,0,0,0
8530,0,0,0,0,0,0
8531,0,0,0,0,0,0
8532,0,0,0,0,0,0
8533,0,0,0,0,0,0
8534,0,0,0,0,0,0
8535,0,0,0,0,0,0
8536,0,0,0,0,0,0
8537,0,0,0,0,0,0
8538,0,0,0,0,0,0
8539,0,0,0,0,0,0
8540,0,0,0,0,0,0
8541,0,0,0,0,0,0
8542,0,0,0,0,0,0
8543,0,0,0,0,0,0
8544,0,0,0,0,0,0
8545,0,0,0,0,0,0
8546,0,0,0,0,0,0
8547,0,0,0,0,0,0
8548,0,0,0,0,0,0
8549,0,0,0,0,0,0
8550,0,0,0,0,0,0
8551,0,0,0,0,0,0
8552,0,0,0,0,0,0
8553,0,0,0,0,0,0
8554,0,0,0,0,0,0
8555,0,0,0,0,0,0
8556,0,0,0,0,0,0
8557,0,0,0,0,0,0
8558,0,0,0,0,0,0
8559,0,0,0,0,0,0
8560,0,0,0,0,0,0
8561,0,0,0,0,0,0
8562,0,0,0,0,0,0
8563,0,0,0,0,0,0
8564,0,0,0,0,0,0
8565,0,0,0,0,0,0
8566,0,0,0,0,0,0
8567,0,0,0,0,0,0
8568,0,0,0,0,0,0
8569,0,0,0,0,0,0
8570,0,0,0,0,0,0
8571,0,0,0,0,0,0
8572,0,0,0,0,0,0
8573,0,0,0,0,0,0
8574,0,0,0,0,0,0
8575,0,0,0,0,0,0
8576,0,0,0,0,0,0
8577,0,0,0,0,0,0
8578,0,0,0,0,0,0
8579,0,0,0,0,0,0
8580,0,0,0,0,0,0
8581,0,0,0,0,0,0
8582,0,0,0,0,0,0
8583,0,0,0,0,0,0
8584,0,0,0,0,0,0
8585,0,0,0,0,0,0
8586,0,0,0,0,0,0
8587,0,0,0,0,0,0
8588,0,0,0,0,0,0
8589,0,0,0,0,0,0
8590,0,0,0,0,0,0
8591,0,0,0,0,0,0
8592,0,0,0,0,0,0
8593,0,0,0,0,0,0
8594,0,0,0,0,0,0
8595,0,0,0,0,0,0
8596,0,0,0,0,0,0
8597,0,0,0,0,0,0
8598,0,0,0,0,0,0
8599,0,0,0,0,0,0
8600,0,0,0,0,0,0
8601,0,0,0,0,0,0
8602,0,0,0,0,0,0
8603,0,0,0,0,0,0
8604,0,0,0,0,0,0
8605,0,0,0,0,0,0
8606,0,0,0,0,0,0
8607,0,0,0,0,0,0
8608,0,0,0,0,0,0
8609,0,0,0,0,0,0
8610,0,0,0,0,0,0
8611,0,0,0,0,0,0
8612,0,0,0,0,0,0
8613,0,0,0,0,0,0
8614,0,0,0,0,0,0
8615,0,0,0,0,0,0
8616,0,0,0,0,0,0
8617,0,0,0,0,0,0
8618,0,0,0,0,0,0
8619,0,0,0,0,0,0
8620,0,0,0,0,0,0
8621,0,0,0,0,0,0
8622,0,0,0,0,0,0
8623,0,0,0,0,0,0
8624,0,0,0,0,0,0
8625,0,0,0,0,0,0
8626,0,0,0,0,0,0
8627,0,0,0,0,0,0
8628,0,0,0,0,0,0
8629,0,0,0,0,0,0
8630,0,0,0,0,0,0
8631,0,0,0,0,0,0
8632,0,0,0,0,0,0
8633,0,0,0,0,0,0
8634,0,0,0,0,0,0
8635,0,0,0,0,0,0
8636,0,0,0,0,0,0
8637,0,0,0,0,0,0
8638,0,0,0,0,0,0
8639,0,0,0,0,0,0
8640,0,0,0,0,0,0
8641,0,0,0,0,0,0
8642,0,0,0,0,0,0
8643,0,0,0,0,0,0
8644,0,0,0,0,0,0
8645,0,0,0,0,0,0
8646,0,0,0,0,0,0
8647,0,0,0,0,0,0
8648,0,0,0,0,0,0
8649,0,0,0,0,0,0
8650,0,0,0,0,0,0
8651,0,0,0,0,0,0
8652,0,0,0,0,0,0
8653,0,0,0,0,0,0
8654,0,0,0,0,0,0
8655,0,0,0,0,0,0
8656,0,0,0,0,0,0
8657,0,0,0,0,0,0
8658,0,0,0,0,0,0
8659,0,0,0,0,0,0
8660,0,0,0,0,0,0
8661,0,0,0,0,0,0
8662,0,0,0,0,0,0
8663,0,0,0,0,0,0
8664,0,0,0,0,0,0
8665,0,0,0,0,0,0
8666,0,0,0,0,0,0
8667,0,0,0,0,0,0
8668,0,0,0,0,0,0
8669,0,0,0,0,0,0
8670,0,0,0,0,0,0
8671,0,0,0,0,0,0
8672,0,0,0,0,0,0
8673,0,0,0,0,0,0
8674,0,0,0,0,0,0
8675,0,0,0,0,0,0
8676,0,0,0,0,0,0
8677,0,0,0,0,0,0
8678,0,0,0,0,0,0
8679,0,0,0,0,0,0
8680,0,0,0,0,0,0
8681,0,0,0,0,0,0
8682,0,0,0,0,0,0
8683,0,0,0,0,0,0
8684,0,0,0,0,0,0
8685,0,0,0,0,0,0
8686,0,0,0,0,0,0
8687,0,0,0,0,0,0
8688,0,0,0,0,0,0
8689,0,0,0,0,0,0
8690,0,0,0,0,0,0
8691,0,0,0,0,0,0
8692,0,0,0,0,0,0
8693,0,0,0,0,0,0
8694,0,0,0,0,0,0
8695,0,0,0,0,0,0
8696,0,0,0,0,0,0
8697,0,0,0,0,0,0
8698,0,0,0,0,0,0
8699,0,0,0,0,0,0
8700,0,0,0,0,0,0
8701,0,0,0,0,0,0
8702,0,0,0,0,0,0
8703,0,0,0,0,0,0
8704,0,0,0,0,0,0
8705,0,0,0,0,0,0
8706,0,0,0,0,0,0
8707,0,0,0,0,0,0
8708,0,0,0,0,0,0
8709,0,0,0,0,0,0
8710,0,0,0,0,0,0
8711,0,0,0,0,0,0
8712,0,0,0,0,0,0
8713,0,0,0,0,0,0
8714,0,0,0,0,0,0
8715,0,0,0,0,0,0
8716,0,0,0,0,0,0
8717,0,0,0,0,0,0
8718,0,0,0,0,0,0
8719,0,0,0,0,0,0
8720,0,0,0,0,0,0
8721,0,0,0,0,0,0
8722,0,0,0,0,0,0
8723,0,0,0,0,0,0
8724,0,0,0,0,0,0
8725,0,0,0,0,0,0
8726,0,0,0,0,0,0
8727,0,0,0,0,0,0
8728,0,0,0,0,0,0
8729,0,0,0,0,0,0
8730,0,0,0,0,0,0
8731,0,0,0,0,0,0
8732,0,0,0,0,0,0
8733,0,0,0,0,0,0
8734,0,0,0,0,0,0
8735,0,0,0,0,0,0
8736,0,0,0,0,0,0
8737,0,0,0,0,0,0
8738,0,0,0,0,0,0
8739,0,0,0,0,0,0
8740,0,0,0,0,0,0
8741,0,0,0,0,0,0
8742,0,0,0,0,0,0
8743,0,0,0,0,0,0
8744,0,0,0,0,0,0
8745,0,0,0,0,0,0
8746,0,0,0,0,0,0
8747,0,0,0,0,0,0
8748,0,0,0,0,0,0
8749,0,0,0,0,0,0
8750,0,0,0,0,0,0
8751,0,0,0,0,0,0
8752,0,0,0,0,0,0
8753,0,0,0,0,0,0
8754,0,0,0,0,0,0
8755,0,0,0,0,0,0
8756,0,0,0,0,0,0
8757,0,0,0,0,0,0
8758,0,0,0,0,0,0
8759,0,0,0,0,0,0
8760,0,0,0,0,0,0
8761,0,0,0,0,0,0
8762,0,0,0,0,0,0
8763,0,0,0,0,0,0
8764,0,0,0,0,0,0
8765,0,0,0,0,0,0
8766,0,0,0,0,0,0
8767,0,0,0,0,0,0
8768,0,0,0,0,0,0
8769,0,0,0,0,0,0
8770,0,0,0,0,0,0
8771,0,0,0,0,0,0
8772,0,0,0,0,0,0
8773,0,0,0,0,0,0
8774,0,0,0,0,0,0
8775,0,0,0,0,0,0
8776,0,0,0,0,0,0
8777,0,0,0,0,0,0
8778,0,0,0,0,0,0
8779,0,0,0,0,0,0
8780,0,0,0,0,0,0
8781,0,0,0,0,0,0
8782,0,0,0,0,0,0
8783,0,0,0,0,0,0
8784,0,0,0,0,0,0
8785,0,0,0,0,0,0
8786,0,0,0,0,0,0
8787,0,0,0,0,0,0
8788,0,0,0,0,0,0
8789,0,0,0,0,0,0
8790,0,0,0,0,0,0
8791,0,0,0,0,0,0
8792,0,0,0,0,0,0
8793,0,0,0,0,0,0
8794,0,0,0,0,0,0
8795,0,0,0,0,0,0
8796,0,0,0,0,0,0
8797,0,0,0,0,0,0
8798,0,0,0,0,0,0
8799,0,0,0,0,0,0
8800,0,0,0,0,0,0
8801,0,0,0,0,0,0
8802,0,0,0,0,0,0
8803,0,0,0,0,0,0
8804,0,0,0,0,0,0
8805,0,0,0,0,0,0
8806,0,0,0,0,0,0
8807,0,0,0,0,0,0
8808,0,0,0,0,0,0
8809,0,0,0,0,0,0
8810,0,0,0,0,0,0
8811,0,0,0,0,0,0
8812,0,0,0,0,0,0
8813,0,0,0,0,0,0
8814,0,0,0,0,0,0
8815,0,0,0,0,0,0
8816,0,0,0,0,0,0
8817,0,0,0,0,0,0
8818,0,0,0,0,0,0
8819,0,0,0,0,0,0
8820,0,0,0,0,0,0
8821,0,0,0,0,0,0
8822,0,0,0,0,0,0
8823,0,0,0,0,0,0
8824,0,0,0,0,0,0
8825,0,0,0,0,0,0
8826,0,0,0,0,0,0
8827,0,0,0,0,0,0
8828,0,0,0,0,0,0
8829,0,0,0,0,0,0
8830,0,0,0,0,0,0
8831,0,0,0,0,0,0
8832,0,0,0,0,0,0
8833,0,0,0,0,0,0
8834,0,0,0,0,0,0
8835,0,0,0,0,0,0
8836,0,0,0,0,0,0
8837,0,0,0,0,0,0
8838,0,0,0,0,0,0
8839,0,0,0,0,0,0
8840,0,0,0,0,0,0
8841,0,0,0,0,0,0
8842,0,0,0,0,0,0
8843,0,0,0,0,0,0
8844,0,0,0,0,0,0
8845,0,0,0,0,0,0
8846,0,0,0,0,0,0
8847,0,0,0,0,0,0
8848,0,0,0,0,0,0
8849,0,0,0,0,0,0
8850,0,0,0,0,0,0
8851,0,0,0,0,0,0
8852,0,0,0,0,0,0
8853,0,0,0,0,0,0
8854,0,0,0,0,0,0
8855,0,0,0,0,0,0
8856,0,0,0,0,0,0
8857,0,0,0,0,0,0
8858,0,0,0,0,0,0
8859,0,0,0,0,0,0
8860,0,0,0,0,0,0
8861,0,0,0,0,0,0
8862,0,0,0,0,0,0
8863,0,0,0,0,0,0
8864,0,0,0,0,0,0
8865,0,0,0,0,0,0
8866,0,0,0,0,0,0
8867,0,0,0,0,0,0
8868,0,0,0,0,0,0
8869,0,0,0,0,0,0
8870,0,0,0,0,0,0
8871,0,0,0,0,0,0
8872,0,0,0,0,0,0
8873,0,0,0,0,0,0
8874,0,0,0,0,0,0
8875,0,0,0,0,0,0
8876,0,0,0,0,0,0
8877,0,0,0,0,0,0
8878,0,0,0,0,0,0
8879,0,0,0,0,0,0
8880,0,0,0,0,0,0
8881,0,0,0,0,0,0
8882,0,0,0,0,0,0
8883,0,0,0,0,0,0
8884,0,0,0,0,0,0
8885,0,0,0,0,0,0
8886,0,0,0,0,0,0
8887,0,0,0,0,0,0
8888,0,0,0,0,0,0
8889,0,0,0,0,0,0
8890,0,0,0,0,0,0
8891,0,0,0,0,0,0
8892,0,0,0,0,0,0
8893,0,0,0,0,0,0
8894,0,0,0,0,0,0
8895,0,0,0,0,0,0
8896,0,0,0,0,0,0
8897,0,0,0,0,0,0
8898,0,0,0,0,0,0
8899,0,0,0,0,0,0
8900,0,0,0,0,0,0
8901,0,0,0,0,0,0
8902,0,0,0,0,0,0
8903,0,0,0,0,0,0
8904,0,0,0,0,0,0
8905,0,0,0,0,0,0
8906,0,0,0,0,0,0
8907,0,0,0,0,0,0
8908,0,0,0,0,0,0
8909,0,0,0,0,0,0
8910,0,0,0,0,0,0
8911,0,0,0,0,0,0
8912,0,0,0,0,0,0
8913,0,0,0,0,0,0
8914,0,0,0,0,0,0
8915,0,0,0,0,0,0
8916,0,0,0,0,0,0
8917,0,0,0,0,0,0
8918,0,0,0,0,0,0
8919,0,0,0,0,0,0
8920,0,0,0,0,0,0
8921,0,0,0,0,0,0
8922,0,0,0,0,0,0
8923,0,0,0,0,0,0
8924,0,0,0,0,0,0
8925,0,0,0,0,0,0
8926,0,0,0,0,0,0
8927,0,0,0,0,0,0
8928,0,0,0,0,0,0
8929,0,0,0,0,0,0
8930,0,0,0,0,0,0
8931,0,0,0,0,0,0
8932,0,0,0,0,0,0
8933,0,0,0,0,0,0
8934,0,0,0,0,0,0
8935,0,0,0,0,0,0
8936,0,0,0,0,0,0
8937,0,0,0,0,0,0
8938,0,0,0,0,0,0
8939,0,0,0,0,0,0
8940,0,0,0,0,0,0
8941,0,0,0,0,0,0
8942,0,0,0,0,0,0
8943,0,0,0,0,0,0
8944,0,0,0,0,0,0
8945,0,0,0,0,0,0
8946,0,0,0,0,0,0
8947,0,0,0,0,0,0
8948,0,0,0,0,0,0
8949,0,0,0,0,0,0
8950,0,0,0,0,0,0
8951,0,0,0,0,0,0
8952,0,0,0,0,0,0
8953,0,0,0,0,0,0
8954,0,0,0,0,0,0
8955,0,0,0,0,0,0
8956,0,0,0,0,0,0
8957,0,0,0,0,0,0
8958,0,0,0,0,0,0
8959,0,0,0,0,0,0
8960,0,0,0,0,0,0
8961,0,0,0,0,0,0
8962,0,0,0,0,0,0
8963,0,0,0,0,0,0
8964,0,0,0,0,0,0
8965,0,0,0,0,0,0
8966,0,0,0,0,0,0
8967,0,0,0,0,0,0
8968,0,0,0,0,0,0
8969,0,0,0,0,0,0
8970,0,0,0,0,0,0
8971,0,0,0,0,0,0
8972,0,0,0,0,0,0
8973,0,0,0,0,0,0
8974,0,0,0,0,0,0
8975,0,0,0,0,0,0
8976,0,0,0,0,0,0
8977,0,0,0,0,0,0
8978,0,0,0,0,0,0
8979,0,0,0,0,0,0
8980,0,0,0,0,0,0
8981,0,0,0,0,0,0
8982,0,0,0,0,0,0
8983,0,0,0,0,0,0
8984,0,0,0,0,0,0
8985,0,0,0,0,0,0
8986,0,0,0,0,0,0
8987,0,0,0,0,0,0
8988,0,0,0,0,0,0
8989,0,0,0,0,0,0
8990,0,0,0,0,0,0
8991,0,0,0,0,0,0
8992,0,0,0,0,0,0
8993,0,0,0,0,0,0
8994,0,0,0,0,0,0
8995,0,0,0,0,0,0
8996,0,0,0,0,0,0
8997,0,0,0,0,0,0
8998,0,0,0,0,0,0
8999,0,0,0,0,0,0
9000,0,0,0,0,0,0
9001,0,0,0,0,0,0
9002,0,0,0,0,0,0
9003,0,0,0,0,0,0
9004,0,0,0,0,0,0
9005,0,0,0,0,0,0
9006,0,0,0,0,0,0
9007,0,0,0,0,0,0
9008,0,0,0,0,0,0
9009,0,0,0,0,0,0
9010,0,0,0,0,0,0
9011,0,0,0,0,0,0
9012,0,0,0,0,0,0
9013,0,0,0,0,0,0
9014,0,0,0,0,0,0
9015,0,0,0,0,0,0
9016,0,0,0,0,0,0
9017,0,0,0,0,0,0
9018,0,0,0,0,0,0
9019,0,0,0,0,0,0
9020,0,0,0,0,0,0
9021,0,0,0,0,0,0
9022,0,0,0,0,0,0
9023,0,0,0,0,0,0
9024,0,0,0,0,0,0
9025,0,0,0,0,0,0
9026,0,0,0,0,0,0
9027,0,0,0,0,0,0
9028,0,0,0,0,0,0
9029,0,0,0,0,0,0
9030,0,0,0,0,0,0
9031,0,0,0,0,0,0
9032,0,0,0,0,0,0
9033,0,0,0,0,0,0
9034,0,0,0,0,0,0
9035,0,0,0,0,0,0
9036,0,0,0,0,0,0
9037,0,0,0,0,0,0
9038,0,0,0,0,0,0
9039,0,0,0,0,0,0
9040,0,0,0,0,0,0
9041,0,0,0,0,0,0
9042,0,0,0,0,0,0
9043,0,0,0,0,0,0
9044,0,0,0,0,0,0
9045,0,0,0,0,0,0
9046,0,0,0,0,0,0
9047,0,0,0,0,0,0
9048,0,0,0,0,0,0
9049,0,0,0,0,0,0
9050,0,0,0,0,0,0
9051,0,0,0,0,0,0
9052,0,0,0,0,0,0
9053,0,0,0,0,0,0
9054,0,0,0,0,0,0
9055,0,0,0,0,0,0
9056,0,0,0,0,0,0
9057,0,0,0,0,0,0
9058,0,0,0,0,0,0
9059,0,0,0,0,0,0
9060,0,0,0,0,0,0
9061,0,0,0,0,0,0
9062,0,0,0,0,0,0
9063,0,0,0,0,0,0
9064,0,0,0,0,0,0
9065,0,0,0,0,0,0
9066,0,0,0,0,0,0
9067,0,0,0,0,0,0
9068,0,0,0,0,0,0
9069,0,0,0,0,0,0
9070,0,0,0,0,0,0
9071,0,0,0,0,0,0
9072,0,0,0,0,0,0
9073,0,0,0,0,0,0
9074,0,0,0,0,0,0
9075,0,0,0,0,0,0
9076,0,0,0,0,0,0
9077,0,0,0,0,0,0
9078,0,0,0,0,0,0
9079,0,0,0,0,0,0
9080,0,0,0,0,0,0
9081,0,0,0,0,0,0
9082,0,0,0,0,0,0
9083,0,0,0,0,0,0
9084,0,0,0,0,0,0
9085,0,0,0,0,0,0
9086,0,0,0,0,0,0
9087,0,0,0,0,0,0
9088,0,0,0,0,0,0
9089,0,0,0,0,0,0
9090,0,0,0,0,0,0
9091,0,0,0,0,0,0
9092,0,0,0,0,0,0
9093,0,0,0,0,0,0
9094,0,0,0,0,0,0
9095,0,0,0,0,0,0
9096,0,0,0,0,0,0
9097,0,0,0,0,0,0
9098,0,0,0,0,0,0
9099,0,0,0,0,0,0
9100,0,0,0,0,0,0
9101,0,0,0,0,0,0
9102,0,0,0,0,0,0
9103,0,0,0,0,0,0
9104,0,0,0,0,0,0
9105,0,0,0,0,0,0
9106,0,0,0,0,0,0
9107,0,0,0,0,0,0
9108,0,0,0,0,0,0
9109,0,0,0,0,0,0
9110,0,0,0,0,0,0
9111,0,0,0,0,0,0
9112,0,0,0,0,0,0
9113,0,0,0,0,0,0
9114,0,0,0,0,0,0
9115,0,0,0,0,0,0
9116,0,0,0,0,0,0
9117,0,0,0,0,0,0
9118,0,0,0,0,0,0
9119,0,0,0,0,0,0
9120,0,0,0,0,0,0
9121,0,0,0,0,0,0
9122,0,0,0,0,0,0
9123,0,0,0,0,0,0
9124,0,0,0,0,0,0
9125,0,0,0,0,0,0
9126,0,0,0,0,0,0
9127,0,0,0,0,0,0
9128,0,0,0,0,0,0
9129,0,0,0,0,0,0
9130,0,0,0,0,0,0
9131,0,0,0,0,0,0
9132,0,0,0,0,0,0
9133,0,0,0,0,0,0
9134,0,0,0,0,0,0
9135,0,0,0,0,0,0
9136,0,0,0,0,0,0
9137,0,0,0,0,0,0
9138,0,0,0,0,0,0
9139,0,0,0,0,0,0
9140,0,0,0,0,0,0
9141,0,0,0,0,0,0
9142,0,0,0,0,0,0
9143,0,0,0,0,0,0
9144,0,0,0,0,0,0
9145,0,0,0,0,0,0
9146,0,0,0,0,0,0
9147,0,0,0,0,0,0
9148,0,0,0,0,0,0
9149,0,0,0,0,0,0
9150,0,0,0,0,0,0
9151,0,0,0,0,0,0
9152,0,0,0,0,0,0
9153,0,0,0,0,0,0
9154,0,0,0,0,0,0
9155,0,0,0,0,0,0
9156,0,0,0,0,0,0
9157,0,0,0,0,0,0
9158,0,0,0,0,0,0
9159,0,0,0,0,0,0
9160,0,0,0,0,0,0
9161,0,0,0,0,0,0
9162,0,0,0,0,0,0
9163,0,0,0,0,0,0
9164,0,0,0,0,0,0
9165,0,0,0,0,0,0
9166,0,0,0,0,0,0
9167,0,0,0,0,0,0
9168,0,0,0,0,0,0
9169,0,0,0,0,0,0
9170,0,0,0,0,0,0
9171,0,0,0,0,0,0
9172,0,0,0,0,0,0
9173,0,0,0,0,0,0
9174,0,0,0,0,0,0
9175,0,0,0,0,0,0
9176,0,0,0,0,0,0
9177,0,0,0,0,0,0
9178,0,0,0,0,0,0
9179,0,0,0,0,0,0
9180,0,0,0,0,0,0
9181,0,0,0,0,0,0
9182,0,0,0,0,0,0
9183,0,0,0,0,0,0
9184,0,0,0,0,0,0
9185,0,0,0,0,0,0
9186,0,0,0,0,0,0
9187,0,0,0,0,0,0
9188,0,0,0,0,0,0
9189,0,0,0,0,0,0
9190,0,0,0,0,0,0
9191,0,0,0,0,0,0
9192,0,0,0,0,0,0
9193,0,0,0,0,0,0
9194,0,0,0,0,0,0
9195,0,0,0,0,0,0
9196,0,0,0,0,0,0
9197,0,0,0,0,0,0
9198,0,0,0,0,0,0
9199,0,0,0,0,0,0
9200,0,0,0,0,0,0
9201,0,0,0,0,0,0
9202,0,0,0,0,0,0
9203,0,0,0,0,0,0
9204,0,0,0,0,0,0
9205,0,0,0,0,0,0
9206,0,0,0,0,0,0
9207,0,0,0,0,0,0
9208,0,0,0,0,0,0
9209,0,0,0,0,0,0
9210,0,0,0,0,0,0
9211,0,0,0,0,0,0
9212,0,0,0,0,0,0
9213,0,0,0,0,0,0
9214,0,0,0,0,0,0
9215,0,0,0,0,0,0
9216,0,0,0,0,0,0
9217,0,0,0,0,0,0
9218,0,0,0,0,0,0
9219,0,0,0,0,0,0
9220,0,0,0,0,0,0
9221,0,0,0,0,0,0
9222,0,0,0,0,0,0
9223,0,0,0,0,0,0
9224,0,0,0,0,0,0
9225,0,0,0,0,0,0
9226,0,0,0,0,0,0
9227,0,0,0,0,0,0
9228,0,0,0,0,0,0
9229,0,0,0,0,0,0
9230,0,0,0,0,0,0
9231,0,0,0,0,0,0
9232,0,0,0,0,0,0
9233,0,0,0,0,0,0
9234,0,0,0,0,0,0
9235,0,0,0,0,0,0
9236,0,0,0,0,0,0
9237,0,0,0,0,0,0
9238,0,0,0,0,0,0
9239,0,0,0,0,0,0
9240,0,0,0,0,0,0
9241,0,0,0,0,0,0
9242,0,0,0,0,0,0
9243,0,0,0,0,0,0
9244,0,0,0,0,0,0
9245,0,0,0,0,0,0
9246,0,0,0,0,0,0
9247,0,0,0,0,0,0
9248,0,0,0,0,0,0
9249,0,0,0,0,0,0
9250,0,0,0,0,0,0
9251,0,0,0,0,0,0
9252,0,0,0,0,0,0
9253,0,0,0,0,0,0
9254,0,0,0,0,0,0
9255,0,0,0,0,0,0
9256,0,0,0,0,0,0
9257,0,0,0,0,0,0
9258,0,0,0,0,0,0
9259,0,0,0,0,0,0
9260,0,0,0,0,0,0
9261,0,0,0,0,0,0
9262,0,0,0,0,0,0
9263,0,0,0,0,0,0
9264,0,0,0,0,0,0
9265,0,0,0,0,0,0
9266,0,0,0,0,0,0
9267,0,0,0,0,0,0
9268,0,0,0,0,0,0
9269,0,0,0,0,0,0
9270,0,0,0,0,0,0
9271,0,0,0,0,0,0
9272,0,0,0,0,0,0
9273,0,0,0,0,0,0
9274,0,0,0,0,0,0
9275,0,0,0,0,0,0
9276,0,0,0,0,0,0
9277,0,0,0,0,0,0
9278,0,0,0,0,0,0
9279,0,0,0,0,0,0
9280,0,0,0,0,0,0
9281,0,0,0,0,0,0
9282,0,0,0,0,0,0
9283,0,0,0,0,0,0
9284,0,0,0,0,0,0
9285,0,0,0,0,0,0
9286,0,0,0,0,0,0
9287,0,0,0,0,0,0
9288,0,0,0,0,0,0
9289,0,0,0,0,0,0
9290,0,0,0,0,0,0
9291,0,0,0,0,0,0
9292,0,0,0,0,0,0
9293,0,0,0,0,0,0
9294,0,0,0,0,0,0
9295,0,0,0,0,0,0
9296,0,0,0,0,0,0
9297,0,0,0,0,0,0
9298,0,0,0,0,0,0
9299,0,0,0,0,0,0
9300,0,0,0,0,0,0
9301,0,0,0,0,0,0
9302,0,0,0,0,0,0
9303,0,0,0,0,0,0
9304,0,0,0,0,0,0
9305,0,0,0,0,0,0
9306,0,0,0,0,0,0
9307,0,0,0,0,0,0
9308,0,0,0,0,0,0
9309,0,0,0,0,0,0
9310,0,0,0,0,0,0
9311,0,0,0,0,0,0
9312,0,0,0,0,0,0
9313,0,0,0,0,0,0
9314,0,0,0,0,0,0
9315,0,0,0,0,0,0
9316,0,0,0,0,0,0
9317,0,0,0,0,0,0
9318,0,0,0,0,0,0
9319,0,0,0,0,0,0
9320,0,0,0,0,0,0
9321,0,0,0,0,0,0
9322,0,0,0,0,0,0
9323,0,0,0,0,0,0
9324,0,0,0,0,0,0
9325,0,0,0,0,0,0
9326,0,0,0,0,0,0
9327,0,0,0,0,0,0
9328,0,0,0,0,0,0
9329,0,0,0,0,0,0
9330,0,0,0,0,0,0
9331,0,0,0,0,0,0
9332,0,0,0,0,0,0
9333,0,0,0,0,0,0
9334,0,0,0,0,0,0
9335,0,0,0,0,0,0
9336,0,0,0,0,0,0
9337,0,0,0,0,0,0
9338,0,0,0,0,0,0
9339,0,0,0,0,0,0
9340,0,0,0,0,0,0
9341,0,0,0,0,0,0
9342,0,0,0,0,0,0
9343,0,0,0,0,0,0
9344,0,0,0,0,0,0
9345,0,0,0,0,0,0
9346,0,0,0,0,0,0
9347,0,0,0,0,0,0
9348,0,0,0,0,0,0
9349,0,0,0,0,0,0
9350,0,0,0,0,0,0
9351,0,0,0,0,0,0
9352,0,0,0,0,0,0
9353,0,0,0,0,0,0
9354,0,0,0,0,0,0
9355,0,0,0,0,0,0
9356,0,0,0,0,0,0
9357,0,0,0,0,0,0
9358,0,0,0,0,0,0
9359,0,0,0,0,0,0
9360,0,0,0,0,0,0
9361,0,0,0,0,0,0
9362,0,0,0,0,0,0
9363,0,0,0,0,0,0
9364,0,0,0,0,0,0
9365,0,0,0,0,0,0
9366,0,0,0,0,0,0
9367,0,0,0,0,0,0
9368,0,0,0,0,0,0
9369,0,0,0,0,0,0
9370,0,0,0,0,0,0
9371,0,0,0,0,0,0
9372,0,0,0,0,0,0
9373,0,0,0,0,0,0
9374,0,0,0,0,0,0
9375,0,0,0,0,0,0
9376,0,0,0,0,0,0
9377,0,0,0,0,0,0
9378,0,0,0,0,0,0
9379,0,0,0,0,0,0
9380,0,0,0,0,0,0
9381,0,0,0,0,0,0
9382,0,0,0,0,0,0
9383,0,0,0,0,0,0
9384,0,0,0,0,0,0
9385,0,0,0,0,0,0
9386,0,0,0,0,0,0
9387,0,0,0,0,0,0
9388,0,0,0,0,0,0
9389,0,0,0,0,0,0
9390,0,0,0,0,0,0
9391,0,0,0,0,0,0
9392,0,0,0,0,0,0
9393,0,0,0,0,0,0
9394,0,0,0,0,0,0
9395,0,0,0,0,0,0
9396,0,0,0,0,0,0
9397,0,0,0,0,0,0
9398,0,0,0,0,0,0
9399,0,0,0,0,0,0
9400,0,0,0,0,0,0
9401,0,0,0,0,0,0
9402,0,0,0,0,0,0
9403,0,0,0,0,0,0
9404,0,0,0,0,0,0
9405,0,0,0,0,0,0
9406,0,0,0,0,0,0
9407,0,0,0,0,0,0
9408,0,0,0,0,0,0
9409,0,0,0,0,0,0
9410,0,0,0,0,0,0
9411,0,0,0,0,0,0
9412,0,0,0,0,0,0
9413,0,0,0,0,0,0
9414,0,0,0,0,0,0
9415,0,0,0,0,0,0
9416,0,0,0,0,0,0
9417,0,0,0,0,0,0
9418,0,0,0,0,0,0
9419,0,0,0,0,0,0
9420,0,0,0,0,0,0
9421,0,0,0,0,0,0
9422,0,0,0,0,0,0
9423,0,0,0,0,0,0
9424,0,0,0,0,0,0
9425,0,0,0,0,0,0
9426,0,0,0,0,0,0
9427,0,0,0,0,0,0
9428,0,0,0,0,0,0
9429,0,0,0,0,0,0
9430,0,0,0,0,0,0
9431,0,0,0,0,0,0
9432,0,0,0,0,0,0
9433,0,0,0,0,0,0
9434,0,0,0,0,0,0
9435,0,0,0,0,0,0
9436,0,0,0,0,0,0
9437,0,0,0,0,0,0
9438,0,0,0,0,0,0
9439,0,0,0,0,0,0
9440,0,0,0,0,0,0
9441,0,0,0,0,0,0
9442,0,0,0,0,0,0
9443,0,0,0,0,0,0
9444,0,0,0,0,0,0
9445,0,0,0,0,0,0
9446,0,0,0,0,0,0
9447,0,0,0,0,0,0
9448,0,0,0,0,0,0
9449,0,0,0,0,0,0
9450,0,0,0,0,0,0
9451,0,0,0,0,0,0
9452,0,0,0,0,0,0
9453,0,0,0,0,0,0
9454,0,0,0,0,0,0
9455,0,0,0,0,0,0
9456,0,0,0,0,0,0
9457,0,0,0,0,0,0
9458,0,0,0,0,0,0
9459,0,0,0,0,0,0
9460,0,0,0,0,0,0
9461,0,0,0,0,0,0
9462,0,0,0,0,0,0
9463,0,0,0,0,0,0
9464,0,0,0,0,0,0
9465,0,0,0,0,0,0
9466,0,0,0,0,0,0
9467,0,0,0,0,0,0
9468,0,0,0,0,0,0
9469,0,0,0,0,0,0
9470,0,0,0,0,0,0
9471,0,0,0,0,0,0
9472,0,0,0,0,0,0
9473,0,0,0,0,0,0
9474,0,0,0,0,0,0
9475,0,0,0,0,0,0
9476,0,0,0,0,0,0
9477,0,0,0,0,0,0
9478,0,0,0,0,0,0
9479,0,0,0,0,0,0
9480,0,0,0,0,0,0
9481,0,0,0,0,0,0
9482,0,0,0,0,0,0
9483,0,0,0,0,0,0
9484,0,0,0,0,0,0
9485,0,0,0,0,0,0
9486,0,0,0,0,0,0
9487,0,0,0,0,0,0
9488,0,0,0,0,0,0
9489,0,0,0,0,0,0
9490,0,0,0,0,0,0
9491,0,0,0,0,0,0
9492,0,0,0,0,0,0
9493,0,0,0,0,0,0
9494,0,0,0,0,0,0
9495,0,0,0,0,0,0
9496,0,0,0,0,0,0
9497,0,0,0,0,0,0
9498,0,0,0,0,0,0
9499,0,0,0,0,0,0
9500,0,0,0,0,0,0
9501,0,0,0,0,0,0
9502,0,0,0,0,0,0
9503,0,0,0,0,0,0
9504,0,0,0,0,0,0
9505,0,0,0,0,0,0
9506,0,0,0,0,0,0
9507,0,0,0,0,0,0
9508,0,0,0,0,0,0
9509,0,0,0,0,0,0
9510,0,0,0,0,0,0
9511,0,0,0,0,0,0
9512,0,0,0,0,0,0
9513,0,0,0,0,0,0
9514,0,0,0,0,0,0
9515,0,0,0,0,0,0
9516,0,0,0,0,0,0
9517,0,0,0,0,0,0
9518,0,0,0,0,0,0
9519,0,0,0,0,0,0
9520,0,0,0,0,0,0
9521,0,0,0,0,0,0
9522,0,0,0,0,0,0
9523,0,0,0,0,0,0
9524,0,0,0,0,0,0
9525,0,0,0,0,0,0
9526,0,0,0,0,0,0
9527,0,0,0,0,0,0
9528,0,0,0,0,0,0
9529,0,0,0,0,0,0
9530,0,0,0,0,0,0
9531,0,0,0,0,0,0
9532,0,0,0,0,0,0
9533,0,0,0,0,0,0
9534,0,0,0,0,0,0
9535,0,0,0,0,0,0
9536,0,0,0,0,0,0
9537,0,0,0,0,0,0
9538,0,0,0,0,0,0
9539,0,0,0,0,0,0
9540,0,0,0,0,0,0
9541,0,0,0,0,0,0
9542,0,0,0,0,0,0
9543,0,0,0,0,0,0
9544,0,0,0,0,0,0
9545,0,0,0,0,0,0
9546,0,0,0,0,0,0
9547,0,0,0,0,0,0
9548,0,0,0,0,0,0
9549,0,0,0,0,0,0
9550,0,0,0,0,0,0
9551,0,0,0,0,0,0
9552,0,0,0,0,0,0
9553,0,0,0,0,0,0
9554,0,0,0,0,0,0
9555,0,0,0,0,0,0
9556,0,0,0,0,0,0
9557,0,0,0,0,0,0
9558,0,0,0,0,0,0
9559,0,0,0,0,0,0
9560,0,0,0,0,0,0
9561,0,0,0,0,0,0
9562,0,0,0,0,0,0
9563,0,0,0,0,0,0
9564,0,0,0,0,0,0
9565,0,0,0,0,0,0
9566,0,0,0,0,0,0
9567,0,0,0,0,0,0
9568,0,0,0,0,0,0
9569,0,0,0,0,0,0
9570,0,0,0,0,0,0
9571,0,0,0,0,0,0
9572,0,0,0,0,0,0
9573,0,0,0,0,0,0
9574,0,0,0,0,0,0
9575,0,0,0,0,0,0
9576,0,0,0,0,0,0
9577,0,0,0,0,0,0
9578,0,0,0,0,0,0
9579,0,0,0,0,0,0
9580,0,0,0,0,0,0
9581,0,0,0,0,0,0
9582,0,0,0,0,0,0
9583,0,0,0,0,0,0
9584,0,0,0,0,0,0
9585,0,0,0,0,0,0
9586,0,0,0,0,0,0
9587,0,0,0,0,0,0
9588,0,0,0,0,0,0
9589,0,0,0,0,0,0
9590,0,0,0,0,0,0
9591,0,0,0,0,0,0
9592,0,0,0,0,0,0
9593,0,0,0,0,0,0
9594,0,0,0,0,0,0
9595,0,0,0,0,0,0
9596,0,0,0,0,0,0
9597,0,0,0,0,0,0
9598,0,0,0,0,0,0
9599,0,0,0,0,0,0
9600,0,0,0,0,0,0
9601,0,0,0,0,0,0
9602,0,0,0,0,0,0
9603,0,0,0,0,0,0
9604,0,0,0,0,0,0
9605,0,0,0,0,0,0
9606,0,0,0,0,0,0
9607,0,0,0,0,0,0
9608,0,0,0,0,0,0
9609,0,0,0,0,0,0
9610,0,0,0,0,0,0
9611,0,0,0,0,0,0
9612,0,0,0,0,0,0
9613,0,0,0,0,0,0
9614,0,0,0,0,0,0
9615,0,0,0,0,0,0
9616,0,0,0,0,0,0
9617,0,0,0,0,0,0
9618,0,0,0,0,0,0
9619,0,0,0,0,0,0
9620,0,0,0,0,0,0
9621,0,0,0,0,0,0
9622,0,0,0,0,0,0
9623,0,0,0,0,0,0
9624,0,0,0,0,0,0
9625,0,0,0,0,0,0
9626,0,0,0,0,0,0
9627,0,0,0,0,0,0
9628,0,0,0,0,0,0
9629,0,0,0,0,0,0
9630,0,0,0,0,0,0
9631,0,0,0,0,0,0
9632,0,0,0,0,0,0
9633,0,0,0,0,0,0
9634,0,0,0,0,0,0
9635,0,0,0,0,0,0
9636,0,0,0,0,0,0
9637,0,0,0,0,0,0
9638,0,0,0,0,0,0
9639,0,0,0,0,0,0
9640,0,0,0,0,0,0
9641,0,0,0,0,0,0
9642,0,0,0,0,0,0
9643,0,0,0,0,0,0
9644,0,0,0,0,0,0
9645,0,0,0,0,0,0
9646,0,0,0,0,0,0
9647,0,0,0,0,0,0
9648,0,0,0,0,0,0
9649,0,0,0,0,0,0
9650,0,0,0,0,0,0
9651,0,0,0,0,0,0
9652,0,0,0,0,0,0
9653,0,0,0,0,0,0
9654,0,0,0,0,0,0
9655,0,0,0,0,0,0
9656,0,0,0,0,0,0
9657,0,0,0,0,0,0
9658,0,0,0,0,0,0
9659,0,0,0,0,0,0
9660,0,0,0,0,0,0
9661,0,0,0,0,0,0
9662,0,0,0,0,0,0
9663,0,0,0,0,0,0
9664,0,0,0,0,0,0
9665,0,0,0,0,0,0
9666,0,0,0,0,0,0
9667,0,0,0,0,0,0
9668,0,0,0,0,0,0
9669,0,0,0,0,0,0
9670,0,0,0,0,0,0
9671,0,0,0,0,0,0
9672,0,0,0,0,0,0
9673,0,0,0,0,0,0
9674,0,0,0,0,0,0
9675,0,0,0,0,0,0
9676,0,0,0,0,0,0
9677,0,0,0,0,0,0
9678,0,0,0,0,0,0
9679,0,0,0,0,0,0
9680,0,0,0,0,0,0
9681,0,0,0,0,0,0
9682,0,0,0,0,0,0
9683,0,0,0,0,0,0
9684,0,0,0,0,0,0
9685,0,0,0,0,0,0
9686,0,0,0,0,0,0
9687,0,0,0,0,0,0
9688,0,0,0,0,0,0
9689,0,0,0,0,0,0
9690,0,0,0,0,0,0
9691,0,0,0,0,0,0
9692,0,0,0,0,0,0
9693,0,0,0,0,0,0
9694,0,0,0,0,0,0
9695,0,0,0,0,0,0
9696,0,0,0,0,0,0
9697,0,0,0,0,0,0
9698,0,0,0,0,0,0
9699,0,0,0,0,0,0
9700,0,0,0,0,0,0
9701,0,0,0,0,0,0
9702,0,0,0,0,0,0
9703,0,0,0,0,0,0
9704,0,0,0,0,0,0
9705,0,0,0,0,0,0
9706,0,0,0,0,0,0
9707,0,0,0,0,0,0
9708,0,0,0,0,0,0
9709,0,0,0,0,0,0
9710,0,0,0,0,0,0
9711,0,0,0,0,0,0
9712,0,0,0,0,0,0
9713,0,0,0,0,0,0
9714,0,0,0,0,0,0
9715,0,0,0,0,0,0
9716,0,0,0,0,0,0
9717,0,0,0,0,0,0
9718,0,0,0,0,0,0
9719,0,0,0,0,0,0
9720,0,0,0,0,0,0
9721,0,0,0,0,0,0
9722,0,0,0,0,0,0
9723,0,0,0,0,0,0
9724,0,0,0,0,0,0
9725,0,0,0,0,0,0
9726,0,0,0,0,0,0
9727,0,0,0,0,0,0
9728,0,0,0,0,0,0
9729,0,0,0,0,0,0
9730,0,0,0,0,0,0
9731,0,0,0,0,0,0
9732,0,0,0,0,0,0
9733,0,0,0,0,0,0
9734,0,0,0,0,0,0
9735,0,0,0,0,0,0
9736,0,0,0,0,0,0
9737,0,0,0,0,0,0
9738,0,0,0,0,0,0
9739,0,0,0,0,0,0
9740,0,0,0,0,0,0
9741,0,0,0,0,0,0
9742,0,0,0,0,0,0
9743,0,0,0,0,0,0
9744,0,0,0,0,0,0
9745,0,0,0,0,0,0
9746,0,0,0,0,0,0
9747,0,0,0,0,0,0
9748,0,0,0,0,0,0
9749,0,0,0,0,0,0
9750,0,0,0,0,0,0
9751,0,0,0,0,0,0
9752,0,0,0,0,0,0
9753,0,0,0,0,0,0
9754,0,0,0,0,0,0
9755,0,0,0,0,0,0
9756,0,0,0,0,0,0
9757,0,0,0,0,0,0
9758,0,0,0,0,0,0
9759,0,0,0,0,0,0
9760,0,0,0,0,0,0
9761,0,0,0,0,0,0
9762,0,0,0,0,0,0
9763,0,0,0,0,0,0
9764,0,0,0,0,0,0
9765,0,0,0,0,0,0
9766,0,0,0,0,0,0
9767,0,0,0,0,0,0
9768,0,0,0,0,0,0
9769,0,0,0,0,0,0
9770,0,0,0,0,0,0
9771,0,0,0,0,0,0
9772,0,0,0,0,0,0
9773,0,0,0,0,0,0
9774,0,0,0,0,0,0
9775,0,0,0,0,0,0
9776,0,0,0,0,0,0
9777,0,0,0,0,0,0
9778,0,0,0,0,0,0
9779,0,0,0,0,0,0
9780,0,0,0,0,0,0
9781,0,0,0,0,0,0
9782,0,0,0,0,0,0
9783,0,0,0,0,0,0
9784,0,0,0,0,0,0
9785,0,0,0,0,0,0
9786,0,0,0,0,0,0
9787,0,0,0,0,0,0
9788,0,0,0,0,0,0
9789,0,0,0,0,0,0
9790,0,0,0,0,0,0
9791,0,0,0,0,0,0
9792,0,0,0,0,0,0
9793,0,0,0,0,0,0
9794,0,0,0,0,0,0
9795,0,0,0,0,0,0
9796,0,0,0,0,0,0
9797,0,0,0,0,0,0
9798,0,0,0,0,0,0
9799,0,0,0,0,0,0
9800,0,0,0,0,0,0
9801,0,0,0,0,0,0
9802,0,0,0,0,0,0
9803,0,0,0,0,0,0
9804,0,0,0,0,0,0
9805,0,0,0,0,0,0
9806,0,0,0,0,0,0
9807,0,0,0,0,0,0
9808,0,0,0,0,0,0
9809,0,0,0,0,0,0
9810,0,0,0,0,0,0
9811,0,0,0,0,0,0
9812,0,0,0,0,0,0
9813,0,0,0,0,0,0
9814,0,0,0,0,0,0
9815,0,0,0,0,0,0
9816,0,0,0,0,0,0
9817,0,0,0,0,0,0
9818,0,0,0,0,0,0
9819,0,0,0,0,0,0
9820,0,0,0,0,0,0
9821,0,0,0,0,0,0
9822,0,0,0,0,0,0
9823,0,0,0,0,0,0
9824,0,0,0,0,0,0
9825,0,0,0,0,0,0
9826,0,0,0,0,0,0
9827,0,0,0,0,0,0
9828,0,0,0,0,0,0
9829,0,0,0,0,0,0
9830,0,0,0,0,0,0
9831,0,0,0,0,0,0
9832,0,0,0,0,0,0
9833,0,0,0,0,0,0
9834,0,0,0,0,0,0
9835,0,0,0,0,0,0
9836,0,0,0,0,0,0
9837,0,0,0,0,0,0
9838,0,0,0,0,0,0
9839,0,0,0,0,0,0
9840,0,0,0,0,0,0
9841,0,0,0,0,0,0
9842,0,0,0,0,0,0
9843,0,0,0,0,0,0
9844,0,0,0,0,0,0
9845,0,0,0,0,0,0
9846,0,0,0,0,0,0
9847,0,0,0,0,0,0
9848,0,0,0,0,0,0
9849,0,0,0,0,0,0
9850,0,0,0,0,0,0
9851,0,0,0,0,0,0
9852,0,0,0,0,0,0
9853,0,0,0,0,0,0
9854,0,0,0,0,0,0
9855,0,0,0,0,0,0
9856,0,0,0,0,0,0
9857,0,0,0,0,0,0
9858,0,0,0,0,0,0
9859,0,0,0,0,0,0
9860,0,0,0,0,0,0
9861,0,0,0,0,0,0
9862,0,0,0,0,0,0
9863,0,0,0,0,0,0
9864,0,0,0,0,0,0
9865,0,0,0,0,0,0
9866,0,0,0,0,0,0
9867,0,0,0,0,0,0
9868,0,0,0,0,0,0
9869,0,0,0,0,0,0
9870,0,0,0,0,0,0
9871,0,0,0,0,0,0
9872,0,0,0,0,0,0
9873,0,0,0,0,0,0
9874,0,0,0,0,0,0
9875,0,0,0,0,0,0
9876,0,0,0,0,0,0
9877,0,0,0,0,0,0
9878,0,0,0,0,0,0
9879,0,0,0,0,0,0
9880,0,0,0,0,0,0
